-- phpMyAdmin SQL Dump
-- version 4.6.5.2
-- https://www.phpmyadmin.net/
--
-- Host: 127.0.0.1
-- Generation Time: 2017-04-08 17:55:17
-- 服务器版本： 10.1.21-MariaDB
-- PHP Version: 5.6.30

SET SQL_MODE = "NO_AUTO_VALUE_ON_ZERO";
SET time_zone = "+00:00";


/*!40101 SET @OLD_CHARACTER_SET_CLIENT=@@CHARACTER_SET_CLIENT */;
/*!40101 SET @OLD_CHARACTER_SET_RESULTS=@@CHARACTER_SET_RESULTS */;
/*!40101 SET @OLD_COLLATION_CONNECTION=@@COLLATION_CONNECTION */;
/*!40101 SET NAMES utf8mb4 */;

--
-- Database: `focusdata`
--

DELIMITER $$
--
-- 存储过程
--
CREATE DEFINER=`root`@`localhost` PROCEDURE `sp_get7daysTimeslots` (IN `dateIN` DATE, IN `suburbIN` VARCHAR(50), IN `postcodeIN` VARCHAR(50), IN `stateIN` VARCHAR(50), IN `doctorTypeIN` VARCHAR(50), IN `clinicNameIN` VARCHAR(100), IN `doctorNameIN` VARCHAR(100), IN `doctorIDIN` VARCHAR(50), IN `clinicIDIN` VARCHAR(50))  READS SQL DATA
BEGIN 
  IF ( DATEIN >= DATE_ADD(CURRENT_DATE(),INTERVAL 4 DAY) ) THEN
    SELECT t1.APPOINTMENT_DATE, 
           t1.DOCTOR_ID, 
           t2.DOCTOR_PHOTO, 
           t2.DOCTOR_NAME,
           t2.DOCTOR_INFO,
           t8.LANGUAGE_NAME,
           t3.CLINIC_USER_ID,
           t4.CLINIC_PHOTO,
           t4.CLINIC_NAME, 
           t4.CLINIC_ADDR, 
           t4.CLINIC_SUBURB, 
           t4.CLINIC_LAT,
           t4.CLINIC_LNG,
           t4.CLINIC_OVERVIEW,
           t5.STATE_NAME, 
           t1.APPOINTMENT_TIME 
    FROM   fd_rel_doctor_appointment_time t1 
           LEFT JOIN fd_doctor t2 
                  ON t1.DOCTOR_ID = t2.DOCTOR_ID 
           LEFT JOIN fd_rel_clinic_doctor t3 
                  ON t2.DOCTOR_ID = t3.DOCTOR_ID 
           LEFT JOIN fd_clinic_user t4 
                  ON t3.CLINIC_USER_ID = t4.CLINIC_USER_ID 
           LEFT JOIN fd_dict_state t5 
                  ON t4.STATE_ID = t5.STATE_ID 
           LEFT JOIN (
		   select t6.DOCTOR_ID,GROUP_CONCAT(t7.LANGUAGE_NAME  SEPARATOR ',') as LANGUAGE_NAME from
fd_rel_doctor_language as t6 left join fd_dict_language as t7 on t6.LANGUAGE_ID = t7.LANGUAGE_ID
group by t6.DOCTOR_ID
		   ) t8
           ON t1.DOCTOR_ID = t8.DOCTOR_ID
    WHERE  t1.ACTIVE_STATUS = 1 
           AND t1.APPOINTMENT_DATE >= DATE_SUB(DATEIN,INTERVAL 3 DAY)
           AND t1.APPOINTMENT_DATE <= DATE_ADD(DATEIN,INTERVAL 3 DAY)
           AND CONCAT(t1.APPOINTMENT_DATE, ' ', t1.APPOINTMENT_TIME) > Now() 
           AND ( t5.STATE_NAME = STATEIN 
                  OR STATEIN = '' ) 
           AND ( t4.CLINIC_SUBURB = SUBURBIN 
                  OR SUBURBIN = '' ) 
           AND ( t4.CLINIC_POSTCODE = POSTCODEIN 
                  OR POSTCODEIN = '' ) 
           AND ( t2.DOCTOR_TYPE = DOCTORTYPEIN 
                  OR DOCTORTYPEIN = '' ) 
           AND ( t4.CLINIC_NAME = CLINICNAMEIN 
                  OR CLINICNAMEIN = '' ) 
           AND ( t2.DOCTOR_NAME like CONCAT('%', DOCTORNAMEIN, '%')
                  OR DOCTORNAMEIN = '' ) 
           AND ( t1.DOCTOR_ID = DOCTORIDIN
                OR DOCTORIDIN='')
           AND ( t3.CLINIC_USER_ID = CLINICIDIN
                OR CLINICIDIN='')
    ORDER BY t1.APPOINTMENT_DATE asc, 
              t1.DOCTOR_ID asc, 
              t1.APPOINTMENT_TIME asc; 
  ELSE 
    SELECT t1.APPOINTMENT_DATE, 
           t1.DOCTOR_ID, 
           t2.DOCTOR_PHOTO, 
           t2.DOCTOR_NAME,
           t2.DOCTOR_INFO,
           t8.LANGUAGE_NAME,
           t3.CLINIC_USER_ID,
           t4.CLINIC_PHOTO,
           t4.CLINIC_NAME, 
           t4.CLINIC_ADDR, 
           t4.CLINIC_SUBURB, 
           t4.CLINIC_LAT,
           t4.CLINIC_LNG,
           t4.CLINIC_OVERVIEW,
           t5.STATE_NAME, 
           t1.APPOINTMENT_TIME 
    FROM   fd_rel_doctor_appointment_time t1 
           LEFT JOIN fd_doctor t2 
                  ON t1.DOCTOR_ID = t2.DOCTOR_ID 
           LEFT JOIN fd_rel_clinic_doctor t3 
                  ON t2.DOCTOR_ID = t3.DOCTOR_ID 
           LEFT JOIN fd_clinic_user t4 
                  ON t3.CLINIC_USER_ID = t4.CLINIC_USER_ID 
           LEFT JOIN fd_dict_state t5 
                  ON t4.STATE_ID = t5.STATE_ID
           LEFT JOIN (
		   select t6.DOCTOR_ID,GROUP_CONCAT(t7.LANGUAGE_NAME  SEPARATOR ',') as LANGUAGE_NAME from
fd_rel_doctor_language as t6 left join fd_dict_language as t7 on t6.LANGUAGE_ID = t7.LANGUAGE_ID
group by t6.DOCTOR_ID
		   ) t8
           ON t1.DOCTOR_ID = t8.DOCTOR_ID
    WHERE  t1.ACTIVE_STATUS = 1 
           AND t1.APPOINTMENT_DATE >= CURRENT_DATE() 
           AND t1.APPOINTMENT_DATE <= DATE_ADD(DATEIN,INTERVAL 6 DAY)
           AND CONCAT(t1.APPOINTMENT_DATE, ' ', t1.APPOINTMENT_TIME) > Now() 
           AND ( t5.STATE_NAME = STATEIN 
                  OR STATEIN = '' ) 
           AND ( t4.CLINIC_SUBURB = SUBURBIN 
                  OR SUBURBIN = '' ) 
           AND ( t4.CLINIC_POSTCODE = POSTCODEIN 
                  OR POSTCODEIN = '' ) 
           AND ( t2.DOCTOR_TYPE = DOCTORTYPEIN 
                  OR DOCTORTYPEIN = '' ) 
           AND ( t4.CLINIC_NAME = CLINICNAMEIN 
                  OR CLINICNAMEIN = '' ) 
           AND ( t2.DOCTOR_NAME like CONCAT('%', DOCTORNAMEIN, '%') 
                  OR DOCTORNAMEIN = '' ) 
           AND ( t1.DOCTOR_ID = DOCTORIDIN
                OR DOCTORIDIN='')
           AND ( t3.CLINIC_USER_ID = CLINICIDIN
                OR CLINICIDIN='')
    ORDER BY t1.APPOINTMENT_DATE asc, 
              t1.DOCTOR_ID asc, 
              t1.APPOINTMENT_TIME asc; 
  END IF; 
  
END$$

DELIMITER ;

-- --------------------------------------------------------

--
-- 表的结构 `ap_patient`
--

CREATE TABLE `ap_patient` (
  `id` int(11) NOT NULL,
  `CUSTOMER_USER_ID` int(11) NOT NULL,
  `title` varchar(50) NOT NULL,
  `first_name` varchar(50) NOT NULL,
  `last_name` varchar(50) NOT NULL,
  `gender` varchar(50) NOT NULL,
  `dob` varchar(50) NOT NULL,
  `email` varchar(50) NOT NULL,
  `phone_mobile` varchar(50) NOT NULL,
  `medicare_no` varchar(50) NOT NULL,
  `medicare_ref` varchar(50) NOT NULL,
  `CREATE_USER` varchar(50) NOT NULL,
  `CREATE_DATE` datetime NOT NULL,
  `UPDATE_USER` varchar(50) NOT NULL,
  `UPDATE_DATE` datetime NOT NULL
) ENGINE=InnoDB DEFAULT CHARSET=utf8;

--
-- 转存表中的数据 `ap_patient`
--

INSERT INTO `ap_patient` (`id`, `CUSTOMER_USER_ID`, `title`, `first_name`, `last_name`, `gender`, `dob`, `email`, `phone_mobile`, `medicare_no`, `medicare_ref`, `CREATE_USER`, `CREATE_DATE`, `UPDATE_USER`, `UPDATE_DATE`) VALUES
(22, 184, 'Mr', 'x', 'x', 'M', '11/11/1983', 'fudanyinxin@gmail.com', '0412341234', '1231231231', '1', 'fudanyinxin@gmail.com', '2016-10-03 18:42:22', '', '0000-00-00 00:00:00'),
(23, 187, 'Mr', 'xin', 'yin', 'M', '11/11/1983', 'fudanyinxin@gmail.com', '0412341234', '1231231231', '1', 'fudanyinxin@gmail.com', '2016-12-02 09:59:13', '', '0000-00-00 00:00:00'),
(24, 205, 'Miss', '1555', '1', 'F', '1999-11-11', '2@2.com', '0412341234', '1231231231', '1', '2@2.com', '2016-12-26 13:34:04', '2@2.com', '2016-12-26 13:41:26');

-- --------------------------------------------------------

--
-- 表的结构 `fd_admin`
--

CREATE TABLE `fd_admin` (
  `ADMIN_ID` int(11) NOT NULL,
  `ADMIN_NAME` varchar(50) NOT NULL,
  `ADMIN_PWD` varchar(50) NOT NULL,
  `CREATE_USER` varchar(50) NOT NULL,
  `CREATE_DATE` datetime NOT NULL,
  `UPDATE_USER` varchar(50) NOT NULL,
  `UPDATE_DATE` datetime NOT NULL
) ENGINE=InnoDB DEFAULT CHARSET=utf8;

--
-- 转存表中的数据 `fd_admin`
--

INSERT INTO `fd_admin` (`ADMIN_ID`, `ADMIN_NAME`, `ADMIN_PWD`, `CREATE_USER`, `CREATE_DATE`, `UPDATE_USER`, `UPDATE_DATE`) VALUES
(1, 'admin', '21232f297a57a5a743894a0e4a801fc3', '', '0000-00-00 00:00:00', 'admin', '2016-09-24 17:53:48');

-- --------------------------------------------------------

--
-- 表的结构 `fd_clinic_user`
--

CREATE TABLE `fd_clinic_user` (
  `CLINIC_USER_ID` int(11) NOT NULL,
  `CLINIC_USER_PWD` varchar(50) NOT NULL,
  `CLINIC_USER_MAIL` varchar(50) NOT NULL,
  `CLINIC_NAME` varchar(200) NOT NULL,
  `CLINIC_PHOTO` varchar(200) NOT NULL,
  `CLINIC_ADDR` varchar(200) NOT NULL,
  `CLINIC_POSTCODE` varchar(50) NOT NULL,
  `CLINIC_SUBURB` varchar(50) NOT NULL,
  `CLINIC_LAT` varchar(20) NOT NULL,
  `CLINIC_LNG` varchar(20) NOT NULL,
  `STATE_ID` int(11) NOT NULL,
  `ACTIVE_STATUS` int(11) DEFAULT '1',
  `CLINIC_OVERVIEW` varchar(5000) DEFAULT NULL,
  `CREATE_USER` varchar(50) NOT NULL,
  `CREATE_DATE` datetime NOT NULL,
  `UPDATE_USER` varchar(50) NOT NULL,
  `UPDATE_DATE` datetime NOT NULL
) ENGINE=InnoDB DEFAULT CHARSET=utf8;

--
-- 转存表中的数据 `fd_clinic_user`
--

INSERT INTO `fd_clinic_user` (`CLINIC_USER_ID`, `CLINIC_USER_PWD`, `CLINIC_USER_MAIL`, `CLINIC_NAME`, `CLINIC_PHOTO`, `CLINIC_ADDR`, `CLINIC_POSTCODE`, `CLINIC_SUBURB`, `CLINIC_LAT`, `CLINIC_LNG`, `STATE_ID`, `ACTIVE_STATUS`, `CLINIC_OVERVIEW`, `CREATE_USER`, `CREATE_DATE`, `UPDATE_USER`, `UPDATE_DATE`) VALUES
(1, '89634c352f3a1dc151e8cd19a859f27a', 'bencaotang@gmail.com', 'Box Hill Superclinic', '1111.jpg', '810 Whitehorse Road', '3127', 'Box Hill', '-37.8174219', '145.11538080000003', 7, 1, 'The planet Mars, I scarcely need remind the reader, re- volves about the sun at a mean distance of 140,000,000 miles, and the light and heat it receives from the sun is barely half of that received by this world. It must be, if the nebular hypothesis has any truth, older than our world; and long before this earth ceased to be molten, life upon its surface must have begun its course. The fact that it is scarcely one seventh of the volume of the earth must have accelerated its cooling to the temperature at which life could begin. It has air and water and all that is necessary for the support of animated existence.', 'bencaotang@gmail.com', '2017-01-23 08:37:39', 'bencaotang@gmail.com', '2017-04-08 13:46:01'),
(2, '25ccd325869097a683e3466ffcaf31cf', 'baozhilin@gmail.com', 'Box Hill Medical Centre', 'test_baozhilin.jpg', '528 Station Street', '3128', 'Box Hill', '-37.8217264', '145.1234872', 7, 1, '从小习武卖药的黄飞鸿在父亲黄麒英的影响下，不仅武功高强，医术也很是了得。[1]  1882年，也就是黄飞鸿35岁那年，因治好了黑旗军首领刘永福多年的脚疾，被赠予“医艺精通”的木匾，加上武艺精湛，深得刘永福赏识，特聘请他为军医官和福字军技击总教练。\r\n1886年，由于父亲去世，黄飞鸿继承了父亲在广州仁安街的跌打医馆，这就是他一生中行医济世、广收门徒的重要场所 “宝芝林”。\r\n\r\n宝芝林是取宝剑出鞘，芝草成林之意，然而黄飞鸿并没有看到芝草成林的那一天。1924年8月，广州国民政府镇压商团暴乱，“宝芝林”受到牵连而被烧毁。经营了数十年的宝芝林就这样付之一炬。这是2001年佛山市政府为了纪念黄飞鸿的医学武德专门修建的黄飞鸿纪念馆，馆内力求还原黄飞鸿当年在“宝芝林”行医治病的原貌。这一位正在取药的文弱女子就是影片中经常被戏说的十三姨——莫桂兰。', 'baozhilin@gmail.com', '2017-01-20 13:16:46', 'baozhilin@gmail.com', '2017-04-08 16:08:39'),
(3, 'fef7a0536578a077d04989b3c8f98dbd', 'jingwumen@gmail.com', 'Box Hill Mall Medical Centre', 'test_huotingen.jpg', '8 Market Street', '3128', 'Box Hill', '-37.8183494', '145.12197179999998', 7, 1, '民国初年的上海，黑道纵横，群雄割踞，列强更是虎视眈眈，十里洋场的奢华背后却蕴藏着一幕幕传奇，那是属于英雄的年代……\r\n精武门\r\n精武门\r\n武学宗师霍元甲（高雄饰）在上海设馆授徒，机缘巧合下解救是得初入黑帮的陈真（甄子丹饰）\r\n陈真的黑道身份却为平静的精武门带来了巨大变数……\r\n中日之战如箭在弦，国内反日情绪高涨，元甲屡次破坏日本侵华之阴谋，后更被日本军阀设计毒杀，陈真与众同门为保卫精武门与日本人奋起周旋，以大无畏的精神唤醒沉睡的国人……', 'jingwumen@gmail.com', '2017-01-20 13:18:09', 'jingwumen@gmail.com', '2017-04-08 16:39:37');

-- --------------------------------------------------------

--
-- 表的结构 `fd_customer_user`
--

CREATE TABLE `fd_customer_user` (
  `CUSTOMER_USER_ID` int(11) NOT NULL,
  `CUSTOMER_USER_PWD` varchar(50) NOT NULL,
  `CUSTOMER_USER_MAIL` varchar(50) NOT NULL,
  `CUSTOMER_FIRSTNAME` varchar(50) NOT NULL,
  `CUSTOMER_LASTNAME` varchar(50) NOT NULL,
  `TITLE_ID` int(11) NOT NULL,
  `GENDER_ID` int(11) NOT NULL,
  `CUSTOMER_BIRTHDAY` varchar(50) NOT NULL,
  `CUSTOMER_ADDR` varchar(200) NOT NULL,
  `CUSTOMER_POSTCODE` varchar(50) NOT NULL,
  `CUSTOMER_SUBURB` varchar(50) NOT NULL,
  `CUSTOMER_LAT` varchar(20) NOT NULL,
  `CUSTOMER_LNG` varchar(20) NOT NULL,
  `STATE_ID` int(11) NOT NULL,
  `CUSTOMER_PHONE_NO` varchar(50) NOT NULL,
  `MEDICAL_CARD_NO` varchar(50) NOT NULL,
  `ACTIVE_STATUS` int(11) NOT NULL DEFAULT '1',
  `NOTE` varchar(200) NOT NULL,
  `CREATE_USER` varchar(50) NOT NULL,
  `CREATE_DATE` datetime NOT NULL,
  `UPDATE_USER` varchar(50) NOT NULL,
  `UPDATE_DATE` datetime NOT NULL
) ENGINE=InnoDB DEFAULT CHARSET=utf8;

--
-- 转存表中的数据 `fd_customer_user`
--

INSERT INTO `fd_customer_user` (`CUSTOMER_USER_ID`, `CUSTOMER_USER_PWD`, `CUSTOMER_USER_MAIL`, `CUSTOMER_FIRSTNAME`, `CUSTOMER_LASTNAME`, `TITLE_ID`, `GENDER_ID`, `CUSTOMER_BIRTHDAY`, `CUSTOMER_ADDR`, `CUSTOMER_POSTCODE`, `CUSTOMER_SUBURB`, `CUSTOMER_LAT`, `CUSTOMER_LNG`, `STATE_ID`, `CUSTOMER_PHONE_NO`, `MEDICAL_CARD_NO`, `ACTIVE_STATUS`, `NOTE`, `CREATE_USER`, `CREATE_DATE`, `UPDATE_USER`, `UPDATE_DATE`) VALUES
(207, '098f6bcd4621d373cade4e832627b4f6', 'test@gmail.com', 'test', 'test', 0, 0, '11/11/1983', '1 Whitehorse Road', '3128', 'Box Hill', '', '', 7, '0412341234', '1231231231', 1, '', 'test@gmail.com', '2017-01-23 09:51:38', 'test@gmail.com', '2017-01-23 09:51:38');

-- --------------------------------------------------------

--
-- 表的结构 `fd_dict_appointment_status`
--

CREATE TABLE `fd_dict_appointment_status` (
  `APPOINTMENT_STATUS_ID` int(11) NOT NULL,
  `APPOINTMENT_STATUS` varchar(50) NOT NULL
) ENGINE=InnoDB DEFAULT CHARSET=utf8;

--
-- 转存表中的数据 `fd_dict_appointment_status`
--

INSERT INTO `fd_dict_appointment_status` (`APPOINTMENT_STATUS_ID`, `APPOINTMENT_STATUS`) VALUES
(1, 'Booked'),
(2, 'Cancelled'),
(3, 'Check in'),
(4, 'No show');

-- --------------------------------------------------------

--
-- 表的结构 `fd_dict_gender_ch`
--

CREATE TABLE `fd_dict_gender_ch` (
  `GENDER_ID` int(11) NOT NULL,
  `GENDER_NAME` varchar(50) NOT NULL
) ENGINE=InnoDB DEFAULT CHARSET=utf8;

--
-- 转存表中的数据 `fd_dict_gender_ch`
--

INSERT INTO `fd_dict_gender_ch` (`GENDER_ID`, `GENDER_NAME`) VALUES
(0, '女'),
(1, '男');

-- --------------------------------------------------------

--
-- 表的结构 `fd_dict_gender_en`
--

CREATE TABLE `fd_dict_gender_en` (
  `GENDER_ID` int(11) NOT NULL,
  `GENDER_NAME` varchar(50) NOT NULL
) ENGINE=InnoDB DEFAULT CHARSET=utf8;

--
-- 转存表中的数据 `fd_dict_gender_en`
--

INSERT INTO `fd_dict_gender_en` (`GENDER_ID`, `GENDER_NAME`) VALUES
(0, 'Female'),
(1, 'Male');

-- --------------------------------------------------------

--
-- 表的结构 `fd_dict_language`
--

CREATE TABLE `fd_dict_language` (
  `LANGUAGE_ID` int(11) NOT NULL,
  `LANGUAGE_NAME` varchar(20) NOT NULL
) ENGINE=InnoDB DEFAULT CHARSET=latin1;

--
-- 转存表中的数据 `fd_dict_language`
--

INSERT INTO `fd_dict_language` (`LANGUAGE_ID`, `LANGUAGE_NAME`) VALUES
(0, 'English'),
(1, 'Chinese'),
(2, 'Spanish'),
(3, 'Arabic');

-- --------------------------------------------------------

--
-- 表的结构 `fd_dict_log_type`
--

CREATE TABLE `fd_dict_log_type` (
  `LOG_TYPE_ID` int(11) NOT NULL,
  `LOG_TYPE` varchar(50) NOT NULL
) ENGINE=InnoDB DEFAULT CHARSET=utf8;

-- --------------------------------------------------------

--
-- 表的结构 `fd_dict_search`
--

CREATE TABLE `fd_dict_search` (
  `SEARCH_ID` int(11) NOT NULL,
  `SEARCH_CONTENT` varchar(50) NOT NULL
) ENGINE=InnoDB DEFAULT CHARSET=utf8;

--
-- 转存表中的数据 `fd_dict_search`
--

INSERT INTO `fd_dict_search` (`SEARCH_ID`, `SEARCH_CONTENT`) VALUES
(1, '诊所区域'),
(2, '诊所名称'),
(3, '医生类别'),
(4, '医生姓名'),
(5, '预约时间'),
(6, '医生距离');

-- --------------------------------------------------------

--
-- 表的结构 `fd_dict_state`
--

CREATE TABLE `fd_dict_state` (
  `STATE_ID` int(11) NOT NULL,
  `STATE_NAME` varchar(50) NOT NULL,
  `STATE_POSTCODE` varchar(50) NOT NULL
) ENGINE=InnoDB DEFAULT CHARSET=utf8;

--
-- 转存表中的数据 `fd_dict_state`
--

INSERT INTO `fd_dict_state` (`STATE_ID`, `STATE_NAME`, `STATE_POSTCODE`) VALUES
(1, 'QLD', ''),
(2, 'NSW', ''),
(3, 'ACT', ''),
(4, 'NT', ''),
(5, 'SA', ''),
(6, 'TAS', ''),
(7, 'VIC', ''),
(8, 'WA', '');

-- --------------------------------------------------------

--
-- 表的结构 `fd_dict_title`
--

CREATE TABLE `fd_dict_title` (
  `TITLE_ID` int(11) NOT NULL,
  `TITLE_NAME` varchar(50) NOT NULL
) ENGINE=InnoDB DEFAULT CHARSET=utf8;

--
-- 转存表中的数据 `fd_dict_title`
--

INSERT INTO `fd_dict_title` (`TITLE_ID`, `TITLE_NAME`) VALUES
(0, 'Mr'),
(1, 'Mrs'),
(2, 'Ms'),
(3, 'Miss'),
(4, 'Master'),
(5, 'Dr');

-- --------------------------------------------------------

--
-- 表的结构 `fd_doctor`
--

CREATE TABLE `fd_doctor` (
  `DOCTOR_ID` int(11) NOT NULL,
  `DOCTOR_TYPE` varchar(50) NOT NULL,
  `DOCTOR_NAME` varchar(50) NOT NULL,
  `DOCTOR_GENDER` varchar(50) NOT NULL,
  `ACTIVE_STATUS` int(11) NOT NULL,
  `DOCTOR_PHOTO` varchar(200) NOT NULL,
  `DOCTOR_INFO` varchar(5000) NOT NULL,
  `NOTE` varchar(200) NOT NULL,
  `DOCTOR_ID_IMPORT` int(11) NOT NULL,
  `CREATE_USER` varchar(50) NOT NULL,
  `CREATE_DATE` datetime NOT NULL,
  `UPDATE_USER` varchar(50) NOT NULL,
  `UPDATE_DATE` datetime NOT NULL
) ENGINE=InnoDB DEFAULT CHARSET=utf8;

--
-- 转存表中的数据 `fd_doctor`
--

INSERT INTO `fd_doctor` (`DOCTOR_ID`, `DOCTOR_TYPE`, `DOCTOR_NAME`, `DOCTOR_GENDER`, `ACTIVE_STATUS`, `DOCTOR_PHOTO`, `DOCTOR_INFO`, `NOTE`, `DOCTOR_ID_IMPORT`, `CREATE_USER`, `CREATE_DATE`, `UPDATE_USER`, `UPDATE_DATE`) VALUES
(1, 'GP', 'JohnDoe', '0', 1, 'test.jpg', '', '', 0, '', '0000-00-00 00:00:00', '', '0000-00-00 00:00:00'),
(2, 'GP', 'Frank Underwood', '', 1, 'test_bianque.jpg', '', '', 0, '', '0000-00-00 00:00:00', '', '0000-00-00 00:00:00'),
(3, 'GP', 'Cal Lightman', '', 1, 'test_lishizhen.jpg', '', '', 0, '', '0000-00-00 00:00:00', '', '0000-00-00 00:00:00'),
(4, 'GP', 'Roy Brench', '', 1, 'test_huangfeihong.jpg', '', '', 0, '', '0000-00-00 00:00:00', '', '0000-00-00 00:00:00'),
(5, 'GP', 'Gillian Foster', '', 1, 'test_shisanyi.jpg', '', '', 0, '', '0000-00-00 00:00:00', '', '0000-00-00 00:00:00'),
(6, 'GP', 'Ria Torres', '', 1, 'test_linshirong.jpg', '', '', 0, '', '0000-00-00 00:00:00', '', '0000-00-00 00:00:00'),
(7, 'GP', 'JaneBob', '0', 1, 'test_huoyuanjia.jpg', 'vvfasfasfasdfasdfasdfsdfasdfasdffasdfasdf', '', 6, '', '0000-00-00 00:00:00', '', '0000-00-00 00:00:00'),
(8, 'GP', 'MauriceMoss', '0', 1, 'test_chenzhen.jpg', '', '', 0, '', '0000-00-00 00:00:00', '', '0000-00-00 00:00:00'),
(9, 'GP', 'DouglasReynholm', '0', 1, 'test_huotingen.jpg', '', '', 6, '', '0000-00-00 00:00:00', '', '0000-00-00 00:00:00');

-- --------------------------------------------------------

--
-- 表的结构 `fd_function`
--

CREATE TABLE `fd_function` (
  `FUNCTION_ID` int(11) NOT NULL,
  `FUNCTION_CODE` varchar(50) NOT NULL,
  `FUNCTION_NAME` varchar(50) NOT NULL,
  `NOTE` varchar(200) NOT NULL,
  `CREATE_USER` varchar(50) NOT NULL,
  `CREATE_DATE` datetime NOT NULL,
  `UPDATE_USER` varchar(50) NOT NULL,
  `UPDATE_DATE` datetime NOT NULL
) ENGINE=InnoDB DEFAULT CHARSET=utf8;

-- --------------------------------------------------------

--
-- 表的结构 `fd_log`
--

CREATE TABLE `fd_log` (
  `LOG_ID` int(11) NOT NULL,
  `LOG_TYPE_ID` int(11) NOT NULL,
  `FUNCTION_ID` varchar(50) NOT NULL,
  `FUNCTION_NAME` varchar(50) NOT NULL,
  `LOG_CONTENT` varchar(200) NOT NULL,
  `CREATE_DATE` datetime NOT NULL,
  `CREATE_USER` varchar(50) NOT NULL,
  `UPDATE_USER` varchar(50) NOT NULL,
  `UPDATE_DATE` datetime NOT NULL
) ENGINE=InnoDB DEFAULT CHARSET=utf8;

-- --------------------------------------------------------

--
-- 表的结构 `fd_rel_clinic_doctor`
--

CREATE TABLE `fd_rel_clinic_doctor` (
  `CLINIC_DOCTOR_ID` int(11) NOT NULL,
  `CLINIC_USER_ID` int(11) NOT NULL,
  `DOCTOR_ID` int(11) NOT NULL,
  `CREATE_USER` varchar(50) NOT NULL,
  `CREATE_DATE` datetime NOT NULL,
  `UPDATE_USER` varchar(50) NOT NULL,
  `UPDATE_DATE` datetime NOT NULL
) ENGINE=InnoDB DEFAULT CHARSET=utf8;

--
-- 转存表中的数据 `fd_rel_clinic_doctor`
--

INSERT INTO `fd_rel_clinic_doctor` (`CLINIC_DOCTOR_ID`, `CLINIC_USER_ID`, `DOCTOR_ID`, `CREATE_USER`, `CREATE_DATE`, `UPDATE_USER`, `UPDATE_DATE`) VALUES
(1, 1, 1, 'admin', '2016-08-16 00:00:00', 'admin', '2016-08-16 00:00:00'),
(2, 1, 2, 'admin', '2016-08-16 00:00:00', 'admin', '2016-08-16 00:00:00'),
(3, 1, 3, 'admin', '2016-08-22 00:00:00', 'admin', '2016-08-22 00:00:00'),
(4, 2, 4, 'admin', '2016-08-22 00:00:00', 'admin', '2016-08-22 00:00:00'),
(12, 3, 7, 'admin', '2016-08-16 00:00:00', 'admin', '2016-08-16 00:00:00'),
(13, 3, 8, 'admin', '2016-08-16 00:00:00', 'admin', '2016-08-16 00:00:00'),
(14, 3, 9, 'admin', '2016-08-22 00:00:00', 'admin', '2016-08-22 00:00:00'),
(15, 2, 5, 'admin', '2016-08-22 00:00:00', 'admin', '2016-08-22 00:00:00'),
(16, 2, 6, 'admin', '2016-08-16 00:00:00', 'admin', '2016-08-16 00:00:00');

-- --------------------------------------------------------

--
-- 表的结构 `fd_rel_customer_appointment`
--

CREATE TABLE `fd_rel_customer_appointment` (
  `CUSTOMER_APPOINTMENT_ID` int(11) NOT NULL,
  `CUSTOMER_USER_ID` int(11) NOT NULL,
  `DOCTOR_ID` int(11) NOT NULL,
  `DOCTOR_APPOINTMENT_TIME_ID` int(11) NOT NULL,
  `APPOINTMENT_STATUS_ID` int(11) NOT NULL,
  `NOTE` varchar(200) NOT NULL,
  `CREATE_USER` varchar(50) NOT NULL,
  `CREATE_DATE` datetime NOT NULL,
  `UPDATE_USER` varchar(50) NOT NULL,
  `UPDATE_DATE` datetime NOT NULL
) ENGINE=InnoDB DEFAULT CHARSET=utf8;

--
-- 转存表中的数据 `fd_rel_customer_appointment`
--

INSERT INTO `fd_rel_customer_appointment` (`CUSTOMER_APPOINTMENT_ID`, `CUSTOMER_USER_ID`, `DOCTOR_ID`, `DOCTOR_APPOINTMENT_TIME_ID`, `APPOINTMENT_STATUS_ID`, `NOTE`, `CREATE_USER`, `CREATE_DATE`, `UPDATE_USER`, `UPDATE_DATE`) VALUES
(1, 187, 61339, 15234, 1, '', 'fudanyinxin@gmail.com', '2016-12-13 07:44:59', 'fudanyinxin@gmail.com', '2016-12-13 07:44:59'),
(2, 187, 61339, 15210, 1, '', 'fudanyinxin@gmail.com', '2016-12-13 07:50:18', 'fudanyinxin@gmail.com', '2016-12-13 07:50:18'),
(3, 187, 61339, 15205, 1, '', 'fudanyinxin@gmail.com', '2016-12-13 07:50:46', 'fudanyinxin@gmail.com', '2016-12-13 07:50:46'),
(4, 187, 61339, 15209, 1, '', 'fudanyinxin@gmail.com', '2016-12-13 07:51:29', 'fudanyinxin@gmail.com', '2016-12-13 07:51:29'),
(5, 187, 61340, 15216, 1, '', 'fudanyinxin@gmail.com', '2016-12-13 07:55:02', 'fudanyinxin@gmail.com', '2016-12-13 07:55:02'),
(6, 0, 61337, 15280, 1, '', 'shelleymyl@gmail.com', '2017-01-19 09:51:07', 'shelleymyl@gmail.com', '2017-01-19 09:51:07'),
(7, 0, 61337, 15294, 1, '', 'shelleymyl@gmail.com', '2017-01-19 09:57:22', 'shelleymyl@gmail.com', '2017-01-19 09:57:22'),
(8, 0, 9, 15800, 1, '', 'test@gmail.com', '2017-02-02 15:09:20', 'test@gmail.com', '2017-02-02 15:09:20'),
(9, 207, 9, 15814, 1, '', 'test@gmail.com', '2017-02-02 15:10:07', 'test@gmail.com', '2017-02-02 15:10:07'),
(10, 0, 9, 15804, 1, '', 'test@gmail.com', '2017-02-02 15:21:27', 'test@gmail.com', '2017-02-02 15:21:27'),
(11, 0, 9, 15814, 1, '', 'test@gmail.com', '2017-02-02 15:35:40', 'test@gmail.com', '2017-02-02 15:35:40'),
(12, 0, 9, 15801, 1, '', 'test@gmail.com', '2017-02-02 15:35:53', 'test@gmail.com', '2017-02-02 15:35:53'),
(13, 207, 9, 15801, 1, '', 'test@gmail.com', '2017-02-02 15:37:17', 'test@gmail.com', '2017-02-02 15:37:17'),
(14, 207, 9, 15800, 1, '', 'test@gmail.com', '2017-02-05 10:25:51', 'test@gmail.com', '2017-02-05 10:25:51'),
(15, 207, 9, 15802, 1, '', 'test@gmail.com', '2017-02-05 10:26:34', 'test@gmail.com', '2017-02-05 10:26:34'),
(16, 207, 1, 16295, 1, '', 'test@gmail.com', '2017-02-05 10:40:50', 'test@gmail.com', '2017-02-05 10:40:50'),
(17, 207, 1, 15890, 1, '', 'test@gmail.com', '2017-02-05 10:41:26', 'test@gmail.com', '2017-02-05 10:41:26'),
(18, 207, 2, 16296, 1, '', 'test@gmail.com', '2017-02-05 10:42:05', 'test@gmail.com', '2017-02-05 10:42:05'),
(19, 207, 3, 16306, 1, '', 'test@gmail.com', '2017-02-06 17:32:04', 'test@gmail.com', '2017-02-06 17:32:04'),
(20, 208, 1, 16564, 1, '', 't@gmail.com', '2017-02-16 21:41:57', 't@gmail.com', '2017-02-16 21:41:57'),
(21, 209, 1, 16556, 1, '', 'er@gmail.com', '2017-02-16 21:43:42', 'er@gmail.com', '2017-02-16 21:43:42'),
(22, 210, 1, 16558, 1, '', 'h@g.com', '2017-02-16 21:57:55', 'h@g.com', '2017-02-16 21:57:55'),
(23, 207, 1, 17165, 1, '', 'test@gmail.com', '2017-03-03 08:34:56', 'test@gmail.com', '2017-03-03 08:34:56'),
(24, 207, 11, 19429, 1, '', 'test@gmail.com', '2017-03-28 11:33:38', 'test@gmail.com', '2017-03-28 11:33:38'),
(25, 207, 11, 19430, 1, '', 'test@gmail.com', '2017-03-28 11:34:16', 'test@gmail.com', '2017-03-28 11:34:16');

-- --------------------------------------------------------

--
-- 表的结构 `fd_rel_customer_appointment_his`
--

CREATE TABLE `fd_rel_customer_appointment_his` (
  `CUSTOMER_APPOINTMENT_ID` int(11) NOT NULL,
  `CUSTOMER_USER_ID` int(11) NOT NULL,
  `DOCTOR_ID` int(11) NOT NULL,
  `DOCTOR_APPOINTMENT_TIME_ID` int(11) NOT NULL,
  `APPOINTMENT_STATUS_ID` varchar(50) NOT NULL,
  `OPERATOR_STATUS` varchar(50) NOT NULL,
  `NOTE` varchar(200) NOT NULL,
  `CREATE_USER` varchar(50) NOT NULL,
  `CREATE_DATE` datetime NOT NULL,
  `UPDATE_USER` varchar(50) NOT NULL,
  `UPDATE_DATE` datetime NOT NULL
) ENGINE=InnoDB DEFAULT CHARSET=utf8;

--
-- 转存表中的数据 `fd_rel_customer_appointment_his`
--

INSERT INTO `fd_rel_customer_appointment_his` (`CUSTOMER_APPOINTMENT_ID`, `CUSTOMER_USER_ID`, `DOCTOR_ID`, `DOCTOR_APPOINTMENT_TIME_ID`, `APPOINTMENT_STATUS_ID`, `OPERATOR_STATUS`, `NOTE`, `CREATE_USER`, `CREATE_DATE`, `UPDATE_USER`, `UPDATE_DATE`) VALUES
(85, 184, 1, 36, '1', 'A', '', 'fudanyinxin@gmail.com', '2016-10-03 18:42:45', 'fudanyinxin@gmail.com', '2016-10-03 18:42:45'),
(86, 184, 1, 37, '1', 'A', '', 'fudanyinxin@gmail.com', '2016-10-03 18:43:02', 'fudanyinxin@gmail.com', '2016-10-03 18:43:02'),
(87, 185, 61337, 15068, '1', 'A', '', 'kitty', '2016-11-12 07:33:36', 'kitty', '2016-11-12 07:33:36'),
(88, 186, 61337, 15130, '1', 'A', '', 'dodo', '2016-11-12 07:46:31', 'dodo', '2016-11-12 07:46:31'),
(89, 187, 61337, 15132, '1', 'A', '', 'fudanyinxin@gmail.com', '2016-12-11 06:29:43', 'fudanyinxin@gmail.com', '2016-12-11 06:29:43'),
(90, 187, 0, 15132, '1', 'A', '', 'fudanyinxin@gmail.com', '2016-12-11 06:32:26', 'fudanyinxin@gmail.com', '2016-12-11 06:32:26'),
(91, 187, 61337, 15184, '1', 'A', '', 'fudanyinxin@gmail.com', '2016-12-11 09:05:02', 'fudanyinxin@gmail.com', '2016-12-11 09:05:02'),
(92, 187, 61337, 15190, '1', 'A', '', 'fudanyinxin@gmail.com', '2016-12-11 09:06:26', 'fudanyinxin@gmail.com', '2016-12-11 09:06:26'),
(93, 187, 61337, 15198, '1', 'A', '', 'fudanyinxin@gmail.com', '2016-12-11 09:17:24', 'fudanyinxin@gmail.com', '2016-12-11 09:17:24'),
(94, 187, 61337, 15191, '1', 'A', '', 'fudanyinxin@gmail.com', '2016-12-11 09:46:33', 'fudanyinxin@gmail.com', '2016-12-11 09:46:33'),
(95, 187, 61337, 15192, '1', 'A', '', 'fudanyinxin@gmail.com', '2016-12-11 09:49:01', 'fudanyinxin@gmail.com', '2016-12-11 09:49:01'),
(96, 187, 61337, 15193, '1', 'A', '', 'fudanyinxin@gmail.com', '2016-12-11 09:49:14', 'fudanyinxin@gmail.com', '2016-12-11 09:49:14'),
(97, 187, 61337, 15194, '1', 'A', '', 'fudanyinxin@gmail.com', '2016-12-11 09:49:22', 'fudanyinxin@gmail.com', '2016-12-11 09:49:22'),
(98, 187, 61337, 15195, '1', 'A', '', 'fudanyinxin@gmail.com', '2016-12-11 09:49:33', 'fudanyinxin@gmail.com', '2016-12-11 09:49:33'),
(99, 187, 61337, 15196, '1', 'A', '', 'fudanyinxin@gmail.com', '2016-12-11 11:07:26', 'fudanyinxin@gmail.com', '2016-12-11 11:07:26'),
(100, 189, 0, 15197, '1', 'A', '', 'qwe', '2016-12-11 12:49:48', 'qwe', '2016-12-11 12:49:48'),
(101, 189, 61337, 15197, '1', 'A', '', 'qwe', '2016-12-11 12:49:51', 'qwe', '2016-12-11 12:49:51'),
(102, 190, 61339, 15187, '1', 'A', '', 'lop', '2016-12-11 12:51:40', 'lop', '2016-12-11 12:51:40'),
(103, 191, 61339, 15189, '1', 'A', '', 'dongfangbubai', '2016-12-11 12:53:36', 'dongfangbubai', '2016-12-11 12:53:36'),
(104, 191, 61337, 15134, '1', 'A', '', 'dongfangbubai', '2016-12-11 12:53:54', 'dongfangbubai', '2016-12-11 12:53:54'),
(105, 187, 61339, 15234, '1', 'A', '', 'fudanyinxin@gmail.com', '2016-12-13 07:44:59', 'fudanyinxin@gmail.com', '2016-12-13 07:44:59'),
(106, 187, 61339, 15210, '1', 'A', '', 'fudanyinxin@gmail.com', '2016-12-13 07:50:18', 'fudanyinxin@gmail.com', '2016-12-13 07:50:18'),
(107, 187, 61339, 15205, '1', 'A', '', 'fudanyinxin@gmail.com', '2016-12-13 07:50:46', 'fudanyinxin@gmail.com', '2016-12-13 07:50:46'),
(108, 187, 61339, 15209, '1', 'A', '', 'fudanyinxin@gmail.com', '2016-12-13 07:51:29', 'fudanyinxin@gmail.com', '2016-12-13 07:51:29'),
(109, 187, 61340, 15216, '1', 'A', '', 'fudanyinxin@gmail.com', '2016-12-13 07:55:02', 'fudanyinxin@gmail.com', '2016-12-13 07:55:02'),
(110, 0, 61337, 15280, '1', 'A', '', 'shelleymyl@gmail.com', '2017-01-19 09:51:07', 'shelleymyl@gmail.com', '2017-01-19 09:51:07'),
(111, 0, 61337, 15294, '1', 'A', '', 'shelleymyl@gmail.com', '2017-01-19 09:57:22', 'shelleymyl@gmail.com', '2017-01-19 09:57:22'),
(112, 0, 9, 15800, '1', 'A', '', 'test@gmail.com', '2017-02-02 15:09:20', 'test@gmail.com', '2017-02-02 15:09:20'),
(113, 0, 9, 15814, '1', 'A', '', 'test@gmail.com', '2017-02-02 15:10:07', 'test@gmail.com', '2017-02-02 15:10:07'),
(114, 0, 9, 15804, '1', 'A', '', 'test@gmail.com', '2017-02-02 15:21:27', 'test@gmail.com', '2017-02-02 15:21:27'),
(115, 0, 9, 15814, '1', 'A', '', 'test@gmail.com', '2017-02-02 15:35:40', 'test@gmail.com', '2017-02-02 15:35:40'),
(116, 0, 9, 15801, '1', 'A', '', 'test@gmail.com', '2017-02-02 15:35:53', 'test@gmail.com', '2017-02-02 15:35:53'),
(117, 207, 9, 15801, '1', 'A', '', 'test@gmail.com', '2017-02-02 15:37:17', 'test@gmail.com', '2017-02-02 15:37:17'),
(118, 207, 9, 15800, '1', 'A', '', 'test@gmail.com', '2017-02-05 10:25:51', 'test@gmail.com', '2017-02-05 10:25:51'),
(119, 207, 9, 15802, '1', 'A', '', 'test@gmail.com', '2017-02-05 10:26:34', 'test@gmail.com', '2017-02-05 10:26:34'),
(120, 207, 1, 16295, '1', 'A', '', 'test@gmail.com', '2017-02-05 10:40:50', 'test@gmail.com', '2017-02-05 10:40:50'),
(121, 207, 1, 15890, '1', 'A', '', 'test@gmail.com', '2017-02-05 10:41:26', 'test@gmail.com', '2017-02-05 10:41:26'),
(122, 207, 2, 16296, '1', 'A', '', 'test@gmail.com', '2017-02-05 10:42:05', 'test@gmail.com', '2017-02-05 10:42:05'),
(123, 207, 3, 16306, '1', 'A', '', 'test@gmail.com', '2017-02-06 17:32:04', 'test@gmail.com', '2017-02-06 17:32:04'),
(124, 208, 1, 16564, '1', 'A', '', 't@gmail.com', '2017-02-16 21:41:57', 't@gmail.com', '2017-02-16 21:41:57'),
(125, 209, 1, 16556, '1', 'A', '', 'er@gmail.com', '2017-02-16 21:43:42', 'er@gmail.com', '2017-02-16 21:43:42'),
(126, 210, 1, 16558, '1', 'A', '', 'h@g.com', '2017-02-16 21:57:55', 'h@g.com', '2017-02-16 21:57:55'),
(127, 207, 1, 17165, '1', 'A', '', 'test@gmail.com', '2017-03-03 08:34:56', 'test@gmail.com', '2017-03-03 08:34:56'),
(128, 207, 11, 19429, '1', 'A', '', 'test@gmail.com', '2017-03-28 11:33:38', 'test@gmail.com', '2017-03-28 11:33:38'),
(129, 207, 11, 19430, '1', 'A', '', 'test@gmail.com', '2017-03-28 11:34:16', 'test@gmail.com', '2017-03-28 11:34:16');

-- --------------------------------------------------------

--
-- 表的结构 `fd_rel_customer_doctor`
--

CREATE TABLE `fd_rel_customer_doctor` (
  `CUSTOMER_DOCTOR_ID` int(11) NOT NULL,
  `CUSTOMER_USER_ID` int(11) NOT NULL,
  `DOCTOR_ID` int(11) NOT NULL,
  `NOTE` varchar(200) NOT NULL,
  `CREATE_USER` varchar(50) NOT NULL,
  `CREATE_DATE` datetime NOT NULL,
  `UPDATE_USER` varchar(50) NOT NULL,
  `UPDATE_DATE` datetime NOT NULL
) ENGINE=InnoDB DEFAULT CHARSET=utf8;

--
-- 转存表中的数据 `fd_rel_customer_doctor`
--

INSERT INTO `fd_rel_customer_doctor` (`CUSTOMER_DOCTOR_ID`, `CUSTOMER_USER_ID`, `DOCTOR_ID`, `NOTE`, `CREATE_USER`, `CREATE_DATE`, `UPDATE_USER`, `UPDATE_DATE`) VALUES
(1, 187, 61338, '', 'fudanyinxin@gmail.com', '2016-12-12 15:41:43', 'fudanyinxin@gmail.com', '2016-12-12 15:41:43'),
(2, 187, 61339, '', 'fudanyinxin@gmail.com', '2016-12-12 17:49:43', 'fudanyinxin@gmail.com', '2016-12-12 17:49:43'),
(3, 187, 61337, '', 'fudanyinxin@gmail.com', '2016-12-13 04:56:19', 'fudanyinxin@gmail.com', '2016-12-13 04:56:19'),
(4, 187, 61340, '', 'fudanyinxin@gmail.com', '2016-12-13 06:03:32', 'fudanyinxin@gmail.com', '2016-12-13 06:03:32'),
(5, 0, 61338, '', 'fudanyinxin@gmail.com', '2016-12-14 07:54:12', 'fudanyinxin@gmail.com', '2016-12-14 07:54:12'),
(6, 0, 61338, '', 'fudanyinxin@gmail.com', '2016-12-14 07:54:19', 'fudanyinxin@gmail.com', '2016-12-14 07:54:19'),
(7, 207, 4, '', 'test@gmail.com', '2017-04-04 10:20:28', 'test@gmail.com', '2017-04-04 10:20:28'),
(8, 207, 1, '', 'test@gmail.com', '2017-04-04 10:34:54', 'test@gmail.com', '2017-04-04 10:34:54'),
(9, 207, 2, '', 'test@gmail.com', '2017-04-04 10:34:57', 'test@gmail.com', '2017-04-04 10:34:57');

-- --------------------------------------------------------

--
-- 表的结构 `fd_rel_doctor_appointment_time`
--

CREATE TABLE `fd_rel_doctor_appointment_time` (
  `DOCTOR_APPOINTMENT_TIME_ID` int(11) NOT NULL,
  `DOCTOR_ID` int(11) NOT NULL,
  `APPOINTMENT_DATE` date NOT NULL,
  `APPOINTMENT_TIME` time NOT NULL,
  `ACTIVE_STATUS` int(11) NOT NULL,
  `NOTE` varchar(200) NOT NULL,
  `REQUESTING_FLAG` int(11) NOT NULL,
  `REQUESTING_USER_ID` int(11) NOT NULL,
  `SUCCESSFUL_FLAG` int(11) NOT NULL,
  `CREATE_USER` varchar(50) NOT NULL,
  `CREATE_DATE` datetime NOT NULL,
  `UPDATE_USER` varchar(50) NOT NULL,
  `UPDATE_DATE` datetime NOT NULL
) ENGINE=InnoDB DEFAULT CHARSET=utf8;

--
-- 转存表中的数据 `fd_rel_doctor_appointment_time`
--

INSERT INTO `fd_rel_doctor_appointment_time` (`DOCTOR_APPOINTMENT_TIME_ID`, `DOCTOR_ID`, `APPOINTMENT_DATE`, `APPOINTMENT_TIME`, `ACTIVE_STATUS`, `NOTE`, `REQUESTING_FLAG`, `REQUESTING_USER_ID`, `SUCCESSFUL_FLAG`, `CREATE_USER`, `CREATE_DATE`, `UPDATE_USER`, `UPDATE_DATE`) VALUES
(20775, 1, '2017-04-09', '09:30:00', 1, '', 0, 0, 0, '', '0000-00-00 00:00:00', '', '0000-00-00 00:00:00'),
(20776, 1, '2017-04-09', '09:45:00', 1, '', 0, 0, 0, '', '0000-00-00 00:00:00', '', '0000-00-00 00:00:00'),
(20777, 1, '2017-04-09', '10:00:00', 1, '', 0, 0, 0, '', '0000-00-00 00:00:00', '', '0000-00-00 00:00:00'),
(20778, 1, '2017-04-09', '10:15:00', 1, '', 0, 0, 0, '', '0000-00-00 00:00:00', '', '0000-00-00 00:00:00'),
(20779, 1, '2017-04-09', '10:30:00', 1, '', 0, 0, 0, '', '0000-00-00 00:00:00', '', '0000-00-00 00:00:00'),
(20780, 1, '2017-04-09', '10:45:00', 1, '', 0, 0, 0, '', '0000-00-00 00:00:00', '', '0000-00-00 00:00:00'),
(20781, 1, '2017-04-09', '11:00:00', 1, '', 0, 0, 0, '', '0000-00-00 00:00:00', '', '0000-00-00 00:00:00'),
(20782, 1, '2017-04-09', '11:15:00', 1, '', 0, 0, 0, '', '0000-00-00 00:00:00', '', '0000-00-00 00:00:00'),
(20783, 1, '2017-04-09', '11:30:00', 1, '', 0, 0, 0, '', '0000-00-00 00:00:00', '', '0000-00-00 00:00:00'),
(20784, 2, '2017-04-09', '09:30:00', 1, '', 0, 0, 0, '', '0000-00-00 00:00:00', '', '0000-00-00 00:00:00'),
(20785, 2, '2017-04-09', '09:45:00', 1, '', 0, 0, 0, '', '0000-00-00 00:00:00', '', '0000-00-00 00:00:00'),
(20786, 2, '2017-04-09', '10:00:00', 1, '', 0, 0, 0, '', '0000-00-00 00:00:00', '', '0000-00-00 00:00:00'),
(20787, 2, '2017-04-09', '10:15:00', 1, '', 0, 0, 0, '', '0000-00-00 00:00:00', '', '0000-00-00 00:00:00'),
(20788, 2, '2017-04-09', '10:30:00', 1, '', 0, 0, 0, '', '0000-00-00 00:00:00', '', '0000-00-00 00:00:00'),
(20789, 2, '2017-04-09', '10:45:00', 1, '', 0, 0, 0, '', '0000-00-00 00:00:00', '', '0000-00-00 00:00:00'),
(20790, 2, '2017-04-09', '11:00:00', 1, '', 0, 0, 0, '', '0000-00-00 00:00:00', '', '0000-00-00 00:00:00'),
(20791, 2, '2017-04-09', '11:15:00', 1, '', 0, 0, 0, '', '0000-00-00 00:00:00', '', '0000-00-00 00:00:00'),
(20792, 2, '2017-04-09', '11:30:00', 1, '', 0, 0, 0, '', '0000-00-00 00:00:00', '', '0000-00-00 00:00:00'),
(20793, 3, '2017-04-09', '09:30:00', 1, '', 0, 0, 0, '', '0000-00-00 00:00:00', '', '0000-00-00 00:00:00'),
(20794, 3, '2017-04-09', '09:45:00', 1, '', 0, 0, 0, '', '0000-00-00 00:00:00', '', '0000-00-00 00:00:00'),
(20795, 3, '2017-04-09', '10:00:00', 1, '', 0, 0, 0, '', '0000-00-00 00:00:00', '', '0000-00-00 00:00:00'),
(20796, 3, '2017-04-09', '10:15:00', 1, '', 0, 0, 0, '', '0000-00-00 00:00:00', '', '0000-00-00 00:00:00'),
(20797, 3, '2017-04-09', '10:30:00', 1, '', 0, 0, 0, '', '0000-00-00 00:00:00', '', '0000-00-00 00:00:00'),
(20798, 3, '2017-04-09', '10:45:00', 1, '', 0, 0, 0, '', '0000-00-00 00:00:00', '', '0000-00-00 00:00:00'),
(20799, 3, '2017-04-09', '11:00:00', 1, '', 0, 0, 0, '', '0000-00-00 00:00:00', '', '0000-00-00 00:00:00'),
(20800, 3, '2017-04-09', '11:15:00', 1, '', 0, 0, 0, '', '0000-00-00 00:00:00', '', '0000-00-00 00:00:00'),
(20801, 3, '2017-04-09', '11:30:00', 1, '', 0, 0, 0, '', '0000-00-00 00:00:00', '', '0000-00-00 00:00:00'),
(20802, 4, '2017-04-09', '09:30:00', 1, '', 0, 0, 0, '', '0000-00-00 00:00:00', '', '0000-00-00 00:00:00'),
(20803, 4, '2017-04-09', '09:45:00', 1, '', 0, 0, 0, '', '0000-00-00 00:00:00', '', '0000-00-00 00:00:00'),
(20804, 4, '2017-04-09', '10:00:00', 1, '', 0, 0, 0, '', '0000-00-00 00:00:00', '', '0000-00-00 00:00:00'),
(20805, 4, '2017-04-09', '10:15:00', 1, '', 0, 0, 0, '', '0000-00-00 00:00:00', '', '0000-00-00 00:00:00'),
(20806, 4, '2017-04-09', '10:30:00', 1, '', 0, 0, 0, '', '0000-00-00 00:00:00', '', '0000-00-00 00:00:00'),
(20807, 4, '2017-04-09', '10:45:00', 1, '', 0, 0, 0, '', '0000-00-00 00:00:00', '', '0000-00-00 00:00:00'),
(20808, 4, '2017-04-09', '11:00:00', 1, '', 0, 0, 0, '', '0000-00-00 00:00:00', '', '0000-00-00 00:00:00'),
(20809, 4, '2017-04-09', '11:15:00', 1, '', 0, 0, 0, '', '0000-00-00 00:00:00', '', '0000-00-00 00:00:00'),
(20810, 4, '2017-04-09', '11:30:00', 1, '', 0, 0, 0, '', '0000-00-00 00:00:00', '', '0000-00-00 00:00:00'),
(20811, 5, '2017-04-09', '09:30:00', 1, '', 0, 0, 0, '', '0000-00-00 00:00:00', '', '0000-00-00 00:00:00'),
(20812, 5, '2017-04-09', '09:45:00', 1, '', 0, 0, 0, '', '0000-00-00 00:00:00', '', '0000-00-00 00:00:00'),
(20813, 5, '2017-04-09', '10:00:00', 1, '', 0, 0, 0, '', '0000-00-00 00:00:00', '', '0000-00-00 00:00:00'),
(20814, 5, '2017-04-09', '10:15:00', 1, '', 0, 0, 0, '', '0000-00-00 00:00:00', '', '0000-00-00 00:00:00'),
(20815, 5, '2017-04-09', '10:30:00', 1, '', 0, 0, 0, '', '0000-00-00 00:00:00', '', '0000-00-00 00:00:00'),
(20816, 5, '2017-04-09', '10:45:00', 1, '', 0, 0, 0, '', '0000-00-00 00:00:00', '', '0000-00-00 00:00:00'),
(20817, 5, '2017-04-09', '11:00:00', 1, '', 0, 0, 0, '', '0000-00-00 00:00:00', '', '0000-00-00 00:00:00'),
(20818, 5, '2017-04-09', '11:15:00', 1, '', 0, 0, 0, '', '0000-00-00 00:00:00', '', '0000-00-00 00:00:00'),
(20819, 5, '2017-04-09', '11:30:00', 1, '', 0, 0, 0, '', '0000-00-00 00:00:00', '', '0000-00-00 00:00:00'),
(20820, 6, '2017-04-09', '09:30:00', 1, '', 0, 0, 0, '', '0000-00-00 00:00:00', '', '0000-00-00 00:00:00'),
(20821, 6, '2017-04-09', '09:45:00', 1, '', 0, 0, 0, '', '0000-00-00 00:00:00', '', '0000-00-00 00:00:00'),
(20822, 6, '2017-04-09', '10:00:00', 1, '', 0, 0, 0, '', '0000-00-00 00:00:00', '', '0000-00-00 00:00:00'),
(20823, 6, '2017-04-09', '10:15:00', 1, '', 0, 0, 0, '', '0000-00-00 00:00:00', '', '0000-00-00 00:00:00'),
(20824, 6, '2017-04-09', '10:30:00', 1, '', 0, 0, 0, '', '0000-00-00 00:00:00', '', '0000-00-00 00:00:00'),
(20825, 6, '2017-04-09', '10:45:00', 1, '', 0, 0, 0, '', '0000-00-00 00:00:00', '', '0000-00-00 00:00:00'),
(20826, 6, '2017-04-09', '11:00:00', 1, '', 0, 0, 0, '', '0000-00-00 00:00:00', '', '0000-00-00 00:00:00'),
(20827, 6, '2017-04-09', '11:15:00', 1, '', 0, 0, 0, '', '0000-00-00 00:00:00', '', '0000-00-00 00:00:00'),
(20828, 6, '2017-04-09', '11:30:00', 1, '', 0, 0, 0, '', '0000-00-00 00:00:00', '', '0000-00-00 00:00:00'),
(20829, 7, '2017-04-09', '09:30:00', 1, '', 0, 0, 0, '', '0000-00-00 00:00:00', '', '0000-00-00 00:00:00'),
(20830, 7, '2017-04-09', '09:45:00', 1, '', 0, 0, 0, '', '0000-00-00 00:00:00', '', '0000-00-00 00:00:00'),
(20831, 7, '2017-04-09', '10:00:00', 1, '', 0, 0, 0, '', '0000-00-00 00:00:00', '', '0000-00-00 00:00:00'),
(20832, 7, '2017-04-09', '10:15:00', 1, '', 0, 0, 0, '', '0000-00-00 00:00:00', '', '0000-00-00 00:00:00'),
(20833, 7, '2017-04-09', '10:30:00', 1, '', 0, 0, 0, '', '0000-00-00 00:00:00', '', '0000-00-00 00:00:00'),
(20834, 7, '2017-04-09', '10:45:00', 1, '', 0, 0, 0, '', '0000-00-00 00:00:00', '', '0000-00-00 00:00:00'),
(20835, 7, '2017-04-09', '11:00:00', 1, '', 0, 0, 0, '', '0000-00-00 00:00:00', '', '0000-00-00 00:00:00'),
(20836, 7, '2017-04-09', '11:15:00', 1, '', 0, 0, 0, '', '0000-00-00 00:00:00', '', '0000-00-00 00:00:00'),
(20837, 7, '2017-04-09', '11:30:00', 1, '', 0, 0, 0, '', '0000-00-00 00:00:00', '', '0000-00-00 00:00:00'),
(20838, 8, '2017-04-09', '09:30:00', 1, '', 0, 0, 0, '', '0000-00-00 00:00:00', '', '0000-00-00 00:00:00'),
(20839, 8, '2017-04-09', '09:45:00', 1, '', 0, 0, 0, '', '0000-00-00 00:00:00', '', '0000-00-00 00:00:00'),
(20840, 8, '2017-04-09', '10:00:00', 1, '', 0, 0, 0, '', '0000-00-00 00:00:00', '', '0000-00-00 00:00:00'),
(20841, 8, '2017-04-09', '10:15:00', 1, '', 0, 0, 0, '', '0000-00-00 00:00:00', '', '0000-00-00 00:00:00'),
(20842, 8, '2017-04-09', '10:30:00', 1, '', 0, 0, 0, '', '0000-00-00 00:00:00', '', '0000-00-00 00:00:00'),
(20843, 8, '2017-04-09', '10:45:00', 1, '', 0, 0, 0, '', '0000-00-00 00:00:00', '', '0000-00-00 00:00:00'),
(20844, 8, '2017-04-09', '11:00:00', 1, '', 0, 0, 0, '', '0000-00-00 00:00:00', '', '0000-00-00 00:00:00'),
(20845, 8, '2017-04-09', '11:15:00', 1, '', 0, 0, 0, '', '0000-00-00 00:00:00', '', '0000-00-00 00:00:00'),
(20846, 8, '2017-04-09', '11:30:00', 1, '', 0, 0, 0, '', '0000-00-00 00:00:00', '', '0000-00-00 00:00:00'),
(20847, 9, '2017-04-09', '09:30:00', 1, '', 0, 0, 0, '', '0000-00-00 00:00:00', '', '0000-00-00 00:00:00'),
(20848, 9, '2017-04-09', '09:45:00', 1, '', 0, 0, 0, '', '0000-00-00 00:00:00', '', '0000-00-00 00:00:00'),
(20849, 9, '2017-04-09', '10:00:00', 1, '', 0, 0, 0, '', '0000-00-00 00:00:00', '', '0000-00-00 00:00:00'),
(20850, 9, '2017-04-09', '10:15:00', 1, '', 0, 0, 0, '', '0000-00-00 00:00:00', '', '0000-00-00 00:00:00'),
(20851, 9, '2017-04-09', '10:30:00', 1, '', 0, 0, 0, '', '0000-00-00 00:00:00', '', '0000-00-00 00:00:00'),
(20852, 9, '2017-04-09', '10:45:00', 1, '', 0, 0, 0, '', '0000-00-00 00:00:00', '', '0000-00-00 00:00:00'),
(20853, 9, '2017-04-09', '11:00:00', 1, '', 0, 0, 0, '', '0000-00-00 00:00:00', '', '0000-00-00 00:00:00'),
(20854, 9, '2017-04-09', '11:15:00', 1, '', 0, 0, 0, '', '0000-00-00 00:00:00', '', '0000-00-00 00:00:00'),
(20855, 9, '2017-04-09', '11:30:00', 1, '', 0, 0, 0, '', '0000-00-00 00:00:00', '', '0000-00-00 00:00:00'),
(20856, 1, '2017-04-10', '09:30:00', 1, '', 0, 0, 0, '', '0000-00-00 00:00:00', '', '0000-00-00 00:00:00'),
(20857, 1, '2017-04-10', '09:45:00', 1, '', 0, 0, 0, '', '0000-00-00 00:00:00', '', '0000-00-00 00:00:00'),
(20858, 1, '2017-04-10', '10:00:00', 1, '', 0, 0, 0, '', '0000-00-00 00:00:00', '', '0000-00-00 00:00:00'),
(20859, 1, '2017-04-10', '10:15:00', 1, '', 0, 0, 0, '', '0000-00-00 00:00:00', '', '0000-00-00 00:00:00'),
(20860, 1, '2017-04-10', '10:30:00', 1, '', 0, 0, 0, '', '0000-00-00 00:00:00', '', '0000-00-00 00:00:00'),
(20861, 1, '2017-04-10', '10:45:00', 1, '', 0, 0, 0, '', '0000-00-00 00:00:00', '', '0000-00-00 00:00:00'),
(20862, 1, '2017-04-10', '11:00:00', 1, '', 0, 0, 0, '', '0000-00-00 00:00:00', '', '0000-00-00 00:00:00'),
(20863, 1, '2017-04-10', '11:15:00', 1, '', 0, 0, 0, '', '0000-00-00 00:00:00', '', '0000-00-00 00:00:00'),
(20864, 1, '2017-04-10', '11:30:00', 1, '', 0, 0, 0, '', '0000-00-00 00:00:00', '', '0000-00-00 00:00:00'),
(20865, 2, '2017-04-10', '09:30:00', 1, '', 0, 0, 0, '', '0000-00-00 00:00:00', '', '0000-00-00 00:00:00'),
(20866, 2, '2017-04-10', '09:45:00', 1, '', 0, 0, 0, '', '0000-00-00 00:00:00', '', '0000-00-00 00:00:00'),
(20867, 2, '2017-04-10', '10:00:00', 1, '', 0, 0, 0, '', '0000-00-00 00:00:00', '', '0000-00-00 00:00:00'),
(20868, 2, '2017-04-10', '10:15:00', 1, '', 0, 0, 0, '', '0000-00-00 00:00:00', '', '0000-00-00 00:00:00'),
(20869, 2, '2017-04-10', '10:30:00', 1, '', 0, 0, 0, '', '0000-00-00 00:00:00', '', '0000-00-00 00:00:00'),
(20870, 2, '2017-04-10', '10:45:00', 1, '', 0, 0, 0, '', '0000-00-00 00:00:00', '', '0000-00-00 00:00:00'),
(20871, 2, '2017-04-10', '11:00:00', 1, '', 0, 0, 0, '', '0000-00-00 00:00:00', '', '0000-00-00 00:00:00'),
(20872, 2, '2017-04-10', '11:15:00', 1, '', 0, 0, 0, '', '0000-00-00 00:00:00', '', '0000-00-00 00:00:00'),
(20873, 2, '2017-04-10', '11:30:00', 1, '', 0, 0, 0, '', '0000-00-00 00:00:00', '', '0000-00-00 00:00:00'),
(20874, 3, '2017-04-10', '09:30:00', 1, '', 0, 0, 0, '', '0000-00-00 00:00:00', '', '0000-00-00 00:00:00'),
(20875, 3, '2017-04-10', '09:45:00', 1, '', 0, 0, 0, '', '0000-00-00 00:00:00', '', '0000-00-00 00:00:00'),
(20876, 3, '2017-04-10', '10:00:00', 1, '', 0, 0, 0, '', '0000-00-00 00:00:00', '', '0000-00-00 00:00:00'),
(20877, 3, '2017-04-10', '10:15:00', 1, '', 0, 0, 0, '', '0000-00-00 00:00:00', '', '0000-00-00 00:00:00'),
(20878, 3, '2017-04-10', '10:30:00', 1, '', 0, 0, 0, '', '0000-00-00 00:00:00', '', '0000-00-00 00:00:00'),
(20879, 3, '2017-04-10', '10:45:00', 1, '', 0, 0, 0, '', '0000-00-00 00:00:00', '', '0000-00-00 00:00:00'),
(20880, 3, '2017-04-10', '11:00:00', 1, '', 0, 0, 0, '', '0000-00-00 00:00:00', '', '0000-00-00 00:00:00'),
(20881, 3, '2017-04-10', '11:15:00', 1, '', 0, 0, 0, '', '0000-00-00 00:00:00', '', '0000-00-00 00:00:00'),
(20882, 3, '2017-04-10', '11:30:00', 1, '', 0, 0, 0, '', '0000-00-00 00:00:00', '', '0000-00-00 00:00:00'),
(20883, 4, '2017-04-10', '09:30:00', 1, '', 0, 0, 0, '', '0000-00-00 00:00:00', '', '0000-00-00 00:00:00'),
(20884, 4, '2017-04-10', '09:45:00', 1, '', 0, 0, 0, '', '0000-00-00 00:00:00', '', '0000-00-00 00:00:00'),
(20885, 4, '2017-04-10', '10:00:00', 1, '', 0, 0, 0, '', '0000-00-00 00:00:00', '', '0000-00-00 00:00:00'),
(20886, 4, '2017-04-10', '10:15:00', 1, '', 0, 0, 0, '', '0000-00-00 00:00:00', '', '0000-00-00 00:00:00'),
(20887, 4, '2017-04-10', '10:30:00', 1, '', 0, 0, 0, '', '0000-00-00 00:00:00', '', '0000-00-00 00:00:00'),
(20888, 4, '2017-04-10', '10:45:00', 1, '', 0, 0, 0, '', '0000-00-00 00:00:00', '', '0000-00-00 00:00:00'),
(20889, 4, '2017-04-10', '11:00:00', 1, '', 0, 0, 0, '', '0000-00-00 00:00:00', '', '0000-00-00 00:00:00'),
(20890, 4, '2017-04-10', '11:15:00', 1, '', 0, 0, 0, '', '0000-00-00 00:00:00', '', '0000-00-00 00:00:00'),
(20891, 4, '2017-04-10', '11:30:00', 1, '', 0, 0, 0, '', '0000-00-00 00:00:00', '', '0000-00-00 00:00:00'),
(20892, 5, '2017-04-10', '09:30:00', 1, '', 0, 0, 0, '', '0000-00-00 00:00:00', '', '0000-00-00 00:00:00'),
(20893, 5, '2017-04-10', '09:45:00', 1, '', 0, 0, 0, '', '0000-00-00 00:00:00', '', '0000-00-00 00:00:00'),
(20894, 5, '2017-04-10', '10:00:00', 1, '', 0, 0, 0, '', '0000-00-00 00:00:00', '', '0000-00-00 00:00:00'),
(20895, 5, '2017-04-10', '10:15:00', 1, '', 0, 0, 0, '', '0000-00-00 00:00:00', '', '0000-00-00 00:00:00'),
(20896, 5, '2017-04-10', '10:30:00', 1, '', 0, 0, 0, '', '0000-00-00 00:00:00', '', '0000-00-00 00:00:00'),
(20897, 5, '2017-04-10', '10:45:00', 1, '', 0, 0, 0, '', '0000-00-00 00:00:00', '', '0000-00-00 00:00:00'),
(20898, 5, '2017-04-10', '11:00:00', 1, '', 0, 0, 0, '', '0000-00-00 00:00:00', '', '0000-00-00 00:00:00'),
(20899, 5, '2017-04-10', '11:15:00', 1, '', 0, 0, 0, '', '0000-00-00 00:00:00', '', '0000-00-00 00:00:00'),
(20900, 5, '2017-04-10', '11:30:00', 1, '', 0, 0, 0, '', '0000-00-00 00:00:00', '', '0000-00-00 00:00:00'),
(20901, 6, '2017-04-10', '09:30:00', 1, '', 0, 0, 0, '', '0000-00-00 00:00:00', '', '0000-00-00 00:00:00'),
(20902, 6, '2017-04-10', '09:45:00', 1, '', 0, 0, 0, '', '0000-00-00 00:00:00', '', '0000-00-00 00:00:00'),
(20903, 6, '2017-04-10', '10:00:00', 1, '', 0, 0, 0, '', '0000-00-00 00:00:00', '', '0000-00-00 00:00:00'),
(20904, 6, '2017-04-10', '10:15:00', 1, '', 0, 0, 0, '', '0000-00-00 00:00:00', '', '0000-00-00 00:00:00'),
(20905, 6, '2017-04-10', '10:30:00', 1, '', 0, 0, 0, '', '0000-00-00 00:00:00', '', '0000-00-00 00:00:00'),
(20906, 6, '2017-04-10', '10:45:00', 1, '', 0, 0, 0, '', '0000-00-00 00:00:00', '', '0000-00-00 00:00:00'),
(20907, 6, '2017-04-10', '11:00:00', 1, '', 0, 0, 0, '', '0000-00-00 00:00:00', '', '0000-00-00 00:00:00'),
(20908, 6, '2017-04-10', '11:15:00', 1, '', 0, 0, 0, '', '0000-00-00 00:00:00', '', '0000-00-00 00:00:00'),
(20909, 6, '2017-04-10', '11:30:00', 1, '', 0, 0, 0, '', '0000-00-00 00:00:00', '', '0000-00-00 00:00:00'),
(20910, 7, '2017-04-10', '09:30:00', 1, '', 0, 0, 0, '', '0000-00-00 00:00:00', '', '0000-00-00 00:00:00'),
(20911, 7, '2017-04-10', '09:45:00', 1, '', 0, 0, 0, '', '0000-00-00 00:00:00', '', '0000-00-00 00:00:00'),
(20912, 7, '2017-04-10', '10:00:00', 1, '', 0, 0, 0, '', '0000-00-00 00:00:00', '', '0000-00-00 00:00:00'),
(20913, 7, '2017-04-10', '10:15:00', 1, '', 0, 0, 0, '', '0000-00-00 00:00:00', '', '0000-00-00 00:00:00'),
(20914, 7, '2017-04-10', '10:30:00', 1, '', 0, 0, 0, '', '0000-00-00 00:00:00', '', '0000-00-00 00:00:00'),
(20915, 7, '2017-04-10', '10:45:00', 1, '', 0, 0, 0, '', '0000-00-00 00:00:00', '', '0000-00-00 00:00:00'),
(20916, 7, '2017-04-10', '11:00:00', 1, '', 0, 0, 0, '', '0000-00-00 00:00:00', '', '0000-00-00 00:00:00'),
(20917, 7, '2017-04-10', '11:15:00', 1, '', 0, 0, 0, '', '0000-00-00 00:00:00', '', '0000-00-00 00:00:00'),
(20918, 7, '2017-04-10', '11:30:00', 1, '', 0, 0, 0, '', '0000-00-00 00:00:00', '', '0000-00-00 00:00:00'),
(20919, 8, '2017-04-10', '09:30:00', 1, '', 0, 0, 0, '', '0000-00-00 00:00:00', '', '0000-00-00 00:00:00'),
(20920, 8, '2017-04-10', '09:45:00', 1, '', 0, 0, 0, '', '0000-00-00 00:00:00', '', '0000-00-00 00:00:00'),
(20921, 8, '2017-04-10', '10:00:00', 1, '', 0, 0, 0, '', '0000-00-00 00:00:00', '', '0000-00-00 00:00:00'),
(20922, 8, '2017-04-10', '10:15:00', 1, '', 0, 0, 0, '', '0000-00-00 00:00:00', '', '0000-00-00 00:00:00'),
(20923, 8, '2017-04-10', '10:30:00', 1, '', 0, 0, 0, '', '0000-00-00 00:00:00', '', '0000-00-00 00:00:00'),
(20924, 8, '2017-04-10', '10:45:00', 1, '', 0, 0, 0, '', '0000-00-00 00:00:00', '', '0000-00-00 00:00:00'),
(20925, 8, '2017-04-10', '11:00:00', 1, '', 0, 0, 0, '', '0000-00-00 00:00:00', '', '0000-00-00 00:00:00'),
(20926, 8, '2017-04-10', '11:15:00', 1, '', 0, 0, 0, '', '0000-00-00 00:00:00', '', '0000-00-00 00:00:00'),
(20927, 8, '2017-04-10', '11:30:00', 1, '', 0, 0, 0, '', '0000-00-00 00:00:00', '', '0000-00-00 00:00:00'),
(20928, 9, '2017-04-10', '09:30:00', 1, '', 0, 0, 0, '', '0000-00-00 00:00:00', '', '0000-00-00 00:00:00'),
(20929, 9, '2017-04-10', '09:45:00', 1, '', 0, 0, 0, '', '0000-00-00 00:00:00', '', '0000-00-00 00:00:00'),
(20930, 9, '2017-04-10', '10:00:00', 1, '', 0, 0, 0, '', '0000-00-00 00:00:00', '', '0000-00-00 00:00:00'),
(20931, 9, '2017-04-10', '10:15:00', 1, '', 0, 0, 0, '', '0000-00-00 00:00:00', '', '0000-00-00 00:00:00'),
(20932, 9, '2017-04-10', '10:30:00', 1, '', 0, 0, 0, '', '0000-00-00 00:00:00', '', '0000-00-00 00:00:00'),
(20933, 9, '2017-04-10', '10:45:00', 1, '', 0, 0, 0, '', '0000-00-00 00:00:00', '', '0000-00-00 00:00:00'),
(20934, 9, '2017-04-10', '11:00:00', 1, '', 0, 0, 0, '', '0000-00-00 00:00:00', '', '0000-00-00 00:00:00'),
(20935, 9, '2017-04-10', '11:15:00', 1, '', 0, 0, 0, '', '0000-00-00 00:00:00', '', '0000-00-00 00:00:00'),
(20936, 9, '2017-04-10', '11:30:00', 1, '', 0, 0, 0, '', '0000-00-00 00:00:00', '', '0000-00-00 00:00:00'),
(20937, 1, '2017-04-11', '09:30:00', 1, '', 0, 0, 0, '', '0000-00-00 00:00:00', '', '0000-00-00 00:00:00'),
(20938, 1, '2017-04-11', '09:45:00', 1, '', 0, 0, 0, '', '0000-00-00 00:00:00', '', '0000-00-00 00:00:00'),
(20939, 1, '2017-04-11', '10:00:00', 1, '', 0, 0, 0, '', '0000-00-00 00:00:00', '', '0000-00-00 00:00:00'),
(20940, 1, '2017-04-11', '10:15:00', 1, '', 0, 0, 0, '', '0000-00-00 00:00:00', '', '0000-00-00 00:00:00'),
(20941, 1, '2017-04-11', '10:30:00', 1, '', 0, 0, 0, '', '0000-00-00 00:00:00', '', '0000-00-00 00:00:00'),
(20942, 1, '2017-04-11', '10:45:00', 1, '', 0, 0, 0, '', '0000-00-00 00:00:00', '', '0000-00-00 00:00:00'),
(20943, 1, '2017-04-11', '11:00:00', 1, '', 0, 0, 0, '', '0000-00-00 00:00:00', '', '0000-00-00 00:00:00'),
(20944, 1, '2017-04-11', '11:15:00', 1, '', 0, 0, 0, '', '0000-00-00 00:00:00', '', '0000-00-00 00:00:00'),
(20945, 1, '2017-04-11', '11:30:00', 1, '', 0, 0, 0, '', '0000-00-00 00:00:00', '', '0000-00-00 00:00:00'),
(20946, 2, '2017-04-11', '09:30:00', 1, '', 0, 0, 0, '', '0000-00-00 00:00:00', '', '0000-00-00 00:00:00'),
(20947, 2, '2017-04-11', '09:45:00', 1, '', 0, 0, 0, '', '0000-00-00 00:00:00', '', '0000-00-00 00:00:00'),
(20948, 2, '2017-04-11', '10:00:00', 1, '', 0, 0, 0, '', '0000-00-00 00:00:00', '', '0000-00-00 00:00:00'),
(20949, 2, '2017-04-11', '10:15:00', 1, '', 0, 0, 0, '', '0000-00-00 00:00:00', '', '0000-00-00 00:00:00'),
(20950, 2, '2017-04-11', '10:30:00', 1, '', 0, 0, 0, '', '0000-00-00 00:00:00', '', '0000-00-00 00:00:00'),
(20951, 2, '2017-04-11', '10:45:00', 1, '', 0, 0, 0, '', '0000-00-00 00:00:00', '', '0000-00-00 00:00:00'),
(20952, 2, '2017-04-11', '11:00:00', 1, '', 0, 0, 0, '', '0000-00-00 00:00:00', '', '0000-00-00 00:00:00'),
(20953, 2, '2017-04-11', '11:15:00', 1, '', 0, 0, 0, '', '0000-00-00 00:00:00', '', '0000-00-00 00:00:00'),
(20954, 2, '2017-04-11', '11:30:00', 1, '', 0, 0, 0, '', '0000-00-00 00:00:00', '', '0000-00-00 00:00:00'),
(20955, 3, '2017-04-11', '09:30:00', 1, '', 0, 0, 0, '', '0000-00-00 00:00:00', '', '0000-00-00 00:00:00'),
(20956, 3, '2017-04-11', '09:45:00', 1, '', 0, 0, 0, '', '0000-00-00 00:00:00', '', '0000-00-00 00:00:00'),
(20957, 3, '2017-04-11', '10:00:00', 1, '', 0, 0, 0, '', '0000-00-00 00:00:00', '', '0000-00-00 00:00:00'),
(20958, 3, '2017-04-11', '10:15:00', 1, '', 0, 0, 0, '', '0000-00-00 00:00:00', '', '0000-00-00 00:00:00'),
(20959, 3, '2017-04-11', '10:30:00', 1, '', 0, 0, 0, '', '0000-00-00 00:00:00', '', '0000-00-00 00:00:00'),
(20960, 3, '2017-04-11', '10:45:00', 1, '', 0, 0, 0, '', '0000-00-00 00:00:00', '', '0000-00-00 00:00:00'),
(20961, 3, '2017-04-11', '11:00:00', 1, '', 0, 0, 0, '', '0000-00-00 00:00:00', '', '0000-00-00 00:00:00'),
(20962, 3, '2017-04-11', '11:15:00', 1, '', 0, 0, 0, '', '0000-00-00 00:00:00', '', '0000-00-00 00:00:00'),
(20963, 3, '2017-04-11', '11:30:00', 1, '', 0, 0, 0, '', '0000-00-00 00:00:00', '', '0000-00-00 00:00:00'),
(20964, 4, '2017-04-11', '09:30:00', 1, '', 0, 0, 0, '', '0000-00-00 00:00:00', '', '0000-00-00 00:00:00'),
(20965, 4, '2017-04-11', '09:45:00', 1, '', 0, 0, 0, '', '0000-00-00 00:00:00', '', '0000-00-00 00:00:00'),
(20966, 4, '2017-04-11', '10:00:00', 1, '', 0, 0, 0, '', '0000-00-00 00:00:00', '', '0000-00-00 00:00:00'),
(20967, 4, '2017-04-11', '10:15:00', 1, '', 0, 0, 0, '', '0000-00-00 00:00:00', '', '0000-00-00 00:00:00'),
(20968, 4, '2017-04-11', '10:30:00', 1, '', 0, 0, 0, '', '0000-00-00 00:00:00', '', '0000-00-00 00:00:00'),
(20969, 4, '2017-04-11', '10:45:00', 1, '', 0, 0, 0, '', '0000-00-00 00:00:00', '', '0000-00-00 00:00:00'),
(20970, 4, '2017-04-11', '11:00:00', 1, '', 0, 0, 0, '', '0000-00-00 00:00:00', '', '0000-00-00 00:00:00'),
(20971, 4, '2017-04-11', '11:15:00', 1, '', 0, 0, 0, '', '0000-00-00 00:00:00', '', '0000-00-00 00:00:00'),
(20972, 4, '2017-04-11', '11:30:00', 1, '', 0, 0, 0, '', '0000-00-00 00:00:00', '', '0000-00-00 00:00:00'),
(20973, 5, '2017-04-11', '09:30:00', 1, '', 0, 0, 0, '', '0000-00-00 00:00:00', '', '0000-00-00 00:00:00'),
(20974, 5, '2017-04-11', '09:45:00', 1, '', 0, 0, 0, '', '0000-00-00 00:00:00', '', '0000-00-00 00:00:00'),
(20975, 5, '2017-04-11', '10:00:00', 1, '', 0, 0, 0, '', '0000-00-00 00:00:00', '', '0000-00-00 00:00:00'),
(20976, 5, '2017-04-11', '10:15:00', 1, '', 0, 0, 0, '', '0000-00-00 00:00:00', '', '0000-00-00 00:00:00'),
(20977, 5, '2017-04-11', '10:30:00', 1, '', 0, 0, 0, '', '0000-00-00 00:00:00', '', '0000-00-00 00:00:00'),
(20978, 5, '2017-04-11', '10:45:00', 1, '', 0, 0, 0, '', '0000-00-00 00:00:00', '', '0000-00-00 00:00:00'),
(20979, 5, '2017-04-11', '11:00:00', 1, '', 0, 0, 0, '', '0000-00-00 00:00:00', '', '0000-00-00 00:00:00'),
(20980, 5, '2017-04-11', '11:15:00', 1, '', 0, 0, 0, '', '0000-00-00 00:00:00', '', '0000-00-00 00:00:00'),
(20981, 5, '2017-04-11', '11:30:00', 1, '', 0, 0, 0, '', '0000-00-00 00:00:00', '', '0000-00-00 00:00:00'),
(20982, 6, '2017-04-11', '09:30:00', 1, '', 0, 0, 0, '', '0000-00-00 00:00:00', '', '0000-00-00 00:00:00'),
(20983, 6, '2017-04-11', '09:45:00', 1, '', 0, 0, 0, '', '0000-00-00 00:00:00', '', '0000-00-00 00:00:00'),
(20984, 6, '2017-04-11', '10:00:00', 1, '', 0, 0, 0, '', '0000-00-00 00:00:00', '', '0000-00-00 00:00:00'),
(20985, 6, '2017-04-11', '10:15:00', 1, '', 0, 0, 0, '', '0000-00-00 00:00:00', '', '0000-00-00 00:00:00'),
(20986, 6, '2017-04-11', '10:30:00', 1, '', 0, 0, 0, '', '0000-00-00 00:00:00', '', '0000-00-00 00:00:00'),
(20987, 6, '2017-04-11', '10:45:00', 1, '', 0, 0, 0, '', '0000-00-00 00:00:00', '', '0000-00-00 00:00:00'),
(20988, 6, '2017-04-11', '11:00:00', 1, '', 0, 0, 0, '', '0000-00-00 00:00:00', '', '0000-00-00 00:00:00'),
(20989, 6, '2017-04-11', '11:15:00', 1, '', 0, 0, 0, '', '0000-00-00 00:00:00', '', '0000-00-00 00:00:00'),
(20990, 6, '2017-04-11', '11:30:00', 1, '', 0, 0, 0, '', '0000-00-00 00:00:00', '', '0000-00-00 00:00:00'),
(20991, 7, '2017-04-11', '09:30:00', 1, '', 0, 0, 0, '', '0000-00-00 00:00:00', '', '0000-00-00 00:00:00'),
(20992, 7, '2017-04-11', '09:45:00', 1, '', 0, 0, 0, '', '0000-00-00 00:00:00', '', '0000-00-00 00:00:00'),
(20993, 7, '2017-04-11', '10:00:00', 1, '', 0, 0, 0, '', '0000-00-00 00:00:00', '', '0000-00-00 00:00:00'),
(20994, 7, '2017-04-11', '10:15:00', 1, '', 0, 0, 0, '', '0000-00-00 00:00:00', '', '0000-00-00 00:00:00'),
(20995, 7, '2017-04-11', '10:30:00', 1, '', 0, 0, 0, '', '0000-00-00 00:00:00', '', '0000-00-00 00:00:00'),
(20996, 7, '2017-04-11', '10:45:00', 1, '', 0, 0, 0, '', '0000-00-00 00:00:00', '', '0000-00-00 00:00:00'),
(20997, 7, '2017-04-11', '11:00:00', 1, '', 0, 0, 0, '', '0000-00-00 00:00:00', '', '0000-00-00 00:00:00'),
(20998, 7, '2017-04-11', '11:15:00', 1, '', 0, 0, 0, '', '0000-00-00 00:00:00', '', '0000-00-00 00:00:00'),
(20999, 7, '2017-04-11', '11:30:00', 1, '', 0, 0, 0, '', '0000-00-00 00:00:00', '', '0000-00-00 00:00:00'),
(21000, 8, '2017-04-11', '09:30:00', 1, '', 0, 0, 0, '', '0000-00-00 00:00:00', '', '0000-00-00 00:00:00'),
(21001, 8, '2017-04-11', '09:45:00', 1, '', 0, 0, 0, '', '0000-00-00 00:00:00', '', '0000-00-00 00:00:00'),
(21002, 8, '2017-04-11', '10:00:00', 1, '', 0, 0, 0, '', '0000-00-00 00:00:00', '', '0000-00-00 00:00:00'),
(21003, 8, '2017-04-11', '10:15:00', 1, '', 0, 0, 0, '', '0000-00-00 00:00:00', '', '0000-00-00 00:00:00'),
(21004, 8, '2017-04-11', '10:30:00', 1, '', 0, 0, 0, '', '0000-00-00 00:00:00', '', '0000-00-00 00:00:00'),
(21005, 8, '2017-04-11', '10:45:00', 1, '', 0, 0, 0, '', '0000-00-00 00:00:00', '', '0000-00-00 00:00:00'),
(21006, 8, '2017-04-11', '11:00:00', 1, '', 0, 0, 0, '', '0000-00-00 00:00:00', '', '0000-00-00 00:00:00'),
(21007, 8, '2017-04-11', '11:15:00', 1, '', 0, 0, 0, '', '0000-00-00 00:00:00', '', '0000-00-00 00:00:00'),
(21008, 8, '2017-04-11', '11:30:00', 1, '', 0, 0, 0, '', '0000-00-00 00:00:00', '', '0000-00-00 00:00:00'),
(21009, 9, '2017-04-11', '09:30:00', 1, '', 0, 0, 0, '', '0000-00-00 00:00:00', '', '0000-00-00 00:00:00'),
(21010, 9, '2017-04-11', '09:45:00', 1, '', 0, 0, 0, '', '0000-00-00 00:00:00', '', '0000-00-00 00:00:00'),
(21011, 9, '2017-04-11', '10:00:00', 1, '', 0, 0, 0, '', '0000-00-00 00:00:00', '', '0000-00-00 00:00:00'),
(21012, 9, '2017-04-11', '10:15:00', 1, '', 0, 0, 0, '', '0000-00-00 00:00:00', '', '0000-00-00 00:00:00'),
(21013, 9, '2017-04-11', '10:30:00', 1, '', 0, 0, 0, '', '0000-00-00 00:00:00', '', '0000-00-00 00:00:00'),
(21014, 9, '2017-04-11', '10:45:00', 1, '', 0, 0, 0, '', '0000-00-00 00:00:00', '', '0000-00-00 00:00:00'),
(21015, 9, '2017-04-11', '11:00:00', 1, '', 0, 0, 0, '', '0000-00-00 00:00:00', '', '0000-00-00 00:00:00'),
(21016, 9, '2017-04-11', '11:15:00', 1, '', 0, 0, 0, '', '0000-00-00 00:00:00', '', '0000-00-00 00:00:00'),
(21017, 9, '2017-04-11', '11:30:00', 1, '', 0, 0, 0, '', '0000-00-00 00:00:00', '', '0000-00-00 00:00:00'),
(21018, 1, '2017-04-12', '09:30:00', 1, '', 0, 0, 0, '', '0000-00-00 00:00:00', '', '0000-00-00 00:00:00'),
(21019, 1, '2017-04-12', '09:45:00', 1, '', 0, 0, 0, '', '0000-00-00 00:00:00', '', '0000-00-00 00:00:00'),
(21020, 1, '2017-04-12', '10:00:00', 1, '', 0, 0, 0, '', '0000-00-00 00:00:00', '', '0000-00-00 00:00:00'),
(21021, 1, '2017-04-12', '10:15:00', 1, '', 0, 0, 0, '', '0000-00-00 00:00:00', '', '0000-00-00 00:00:00'),
(21022, 1, '2017-04-12', '10:30:00', 1, '', 0, 0, 0, '', '0000-00-00 00:00:00', '', '0000-00-00 00:00:00'),
(21023, 1, '2017-04-12', '10:45:00', 1, '', 0, 0, 0, '', '0000-00-00 00:00:00', '', '0000-00-00 00:00:00'),
(21024, 1, '2017-04-12', '11:00:00', 1, '', 0, 0, 0, '', '0000-00-00 00:00:00', '', '0000-00-00 00:00:00'),
(21025, 1, '2017-04-12', '11:15:00', 1, '', 0, 0, 0, '', '0000-00-00 00:00:00', '', '0000-00-00 00:00:00'),
(21026, 1, '2017-04-12', '11:30:00', 1, '', 0, 0, 0, '', '0000-00-00 00:00:00', '', '0000-00-00 00:00:00'),
(21027, 2, '2017-04-12', '09:30:00', 1, '', 0, 0, 0, '', '0000-00-00 00:00:00', '', '0000-00-00 00:00:00'),
(21028, 2, '2017-04-12', '09:45:00', 1, '', 0, 0, 0, '', '0000-00-00 00:00:00', '', '0000-00-00 00:00:00'),
(21029, 2, '2017-04-12', '10:00:00', 1, '', 0, 0, 0, '', '0000-00-00 00:00:00', '', '0000-00-00 00:00:00'),
(21030, 2, '2017-04-12', '10:15:00', 1, '', 0, 0, 0, '', '0000-00-00 00:00:00', '', '0000-00-00 00:00:00'),
(21031, 2, '2017-04-12', '10:30:00', 1, '', 0, 0, 0, '', '0000-00-00 00:00:00', '', '0000-00-00 00:00:00'),
(21032, 2, '2017-04-12', '10:45:00', 1, '', 0, 0, 0, '', '0000-00-00 00:00:00', '', '0000-00-00 00:00:00'),
(21033, 2, '2017-04-12', '11:00:00', 1, '', 0, 0, 0, '', '0000-00-00 00:00:00', '', '0000-00-00 00:00:00'),
(21034, 2, '2017-04-12', '11:15:00', 1, '', 0, 0, 0, '', '0000-00-00 00:00:00', '', '0000-00-00 00:00:00'),
(21035, 2, '2017-04-12', '11:30:00', 1, '', 0, 0, 0, '', '0000-00-00 00:00:00', '', '0000-00-00 00:00:00'),
(21036, 3, '2017-04-12', '09:30:00', 1, '', 0, 0, 0, '', '0000-00-00 00:00:00', '', '0000-00-00 00:00:00'),
(21037, 3, '2017-04-12', '09:45:00', 1, '', 0, 0, 0, '', '0000-00-00 00:00:00', '', '0000-00-00 00:00:00'),
(21038, 3, '2017-04-12', '10:00:00', 1, '', 0, 0, 0, '', '0000-00-00 00:00:00', '', '0000-00-00 00:00:00'),
(21039, 3, '2017-04-12', '10:15:00', 1, '', 0, 0, 0, '', '0000-00-00 00:00:00', '', '0000-00-00 00:00:00'),
(21040, 3, '2017-04-12', '10:30:00', 1, '', 0, 0, 0, '', '0000-00-00 00:00:00', '', '0000-00-00 00:00:00'),
(21041, 3, '2017-04-12', '10:45:00', 1, '', 0, 0, 0, '', '0000-00-00 00:00:00', '', '0000-00-00 00:00:00'),
(21042, 3, '2017-04-12', '11:00:00', 1, '', 0, 0, 0, '', '0000-00-00 00:00:00', '', '0000-00-00 00:00:00'),
(21043, 3, '2017-04-12', '11:15:00', 1, '', 0, 0, 0, '', '0000-00-00 00:00:00', '', '0000-00-00 00:00:00'),
(21044, 3, '2017-04-12', '11:30:00', 1, '', 0, 0, 0, '', '0000-00-00 00:00:00', '', '0000-00-00 00:00:00'),
(21045, 4, '2017-04-12', '09:30:00', 1, '', 0, 0, 0, '', '0000-00-00 00:00:00', '', '0000-00-00 00:00:00'),
(21046, 4, '2017-04-12', '09:45:00', 1, '', 0, 0, 0, '', '0000-00-00 00:00:00', '', '0000-00-00 00:00:00'),
(21047, 4, '2017-04-12', '10:00:00', 1, '', 0, 0, 0, '', '0000-00-00 00:00:00', '', '0000-00-00 00:00:00'),
(21048, 4, '2017-04-12', '10:15:00', 1, '', 0, 0, 0, '', '0000-00-00 00:00:00', '', '0000-00-00 00:00:00'),
(21049, 4, '2017-04-12', '10:30:00', 1, '', 0, 0, 0, '', '0000-00-00 00:00:00', '', '0000-00-00 00:00:00'),
(21050, 4, '2017-04-12', '10:45:00', 1, '', 0, 0, 0, '', '0000-00-00 00:00:00', '', '0000-00-00 00:00:00'),
(21051, 4, '2017-04-12', '11:00:00', 1, '', 0, 0, 0, '', '0000-00-00 00:00:00', '', '0000-00-00 00:00:00'),
(21052, 4, '2017-04-12', '11:15:00', 1, '', 0, 0, 0, '', '0000-00-00 00:00:00', '', '0000-00-00 00:00:00'),
(21053, 4, '2017-04-12', '11:30:00', 1, '', 0, 0, 0, '', '0000-00-00 00:00:00', '', '0000-00-00 00:00:00'),
(21054, 5, '2017-04-12', '09:30:00', 1, '', 0, 0, 0, '', '0000-00-00 00:00:00', '', '0000-00-00 00:00:00'),
(21055, 5, '2017-04-12', '09:45:00', 1, '', 0, 0, 0, '', '0000-00-00 00:00:00', '', '0000-00-00 00:00:00'),
(21056, 5, '2017-04-12', '10:00:00', 1, '', 0, 0, 0, '', '0000-00-00 00:00:00', '', '0000-00-00 00:00:00'),
(21057, 5, '2017-04-12', '10:15:00', 1, '', 0, 0, 0, '', '0000-00-00 00:00:00', '', '0000-00-00 00:00:00'),
(21058, 5, '2017-04-12', '10:30:00', 1, '', 0, 0, 0, '', '0000-00-00 00:00:00', '', '0000-00-00 00:00:00'),
(21059, 5, '2017-04-12', '10:45:00', 1, '', 0, 0, 0, '', '0000-00-00 00:00:00', '', '0000-00-00 00:00:00'),
(21060, 5, '2017-04-12', '11:00:00', 1, '', 0, 0, 0, '', '0000-00-00 00:00:00', '', '0000-00-00 00:00:00'),
(21061, 5, '2017-04-12', '11:15:00', 1, '', 0, 0, 0, '', '0000-00-00 00:00:00', '', '0000-00-00 00:00:00'),
(21062, 5, '2017-04-12', '11:30:00', 1, '', 0, 0, 0, '', '0000-00-00 00:00:00', '', '0000-00-00 00:00:00'),
(21063, 6, '2017-04-12', '09:30:00', 1, '', 0, 0, 0, '', '0000-00-00 00:00:00', '', '0000-00-00 00:00:00'),
(21064, 6, '2017-04-12', '09:45:00', 1, '', 0, 0, 0, '', '0000-00-00 00:00:00', '', '0000-00-00 00:00:00'),
(21065, 6, '2017-04-12', '10:00:00', 1, '', 0, 0, 0, '', '0000-00-00 00:00:00', '', '0000-00-00 00:00:00'),
(21066, 6, '2017-04-12', '10:15:00', 1, '', 0, 0, 0, '', '0000-00-00 00:00:00', '', '0000-00-00 00:00:00'),
(21067, 6, '2017-04-12', '10:30:00', 1, '', 0, 0, 0, '', '0000-00-00 00:00:00', '', '0000-00-00 00:00:00'),
(21068, 6, '2017-04-12', '10:45:00', 1, '', 0, 0, 0, '', '0000-00-00 00:00:00', '', '0000-00-00 00:00:00'),
(21069, 6, '2017-04-12', '11:00:00', 1, '', 0, 0, 0, '', '0000-00-00 00:00:00', '', '0000-00-00 00:00:00'),
(21070, 6, '2017-04-12', '11:15:00', 1, '', 0, 0, 0, '', '0000-00-00 00:00:00', '', '0000-00-00 00:00:00'),
(21071, 6, '2017-04-12', '11:30:00', 1, '', 0, 0, 0, '', '0000-00-00 00:00:00', '', '0000-00-00 00:00:00'),
(21072, 7, '2017-04-12', '09:30:00', 1, '', 0, 0, 0, '', '0000-00-00 00:00:00', '', '0000-00-00 00:00:00'),
(21073, 7, '2017-04-12', '09:45:00', 1, '', 0, 0, 0, '', '0000-00-00 00:00:00', '', '0000-00-00 00:00:00'),
(21074, 7, '2017-04-12', '10:00:00', 1, '', 0, 0, 0, '', '0000-00-00 00:00:00', '', '0000-00-00 00:00:00'),
(21075, 7, '2017-04-12', '10:15:00', 1, '', 0, 0, 0, '', '0000-00-00 00:00:00', '', '0000-00-00 00:00:00'),
(21076, 7, '2017-04-12', '10:30:00', 1, '', 0, 0, 0, '', '0000-00-00 00:00:00', '', '0000-00-00 00:00:00'),
(21077, 7, '2017-04-12', '10:45:00', 1, '', 0, 0, 0, '', '0000-00-00 00:00:00', '', '0000-00-00 00:00:00'),
(21078, 7, '2017-04-12', '11:00:00', 1, '', 0, 0, 0, '', '0000-00-00 00:00:00', '', '0000-00-00 00:00:00'),
(21079, 7, '2017-04-12', '11:15:00', 1, '', 0, 0, 0, '', '0000-00-00 00:00:00', '', '0000-00-00 00:00:00'),
(21080, 7, '2017-04-12', '11:30:00', 1, '', 0, 0, 0, '', '0000-00-00 00:00:00', '', '0000-00-00 00:00:00'),
(21081, 8, '2017-04-12', '09:30:00', 1, '', 0, 0, 0, '', '0000-00-00 00:00:00', '', '0000-00-00 00:00:00'),
(21082, 8, '2017-04-12', '09:45:00', 1, '', 0, 0, 0, '', '0000-00-00 00:00:00', '', '0000-00-00 00:00:00'),
(21083, 8, '2017-04-12', '10:00:00', 1, '', 0, 0, 0, '', '0000-00-00 00:00:00', '', '0000-00-00 00:00:00'),
(21084, 8, '2017-04-12', '10:15:00', 1, '', 0, 0, 0, '', '0000-00-00 00:00:00', '', '0000-00-00 00:00:00'),
(21085, 8, '2017-04-12', '10:30:00', 1, '', 0, 0, 0, '', '0000-00-00 00:00:00', '', '0000-00-00 00:00:00'),
(21086, 8, '2017-04-12', '10:45:00', 1, '', 0, 0, 0, '', '0000-00-00 00:00:00', '', '0000-00-00 00:00:00'),
(21087, 8, '2017-04-12', '11:00:00', 1, '', 0, 0, 0, '', '0000-00-00 00:00:00', '', '0000-00-00 00:00:00'),
(21088, 8, '2017-04-12', '11:15:00', 1, '', 0, 0, 0, '', '0000-00-00 00:00:00', '', '0000-00-00 00:00:00'),
(21089, 8, '2017-04-12', '11:30:00', 1, '', 0, 0, 0, '', '0000-00-00 00:00:00', '', '0000-00-00 00:00:00'),
(21090, 9, '2017-04-12', '09:30:00', 1, '', 0, 0, 0, '', '0000-00-00 00:00:00', '', '0000-00-00 00:00:00'),
(21091, 9, '2017-04-12', '09:45:00', 1, '', 0, 0, 0, '', '0000-00-00 00:00:00', '', '0000-00-00 00:00:00'),
(21092, 9, '2017-04-12', '10:00:00', 1, '', 0, 0, 0, '', '0000-00-00 00:00:00', '', '0000-00-00 00:00:00'),
(21093, 9, '2017-04-12', '10:15:00', 1, '', 0, 0, 0, '', '0000-00-00 00:00:00', '', '0000-00-00 00:00:00'),
(21094, 9, '2017-04-12', '10:30:00', 1, '', 0, 0, 0, '', '0000-00-00 00:00:00', '', '0000-00-00 00:00:00'),
(21095, 9, '2017-04-12', '10:45:00', 1, '', 0, 0, 0, '', '0000-00-00 00:00:00', '', '0000-00-00 00:00:00'),
(21096, 9, '2017-04-12', '11:00:00', 1, '', 0, 0, 0, '', '0000-00-00 00:00:00', '', '0000-00-00 00:00:00'),
(21097, 9, '2017-04-12', '11:15:00', 1, '', 0, 0, 0, '', '0000-00-00 00:00:00', '', '0000-00-00 00:00:00'),
(21098, 9, '2017-04-12', '11:30:00', 1, '', 0, 0, 0, '', '0000-00-00 00:00:00', '', '0000-00-00 00:00:00'),
(21099, 1, '2017-04-13', '09:30:00', 1, '', 0, 0, 0, '', '0000-00-00 00:00:00', '', '0000-00-00 00:00:00'),
(21100, 1, '2017-04-13', '09:45:00', 1, '', 0, 0, 0, '', '0000-00-00 00:00:00', '', '0000-00-00 00:00:00'),
(21101, 1, '2017-04-13', '10:00:00', 1, '', 0, 0, 0, '', '0000-00-00 00:00:00', '', '0000-00-00 00:00:00'),
(21102, 1, '2017-04-13', '10:15:00', 1, '', 0, 0, 0, '', '0000-00-00 00:00:00', '', '0000-00-00 00:00:00'),
(21103, 1, '2017-04-13', '10:30:00', 1, '', 0, 0, 0, '', '0000-00-00 00:00:00', '', '0000-00-00 00:00:00'),
(21104, 1, '2017-04-13', '10:45:00', 1, '', 0, 0, 0, '', '0000-00-00 00:00:00', '', '0000-00-00 00:00:00'),
(21105, 1, '2017-04-13', '11:00:00', 1, '', 0, 0, 0, '', '0000-00-00 00:00:00', '', '0000-00-00 00:00:00'),
(21106, 1, '2017-04-13', '11:15:00', 1, '', 0, 0, 0, '', '0000-00-00 00:00:00', '', '0000-00-00 00:00:00'),
(21107, 1, '2017-04-13', '11:30:00', 1, '', 0, 0, 0, '', '0000-00-00 00:00:00', '', '0000-00-00 00:00:00'),
(21108, 2, '2017-04-13', '09:30:00', 1, '', 0, 0, 0, '', '0000-00-00 00:00:00', '', '0000-00-00 00:00:00'),
(21109, 2, '2017-04-13', '09:45:00', 1, '', 0, 0, 0, '', '0000-00-00 00:00:00', '', '0000-00-00 00:00:00'),
(21110, 2, '2017-04-13', '10:00:00', 1, '', 0, 0, 0, '', '0000-00-00 00:00:00', '', '0000-00-00 00:00:00'),
(21111, 2, '2017-04-13', '10:15:00', 1, '', 0, 0, 0, '', '0000-00-00 00:00:00', '', '0000-00-00 00:00:00'),
(21112, 2, '2017-04-13', '10:30:00', 1, '', 0, 0, 0, '', '0000-00-00 00:00:00', '', '0000-00-00 00:00:00'),
(21113, 2, '2017-04-13', '10:45:00', 1, '', 0, 0, 0, '', '0000-00-00 00:00:00', '', '0000-00-00 00:00:00'),
(21114, 2, '2017-04-13', '11:00:00', 1, '', 0, 0, 0, '', '0000-00-00 00:00:00', '', '0000-00-00 00:00:00'),
(21115, 2, '2017-04-13', '11:15:00', 1, '', 0, 0, 0, '', '0000-00-00 00:00:00', '', '0000-00-00 00:00:00'),
(21116, 2, '2017-04-13', '11:30:00', 1, '', 0, 0, 0, '', '0000-00-00 00:00:00', '', '0000-00-00 00:00:00'),
(21117, 3, '2017-04-13', '09:30:00', 1, '', 0, 0, 0, '', '0000-00-00 00:00:00', '', '0000-00-00 00:00:00'),
(21118, 3, '2017-04-13', '09:45:00', 1, '', 0, 0, 0, '', '0000-00-00 00:00:00', '', '0000-00-00 00:00:00'),
(21119, 3, '2017-04-13', '10:00:00', 1, '', 0, 0, 0, '', '0000-00-00 00:00:00', '', '0000-00-00 00:00:00'),
(21120, 3, '2017-04-13', '10:15:00', 1, '', 0, 0, 0, '', '0000-00-00 00:00:00', '', '0000-00-00 00:00:00'),
(21121, 3, '2017-04-13', '10:30:00', 1, '', 0, 0, 0, '', '0000-00-00 00:00:00', '', '0000-00-00 00:00:00'),
(21122, 3, '2017-04-13', '10:45:00', 1, '', 0, 0, 0, '', '0000-00-00 00:00:00', '', '0000-00-00 00:00:00'),
(21123, 3, '2017-04-13', '11:00:00', 1, '', 0, 0, 0, '', '0000-00-00 00:00:00', '', '0000-00-00 00:00:00'),
(21124, 3, '2017-04-13', '11:15:00', 1, '', 0, 0, 0, '', '0000-00-00 00:00:00', '', '0000-00-00 00:00:00'),
(21125, 3, '2017-04-13', '11:30:00', 1, '', 0, 0, 0, '', '0000-00-00 00:00:00', '', '0000-00-00 00:00:00'),
(21126, 4, '2017-04-13', '09:30:00', 1, '', 0, 0, 0, '', '0000-00-00 00:00:00', '', '0000-00-00 00:00:00'),
(21127, 4, '2017-04-13', '09:45:00', 1, '', 0, 0, 0, '', '0000-00-00 00:00:00', '', '0000-00-00 00:00:00'),
(21128, 4, '2017-04-13', '10:00:00', 1, '', 0, 0, 0, '', '0000-00-00 00:00:00', '', '0000-00-00 00:00:00'),
(21129, 4, '2017-04-13', '10:15:00', 1, '', 0, 0, 0, '', '0000-00-00 00:00:00', '', '0000-00-00 00:00:00'),
(21130, 4, '2017-04-13', '10:30:00', 1, '', 0, 0, 0, '', '0000-00-00 00:00:00', '', '0000-00-00 00:00:00'),
(21131, 4, '2017-04-13', '10:45:00', 1, '', 0, 0, 0, '', '0000-00-00 00:00:00', '', '0000-00-00 00:00:00'),
(21132, 4, '2017-04-13', '11:00:00', 1, '', 0, 0, 0, '', '0000-00-00 00:00:00', '', '0000-00-00 00:00:00'),
(21133, 4, '2017-04-13', '11:15:00', 1, '', 0, 0, 0, '', '0000-00-00 00:00:00', '', '0000-00-00 00:00:00'),
(21134, 4, '2017-04-13', '11:30:00', 1, '', 0, 0, 0, '', '0000-00-00 00:00:00', '', '0000-00-00 00:00:00'),
(21135, 5, '2017-04-13', '09:30:00', 1, '', 0, 0, 0, '', '0000-00-00 00:00:00', '', '0000-00-00 00:00:00'),
(21136, 5, '2017-04-13', '09:45:00', 1, '', 0, 0, 0, '', '0000-00-00 00:00:00', '', '0000-00-00 00:00:00'),
(21137, 5, '2017-04-13', '10:00:00', 1, '', 0, 0, 0, '', '0000-00-00 00:00:00', '', '0000-00-00 00:00:00'),
(21138, 5, '2017-04-13', '10:15:00', 1, '', 0, 0, 0, '', '0000-00-00 00:00:00', '', '0000-00-00 00:00:00'),
(21139, 5, '2017-04-13', '10:30:00', 1, '', 0, 0, 0, '', '0000-00-00 00:00:00', '', '0000-00-00 00:00:00'),
(21140, 5, '2017-04-13', '10:45:00', 1, '', 0, 0, 0, '', '0000-00-00 00:00:00', '', '0000-00-00 00:00:00'),
(21141, 5, '2017-04-13', '11:00:00', 1, '', 0, 0, 0, '', '0000-00-00 00:00:00', '', '0000-00-00 00:00:00'),
(21142, 5, '2017-04-13', '11:15:00', 1, '', 0, 0, 0, '', '0000-00-00 00:00:00', '', '0000-00-00 00:00:00'),
(21143, 5, '2017-04-13', '11:30:00', 1, '', 0, 0, 0, '', '0000-00-00 00:00:00', '', '0000-00-00 00:00:00'),
(21144, 6, '2017-04-13', '09:30:00', 1, '', 0, 0, 0, '', '0000-00-00 00:00:00', '', '0000-00-00 00:00:00'),
(21145, 6, '2017-04-13', '09:45:00', 1, '', 0, 0, 0, '', '0000-00-00 00:00:00', '', '0000-00-00 00:00:00'),
(21146, 6, '2017-04-13', '10:00:00', 1, '', 0, 0, 0, '', '0000-00-00 00:00:00', '', '0000-00-00 00:00:00'),
(21147, 6, '2017-04-13', '10:15:00', 1, '', 0, 0, 0, '', '0000-00-00 00:00:00', '', '0000-00-00 00:00:00'),
(21148, 6, '2017-04-13', '10:30:00', 1, '', 0, 0, 0, '', '0000-00-00 00:00:00', '', '0000-00-00 00:00:00'),
(21149, 6, '2017-04-13', '10:45:00', 1, '', 0, 0, 0, '', '0000-00-00 00:00:00', '', '0000-00-00 00:00:00'),
(21150, 6, '2017-04-13', '11:00:00', 1, '', 0, 0, 0, '', '0000-00-00 00:00:00', '', '0000-00-00 00:00:00'),
(21151, 6, '2017-04-13', '11:15:00', 1, '', 0, 0, 0, '', '0000-00-00 00:00:00', '', '0000-00-00 00:00:00'),
(21152, 6, '2017-04-13', '11:30:00', 1, '', 0, 0, 0, '', '0000-00-00 00:00:00', '', '0000-00-00 00:00:00'),
(21153, 7, '2017-04-13', '09:30:00', 1, '', 0, 0, 0, '', '0000-00-00 00:00:00', '', '0000-00-00 00:00:00'),
(21154, 7, '2017-04-13', '09:45:00', 1, '', 0, 0, 0, '', '0000-00-00 00:00:00', '', '0000-00-00 00:00:00'),
(21155, 7, '2017-04-13', '10:00:00', 1, '', 0, 0, 0, '', '0000-00-00 00:00:00', '', '0000-00-00 00:00:00'),
(21156, 7, '2017-04-13', '10:15:00', 1, '', 0, 0, 0, '', '0000-00-00 00:00:00', '', '0000-00-00 00:00:00'),
(21157, 7, '2017-04-13', '10:30:00', 1, '', 0, 0, 0, '', '0000-00-00 00:00:00', '', '0000-00-00 00:00:00'),
(21158, 7, '2017-04-13', '10:45:00', 1, '', 0, 0, 0, '', '0000-00-00 00:00:00', '', '0000-00-00 00:00:00'),
(21159, 7, '2017-04-13', '11:00:00', 1, '', 0, 0, 0, '', '0000-00-00 00:00:00', '', '0000-00-00 00:00:00'),
(21160, 7, '2017-04-13', '11:15:00', 1, '', 0, 0, 0, '', '0000-00-00 00:00:00', '', '0000-00-00 00:00:00'),
(21161, 7, '2017-04-13', '11:30:00', 1, '', 0, 0, 0, '', '0000-00-00 00:00:00', '', '0000-00-00 00:00:00'),
(21162, 8, '2017-04-13', '09:30:00', 1, '', 0, 0, 0, '', '0000-00-00 00:00:00', '', '0000-00-00 00:00:00'),
(21163, 8, '2017-04-13', '09:45:00', 1, '', 0, 0, 0, '', '0000-00-00 00:00:00', '', '0000-00-00 00:00:00'),
(21164, 8, '2017-04-13', '10:00:00', 1, '', 0, 0, 0, '', '0000-00-00 00:00:00', '', '0000-00-00 00:00:00'),
(21165, 8, '2017-04-13', '10:15:00', 1, '', 0, 0, 0, '', '0000-00-00 00:00:00', '', '0000-00-00 00:00:00'),
(21166, 8, '2017-04-13', '10:30:00', 1, '', 0, 0, 0, '', '0000-00-00 00:00:00', '', '0000-00-00 00:00:00'),
(21167, 8, '2017-04-13', '10:45:00', 1, '', 0, 0, 0, '', '0000-00-00 00:00:00', '', '0000-00-00 00:00:00'),
(21168, 8, '2017-04-13', '11:00:00', 1, '', 0, 0, 0, '', '0000-00-00 00:00:00', '', '0000-00-00 00:00:00'),
(21169, 8, '2017-04-13', '11:15:00', 1, '', 0, 0, 0, '', '0000-00-00 00:00:00', '', '0000-00-00 00:00:00'),
(21170, 8, '2017-04-13', '11:30:00', 1, '', 0, 0, 0, '', '0000-00-00 00:00:00', '', '0000-00-00 00:00:00'),
(21171, 9, '2017-04-13', '09:30:00', 1, '', 0, 0, 0, '', '0000-00-00 00:00:00', '', '0000-00-00 00:00:00'),
(21172, 9, '2017-04-13', '09:45:00', 1, '', 0, 0, 0, '', '0000-00-00 00:00:00', '', '0000-00-00 00:00:00'),
(21173, 9, '2017-04-13', '10:00:00', 1, '', 0, 0, 0, '', '0000-00-00 00:00:00', '', '0000-00-00 00:00:00'),
(21174, 9, '2017-04-13', '10:15:00', 1, '', 0, 0, 0, '', '0000-00-00 00:00:00', '', '0000-00-00 00:00:00'),
(21175, 9, '2017-04-13', '10:30:00', 1, '', 0, 0, 0, '', '0000-00-00 00:00:00', '', '0000-00-00 00:00:00'),
(21176, 9, '2017-04-13', '10:45:00', 1, '', 0, 0, 0, '', '0000-00-00 00:00:00', '', '0000-00-00 00:00:00'),
(21177, 9, '2017-04-13', '11:00:00', 1, '', 0, 0, 0, '', '0000-00-00 00:00:00', '', '0000-00-00 00:00:00'),
(21178, 9, '2017-04-13', '11:15:00', 1, '', 0, 0, 0, '', '0000-00-00 00:00:00', '', '0000-00-00 00:00:00'),
(21179, 9, '2017-04-13', '11:30:00', 1, '', 0, 0, 0, '', '0000-00-00 00:00:00', '', '0000-00-00 00:00:00'),
(21180, 9, '2017-04-13', '11:45:00', 1, '', 0, 0, 0, '', '0000-00-00 00:00:00', '', '0000-00-00 00:00:00'),
(21181, 9, '2017-04-13', '12:00:00', 1, '', 0, 0, 0, '', '0000-00-00 00:00:00', '', '0000-00-00 00:00:00'),
(21182, 9, '2017-04-13', '12:15:00', 1, '', 0, 0, 0, '', '0000-00-00 00:00:00', '', '0000-00-00 00:00:00'),
(21183, 9, '2017-04-13', '12:30:00', 1, '', 0, 0, 0, '', '0000-00-00 00:00:00', '', '0000-00-00 00:00:00'),
(21184, 9, '2017-04-13', '12:45:00', 1, '', 0, 0, 0, '', '0000-00-00 00:00:00', '', '0000-00-00 00:00:00'),
(21185, 9, '2017-04-13', '13:00:00', 1, '', 0, 0, 0, '', '0000-00-00 00:00:00', '', '0000-00-00 00:00:00'),
(21186, 9, '2017-04-13', '13:15:00', 1, '', 0, 0, 0, '', '0000-00-00 00:00:00', '', '0000-00-00 00:00:00'),
(21187, 9, '2017-04-13', '13:30:00', 1, '', 0, 0, 0, '', '0000-00-00 00:00:00', '', '0000-00-00 00:00:00'),
(21188, 9, '2017-04-13', '13:45:00', 1, '', 0, 0, 0, '', '0000-00-00 00:00:00', '', '0000-00-00 00:00:00'),
(21189, 9, '2017-04-13', '14:00:00', 1, '', 0, 0, 0, '', '0000-00-00 00:00:00', '', '0000-00-00 00:00:00'),
(21190, 9, '2017-04-13', '14:15:00', 1, '', 0, 0, 0, '', '0000-00-00 00:00:00', '', '0000-00-00 00:00:00'),
(21191, 9, '2017-04-13', '14:30:00', 1, '', 0, 0, 0, '', '0000-00-00 00:00:00', '', '0000-00-00 00:00:00'),
(21192, 9, '2017-04-13', '14:45:00', 1, '', 0, 0, 0, '', '0000-00-00 00:00:00', '', '0000-00-00 00:00:00'),
(21193, 9, '2017-04-13', '15:00:00', 1, '', 0, 0, 0, '', '0000-00-00 00:00:00', '', '0000-00-00 00:00:00'),
(21194, 9, '2017-04-13', '15:15:00', 1, '', 0, 0, 0, '', '0000-00-00 00:00:00', '', '0000-00-00 00:00:00'),
(21195, 9, '2017-04-13', '15:30:00', 1, '', 0, 0, 0, '', '0000-00-00 00:00:00', '', '0000-00-00 00:00:00'),
(21196, 9, '2017-04-13', '15:45:00', 1, '', 0, 0, 0, '', '0000-00-00 00:00:00', '', '0000-00-00 00:00:00'),
(21197, 9, '2017-04-13', '16:00:00', 1, '', 0, 0, 0, '', '0000-00-00 00:00:00', '', '0000-00-00 00:00:00'),
(21198, 9, '2017-04-13', '16:15:00', 1, '', 0, 0, 0, '', '0000-00-00 00:00:00', '', '0000-00-00 00:00:00'),
(21199, 1, '2017-04-14', '09:30:00', 1, '', 0, 0, 1, '', '0000-00-00 00:00:00', '', '0000-00-00 00:00:00'),
(21200, 2, '2017-04-14', '09:45:00', 1, '', 0, 0, 0, '', '0000-00-00 00:00:00', '', '0000-00-00 00:00:00'),
(21201, 3, '2017-04-14', '10:00:00', 1, '', 0, 0, 0, '', '0000-00-00 00:00:00', '', '0000-00-00 00:00:00'),
(21202, 4, '2017-04-14', '10:15:00', 1, '', 0, 0, 0, '', '0000-00-00 00:00:00', '', '0000-00-00 00:00:00'),
(21203, 5, '2017-04-14', '10:30:00', 1, '', 0, 0, 0, '', '0000-00-00 00:00:00', '', '0000-00-00 00:00:00'),
(21204, 6, '2017-04-14', '10:45:00', 1, '', 0, 0, 0, '', '0000-00-00 00:00:00', '', '0000-00-00 00:00:00'),
(21205, 7, '2017-04-14', '11:00:00', 1, '', 0, 0, 0, '', '0000-00-00 00:00:00', '', '0000-00-00 00:00:00'),
(21206, 8, '2017-04-14', '11:15:00', 1, '', 0, 0, 0, '', '0000-00-00 00:00:00', '', '0000-00-00 00:00:00'),
(21207, 9, '2017-04-14', '11:30:00', 1, '', 0, 0, 0, '', '0000-00-00 00:00:00', '', '0000-00-00 00:00:00'),
(21208, 1, '2017-04-15', '09:30:00', 1, '', 0, 0, 1, '', '0000-00-00 00:00:00', '', '0000-00-00 00:00:00'),
(21209, 2, '2017-04-15', '09:45:00', 1, '', 0, 0, 0, '', '0000-00-00 00:00:00', '', '0000-00-00 00:00:00'),
(21210, 3, '2017-04-15', '10:00:00', 1, '', 0, 0, 0, '', '0000-00-00 00:00:00', '', '0000-00-00 00:00:00'),
(21211, 4, '2017-04-15', '10:15:00', 1, '', 0, 0, 0, '', '0000-00-00 00:00:00', '', '0000-00-00 00:00:00'),
(21212, 5, '2017-04-15', '10:30:00', 1, '', 0, 0, 0, '', '0000-00-00 00:00:00', '', '0000-00-00 00:00:00'),
(21213, 6, '2017-04-15', '10:45:00', 1, '', 0, 0, 0, '', '0000-00-00 00:00:00', '', '0000-00-00 00:00:00'),
(21214, 7, '2017-04-15', '11:00:00', 1, '', 0, 0, 0, '', '0000-00-00 00:00:00', '', '0000-00-00 00:00:00'),
(21215, 8, '2017-04-15', '11:15:00', 1, '', 0, 0, 0, '', '0000-00-00 00:00:00', '', '0000-00-00 00:00:00'),
(21216, 9, '2017-04-15', '11:30:00', 1, '', 0, 0, 0, '', '0000-00-00 00:00:00', '', '0000-00-00 00:00:00');

-- --------------------------------------------------------

--
-- 表的结构 `fd_rel_doctor_appointment_time_his`
--

CREATE TABLE `fd_rel_doctor_appointment_time_his` (
  `DOCTOR_APPOINTMENT_TIME_ID` int(11) NOT NULL,
  `DOCTOR_ID` int(11) NOT NULL,
  `APPOINTMENT_DATE` datetime NOT NULL,
  `ACTIVE_STATUS` int(11) NOT NULL,
  `NOTE` varchar(200) NOT NULL,
  `OPERATOR_STATUS` varchar(50) NOT NULL,
  `CREATE_USER` varchar(50) NOT NULL,
  `CREATE_DATE` datetime NOT NULL,
  `UPDATE_USER` varchar(50) NOT NULL,
  `UPDATE_DATE` datetime NOT NULL
) ENGINE=InnoDB DEFAULT CHARSET=utf8;

-- --------------------------------------------------------

--
-- 表的结构 `fd_rel_doctor_language`
--

CREATE TABLE `fd_rel_doctor_language` (
  `DOCTOR_LANGUAGE_ID` int(11) NOT NULL,
  `DOCTOR_ID` int(11) NOT NULL,
  `LANGUAGE_ID` int(11) NOT NULL
) ENGINE=InnoDB DEFAULT CHARSET=latin1;

--
-- 转存表中的数据 `fd_rel_doctor_language`
--

INSERT INTO `fd_rel_doctor_language` (`DOCTOR_LANGUAGE_ID`, `DOCTOR_ID`, `LANGUAGE_ID`) VALUES
(72, 4, 1),
(73, 5, 2),
(74, 6, 3),
(86, 2, 2),
(87, 3, 3),
(92, 1, 1),
(93, 8, 1),
(94, 8, 2),
(95, 9, 2),
(96, 9, 3),
(97, 7, 0);

-- --------------------------------------------------------

--
-- 表的结构 `fd_role`
--

CREATE TABLE `fd_role` (
  `ROLE_ID` int(11) NOT NULL,
  `ROLE_NAME` varchar(50) NOT NULL,
  `NOTE` varchar(200) DEFAULT NULL,
  `CREATE_USER` varchar(50) NOT NULL,
  `CREATE_DATE` datetime NOT NULL,
  `UPDATE_USER` varchar(50) NOT NULL,
  `UPDATE_DATE` datetime NOT NULL
) ENGINE=InnoDB DEFAULT CHARSET=utf8;

-- --------------------------------------------------------

--
-- 表的结构 `fd_save_search`
--

CREATE TABLE `fd_save_search` (
  `CUSTOMER_SEARCH_ID` int(11) NOT NULL,
  `CUSTOMER_USER_ID` int(11) NOT NULL,
  `SEARCH_NAME` varchar(50) NOT NULL,
  `CLINIC_SUBURB` varchar(50) NOT NULL,
  `STATE_ID` varchar(50) NOT NULL,
  `CLINIC_NAME` varchar(50) NOT NULL,
  `DOCTOR_TYPE` varchar(50) NOT NULL,
  `DOCTOR_NAME` varchar(50) NOT NULL,
  `DISTANCE` varchar(50) NOT NULL,
  `CREATE_USER` varchar(50) NOT NULL,
  `CREATE_DATE` datetime NOT NULL,
  `UPDATE_USER` varchar(50) NOT NULL,
  `UPDATE_DATE` datetime NOT NULL
) ENGINE=InnoDB DEFAULT CHARSET=utf8;

--
-- 转存表中的数据 `fd_save_search`
--

INSERT INTO `fd_save_search` (`CUSTOMER_SEARCH_ID`, `CUSTOMER_USER_ID`, `SEARCH_NAME`, `CLINIC_SUBURB`, `STATE_ID`, `CLINIC_NAME`, `DOCTOR_TYPE`, `DOCTOR_NAME`, `DISTANCE`, `CREATE_USER`, `CREATE_DATE`, `UPDATE_USER`, `UPDATE_DATE`) VALUES
(1, 0, '', '', '', '', '', '', '', 'fudanyinxin@gmail.com', '2016-12-14 07:24:18', 'fudanyinxin@gmail.com', '2016-12-14 07:24:18');

-- --------------------------------------------------------

--
-- 表的结构 `fd_service`
--

CREATE TABLE `fd_service` (
  `SERVICE_CODE` int(11) NOT NULL,
  `SERVICE_ID` varchar(50) NOT NULL,
  `DES` varchar(50) NOT NULL,
  `SERVICE_JS` varchar(50) NOT NULL,
  `URL` varchar(50) NOT NULL,
  `INPUT_PARA` varchar(300) NOT NULL,
  `OUTPUT_PARA` varchar(50) NOT NULL,
  `NOTE` varchar(50) NOT NULL,
  `CREATE_USER` varchar(50) NOT NULL,
  `CREATE_DATE` datetime NOT NULL,
  `UPDATE_USER` varchar(50) NOT NULL,
  `UPDATE_DATE` datetime NOT NULL
) ENGINE=InnoDB DEFAULT CHARSET=utf8;

--
-- 转存表中的数据 `fd_service`
--

INSERT INTO `fd_service` (`SERVICE_CODE`, `SERVICE_ID`, `DES`, `SERVICE_JS`, `URL`, `INPUT_PARA`, `OUTPUT_PARA`, `NOTE`, `CREATE_USER`, `CREATE_DATE`, `UPDATE_USER`, `UPDATE_DATE`) VALUES
(4, 'UI01', '用户登录', 'sign_in.js', 'url: \"classes/class.sign_in.php\",', '页面所有输入框', '', '', 'admin', '2016-09-09 00:00:00', 'admin', '2016-09-09 00:00:00'),
(5, 'UI02', '获取用户详细信息(条件用户名)', 'appointmentDoctor.js', 'url: \"classes/class.UserDetail.php\",', 'username: username', '用户详细信息', '', 'admin', '2016-09-09 00:00:00', 'admin', '2016-09-09 00:00:00'),
(6, 'UI03', '获取用户详细信息(条件用户ID)', 'userUpdPersonInfo.js', 'url: \"classes/class.UserDetail.php\",', 'action_type: \"view\", CUSTOMER_USER_ID: fd_userid', '', '', 'admin', '2016-09-09 00:00:00', 'admin', '2016-09-09 00:00:00'),
(7, 'UU01', '个人用户注册(游客通过预约,自动注册)', 'appointmentDoctor.js', 'url: \"classes/class.sign_up_person.php\",', '页面所有输入框', '', '', 'admin', '2016-09-09 00:00:00', 'admin', '2016-09-09 00:00:00'),
(8, 'UU02', '个人用户注册(通过注册页面注册)', 'sign_up_person.js', 'url: \"classes/class.sign_up_person.php\",', '页面所有输入框', '', '', 'admin', '2016-09-09 00:00:00', 'admin', '2016-09-09 00:00:00'),
(9, 'UU03', '修改个人用户信息', 'userUpdPersonInfo.j', 'url: \"classes/class.UserDetail.php\",', '页面所有输入框', '', '', 'admin', '2016-09-09 00:00:00', 'admin', '2016-09-09 00:00:00'),
(10, 'UU04', '修改个人用户密码', 'userUpdPersonPwd.js', 'url: \"classes/class.UserDetail.php\",', 'action_type:\"update\", CUSTOMER_USER_ID:fd_userid, CUSTOMER_USER_PWD:$(\'#CUSTOMER_USER_NEWPWD\').val()', '', '', 'admin', '2016-09-09 00:00:00', 'admin', '2016-09-09 00:00:00'),
(11, 'CU01', '诊所用户注册', 'sign_up_clinic.js', 'url: \"classes/class.signup_clinic.php\",', '页面所有输入框', '', '', 'admin', '2016-09-09 00:00:00', 'admin', '2016-09-09 00:00:00'),
(12, 'CU02', '获取诊所用户详细信息', 'clinicUpdUserInfo.js', 'url: \"classes/class.ClinicDetail.php\",', 'action_type: \"view\",\r\nCLINIC_USER_ID: fd_userid', '', '', 'admin', '2016-09-09 00:00:00', 'admin', '2016-09-09 00:00:00'),
(13, 'CU03', '修改诊所用户信息', 'clinicUpdUserInfo.js', 'url: \"classes/class.ClinicDetail.php\",', '页面所有输入框', '', '', 'admin', '2016-09-09 00:00:00', 'admin', '2016-09-09 00:00:00'),
(16, 'CU04', '修改诊所用户密码', 'clinicUpdUserPwd.js', 'url: \"classes/class.ClinicDetail.php\",', 'action_type:\"update\",\r\nCLINIC_USER_ID:fd_userid,\r\nCLINIC_USER_PWD:$(\'#CUSTOMER_USER_NEWPWD\').val()', '', '', 'admin', '2016-09-09 00:00:00', 'admin', '2016-09-09 00:00:00'),
(17, 'CU05', '诊所用户搜索医生', 'clinicQryDoctor.js', 'url: \"classes/class.ClinicOprDoctor.php\",', 'CLINIC_USER_ID: fd_userid,\r\n    DOCTOR_TYPE: $(\'#DOCTOR_TYPE\').val(),\r\n    DOCTOR_NAME: $(\'#DOCTOR_NAME\').val(),', '', '', 'admin', '2016-09-09 00:00:00', 'admin', '2016-09-09 00:00:00'),
(18, 'CU06', '修改医生为inactive/active', 'clinicQryDoctor.js', 'url: \"classes/class.ClinicOprDoctor.php\",', 'action_type: \"update\",\r\n      ACTIVE_STATUS: 0|1,\r\n      DOCTOR_ID: DOCTOR_ID', '', '', 'admin', '2016-09-09 00:00:00', 'admin', '2016-09-09 00:00:00'),
(19, 'CU07', '修改医生基本信息', 'clinicUpdDoctorDetail.js', 'url: \"classes/class.ClinicOprDoctor.php\",', '页面所有输入框', '', '', 'admin', '2016-09-09 00:00:00', 'admin', '2016-09-09 00:00:00'),
(20, 'SD01', '搜索医生(主页全体条件 or)', 'searchDoctor.js', 'url: \"classes/class.searchDoctor.php\",', '见首页输入框', '诊所，医生，及预约时间（预约医生所需全部内容）', '入参requesttype = 0 查询条件or', 'admin', '2016-09-09 00:00:00', 'admin', '2016-09-09 00:00:00'),
(21, 'SD02', '搜索医生(主页全体条件 and)', 'searchDoctor.js', 'url: \"classes/class.searchDoctor.php\",', '搜索医生也点击搜索按钮，全体输入框', '诊所，医生，及预约时间（预约医生所需全部内容）', '入参requesttype = 1 查询条件and', 'admin', '2016-09-09 00:00:00', 'admin', '2016-09-09 00:00:00'),
(22, 'ST01', '搜索医生预约时间ID(条件医生ID,预约时间日期，时间)', 'appointmentDoctor.js', 'url: \"classes/class.searchAppTimeID.php\",', 'DOCTOR_ID: $(\'#DOCTOR_ID\').val(),\r\nAPPOINTMENT_DATE:\r\nAPPOINTMENT_TIME: radio_txt', '搜索医生预约时间ID', '', 'admin', '2016-09-09 00:00:00', 'admin', '2016-09-09 00:00:00'),
(23, 'SP01', '搜索预约状态（填充下拉框）', 'userAppointmentRecoder.js', 'url: \"classes/class.getAppointmentStatus.php\",', 'para=\"\";', '', '', 'admin', '2016-09-09 00:00:00', 'admin', '2016-09-09 00:00:00'),
(24, 'SP02', '搜索预约记录', 'userAppointmentRecoder.js', 'url: \"classes/class.AppointmentRecoder.php\",', 'CUSTOMER_USER_ID: userid,\r\nCREATE_DATE_BEGIN:  $(\'#begin_time\').val(),\r\nCREATE_DATE_END:  $(\'#end_time\').val(),\r\nAPPOINTMENT_STATUS_ID : $(\'#app_status\').val()', '', '', 'admin', '2016-09-09 00:00:00', 'admin', '2016-09-09 00:00:00'),
(25, 'AD01', '预约医生', 'appointmentDoctor.js', 'url: \"classes/class.appointmentDoctor.php\",', 'action_type: \"\"create\"\",\r\nCUSTOMER_USER_NAME: $(\'#CUSTOMER_USER_NAME\').val(),\r\nCUSTOMER_USER_PWD: $(\'#CUSTOMER_USER_PWD\').val(),\r\nCUSTOMER_USER_ID: custom_user_id,\r\nDOCTOR_ID: $(\'#DOCTOR_ID\').val(),\r\nDOCTOR_APPOINTMENT_TIME_ID:time_id,\r\nAPPOINTMENT_STATUS_ID:1', '预约成功', '', 'admin', '2016-09-09 00:00:00', 'admin', '2016-09-09 00:00:00'),
(26, 'AD02', '取消预约', 'userAppointmentRecoder.js', 'url: \"classes/class.AppointmentRecoder.php\",', 'action_type: \"\"update\"\",\r\nCUSTOMER_USER_ID: CUSTOMER_USER_ID,\r\nDOCTOR_ID: DOCTOR_ID,\r\nCREATE_DATE: CREATE_DATE', '', '', 'admin', '2016-09-09 00:00:00', 'admin', '2016-09-09 00:00:00'),
(27, 'S001', '收藏医生', 'appointmentDoctor.js', 'url: \"classes/class.saveDoctor.php\",', 'action_type:\"\"create\"\",\r\nCUSTOMER_USER_ID:$(\'#CUSTOMER_USER_ID\').val(),\r\nDOCTOR_ID:$(\'#DOCTOR_ID\').val()', '', '', 'admin', '2016-09-09 00:00:00', 'admin', '2016-09-09 00:00:00'),
(28, 'S002', '搜索收藏的医生', 'userSaveDoctor.js', 'url: \"classes/class.saveDoctor.php\",', '页面所有输入框', '', '', 'admin', '2016-09-09 00:00:00', 'admin', '2016-09-09 00:00:00'),
(29, 'S003', '删除收藏医生', 'userSaveDoctor.js', 'url: \"classes/class.saveDoctor.php\",', 'action_type: \"\"remove\"\",\r\nCUSTOMER_USER_ID: CUSTOMER_USER_ID,\r\nDOCTOR_ID: DOCTOR_ID', '', '', 'admin', '2016-09-09 00:00:00', 'admin', '2016-09-09 00:00:00'),
(30, 'SS01', '保存为常用搜索条件', 'searchDoctor.js', 'url: \"classes/class.saveSearch.php\",', '页面所有输入框', '', '', 'admin', '2016-09-09 00:00:00', 'admin', '2016-09-09 00:00:00'),
(31, 'SS02', '搜索常用搜索条件', 'userSaveSearch.js', 'url: \"classes/class.saveSearch.php\",', 'CUSTOMER_USER_ID: fd_userid', '', '', 'admin', '2016-09-09 00:00:00', 'admin', '2016-09-09 00:00:00'),
(32, 'SS03', '删除常用搜索条件', 'userSaveSearch.js', 'url: \"classes/class.saveSearch.php\",', 'action_type: \"remove\",\r\nCUSTOMER_USER_ID: CUSTOMER_USER_ID,\r\nCUSTOMER_SEARCH_ID: CUSTOMER_SEARCH_ID', '', '', 'admin', '2016-09-09 00:00:00', 'admin', '2016-09-09 00:00:00'),
(36, 'AU01', '修改管理员密码', 'adminUpdPwd.js', 'url: \"classes/class.AdminDetail.php\",', 'action_type: \"update\",\r\nADMIN_ID:fd_userid,\r\nADMIN_PWD:$(\'#CUSTOMER_USER_NEWPWD\').val()', '', '', 'admin', '2016-09-09 00:00:00', 'admin', '2016-09-09 00:00:00'),
(37, 'AU02', '查询诊所用户', 'adminQryClinic.js', 'url: \"classes/class.ClinicDetail.php\",', '页面输入条件', '', '', 'admin', '2016-09-09 00:00:00', 'admin', '2016-09-09 00:00:00'),
(38, 'AU03', '查询个人用户', 'adminQryUser.js', 'url: \"classes/class.UserDetail.php\",', '页面所有输入框', '', '', 'admin', '2016-09-09 00:00:00', 'admin', '2016-09-09 00:00:00'),
(39, 'AU06', '修改诊所用户为inactive/active', 'adminQryClinic.js', 'url: \"classes/class.ClinicDetail.php\",', 'action_type: \"update_active\",\r\nACTIVE_STATUS: 0,\r\nCLINIC_USER_ID: CLINIC_USER_ID', '', '', 'admin', '2016-09-09 00:00:00', 'admin', '2016-09-09 00:00:00'),
(40, 'AU07', '修改个人用户为inactive/active', 'adminQryUser.js', 'url: \"classes/class.UserDetail.php\",', 'action_type: \"update_active\",\r\nACTIVE_STATUS: 1/0,\r\nCUSTOMER_USER_ID: CUSTOMER_USER_ID', '', '', 'admin', '2016-09-09 00:00:00', 'admin', '2016-09-09 00:00:00'),
(41, 'SSTE', '填充州下拉列表', 'adminQryUser.js', 'url: \"classes/class.getState.php\",', '空', '州所有内容', '全部查询，无需条件', 'admin', '2016-09-09 00:00:00', 'admin', '2016-09-09 00:00:00'),
(42, 'SDTY', '填充医生类别', 'adminQryDoctor.js', 'url: \"classes/class.getDoctorType.php\",', '无', '医生所有类别', '查询全部内容', 'admin', '2016-09-10 00:00:00', 'admin', '2016-09-10 00:00:00'),
(43, 'SSUB', '填充区', 'userSaveDoctor.js', 'url: \"classes/class.getSuburb.php\",', '无', '全部诊所区', '查询全部，无条件', 'admin', '2016-09-13 00:00:00', 'admin', '2016-09-13 00:00:00');

-- --------------------------------------------------------

--
-- 表的结构 `fd_user`
--

CREATE TABLE `fd_user` (
  `USER_ID` int(11) NOT NULL,
  `LOGIN_NAME` varchar(50) NOT NULL,
  `LOGIN_PWD` varchar(50) NOT NULL,
  `USER_NAME` varchar(50) NOT NULL,
  `USER_GENDER` varchar(50) NOT NULL,
  `USER_TEL` varchar(50) NOT NULL,
  `ROLE_ID` varchar(50) NOT NULL,
  `USER_ADDR` varchar(200) NOT NULL,
  `NOTE` varchar(200) DEFAULT NULL,
  `CONTAIN_USER` varchar(50) NOT NULL,
  `CREATE_USER` varchar(50) NOT NULL,
  `CREATE_DATE` datetime NOT NULL,
  `UPDATE_USER` varchar(50) NOT NULL,
  `UPDATE_DATE` datetime NOT NULL
) ENGINE=InnoDB DEFAULT CHARSET=utf8;

--
-- Indexes for dumped tables
--

--
-- Indexes for table `ap_patient`
--
ALTER TABLE `ap_patient`
  ADD PRIMARY KEY (`id`);

--
-- Indexes for table `fd_admin`
--
ALTER TABLE `fd_admin`
  ADD PRIMARY KEY (`ADMIN_ID`);

--
-- Indexes for table `fd_clinic_user`
--
ALTER TABLE `fd_clinic_user`
  ADD PRIMARY KEY (`CLINIC_USER_ID`),
  ADD KEY `FK_fd_clinic_user_2` (`STATE_ID`);

--
-- Indexes for table `fd_customer_user`
--
ALTER TABLE `fd_customer_user`
  ADD PRIMARY KEY (`CUSTOMER_USER_ID`),
  ADD KEY `FK_fd_customer_user_7` (`STATE_ID`);

--
-- Indexes for table `fd_dict_appointment_status`
--
ALTER TABLE `fd_dict_appointment_status`
  ADD PRIMARY KEY (`APPOINTMENT_STATUS_ID`);

--
-- Indexes for table `fd_dict_gender_ch`
--
ALTER TABLE `fd_dict_gender_ch`
  ADD PRIMARY KEY (`GENDER_ID`);

--
-- Indexes for table `fd_dict_gender_en`
--
ALTER TABLE `fd_dict_gender_en`
  ADD PRIMARY KEY (`GENDER_ID`);

--
-- Indexes for table `fd_dict_language`
--
ALTER TABLE `fd_dict_language`
  ADD PRIMARY KEY (`LANGUAGE_ID`);

--
-- Indexes for table `fd_dict_log_type`
--
ALTER TABLE `fd_dict_log_type`
  ADD PRIMARY KEY (`LOG_TYPE_ID`);

--
-- Indexes for table `fd_dict_search`
--
ALTER TABLE `fd_dict_search`
  ADD PRIMARY KEY (`SEARCH_ID`);

--
-- Indexes for table `fd_dict_state`
--
ALTER TABLE `fd_dict_state`
  ADD PRIMARY KEY (`STATE_ID`),
  ADD UNIQUE KEY `STATE_NAME` (`STATE_NAME`);

--
-- Indexes for table `fd_dict_title`
--
ALTER TABLE `fd_dict_title`
  ADD PRIMARY KEY (`TITLE_ID`);

--
-- Indexes for table `fd_doctor`
--
ALTER TABLE `fd_doctor`
  ADD PRIMARY KEY (`DOCTOR_ID`);

--
-- Indexes for table `fd_function`
--
ALTER TABLE `fd_function`
  ADD PRIMARY KEY (`FUNCTION_ID`);

--
-- Indexes for table `fd_log`
--
ALTER TABLE `fd_log`
  ADD PRIMARY KEY (`LOG_ID`);

--
-- Indexes for table `fd_rel_clinic_doctor`
--
ALTER TABLE `fd_rel_clinic_doctor`
  ADD PRIMARY KEY (`CLINIC_DOCTOR_ID`),
  ADD KEY `FK_fd_rel_clinic_doctor_1` (`DOCTOR_ID`),
  ADD KEY `FK_fd_rel_clinic_doctor_2` (`CLINIC_USER_ID`);

--
-- Indexes for table `fd_rel_customer_appointment`
--
ALTER TABLE `fd_rel_customer_appointment`
  ADD PRIMARY KEY (`CUSTOMER_APPOINTMENT_ID`),
  ADD KEY `FK_fd_rel_customer_appointment_1` (`CUSTOMER_USER_ID`),
  ADD KEY `FK_fd_rel_customer_appointment_2` (`DOCTOR_ID`),
  ADD KEY `FK_fd_rel_customer_appointment_3` (`DOCTOR_APPOINTMENT_TIME_ID`),
  ADD KEY `FK_fd_rel_customer_appointment_4` (`APPOINTMENT_STATUS_ID`);

--
-- Indexes for table `fd_rel_customer_appointment_his`
--
ALTER TABLE `fd_rel_customer_appointment_his`
  ADD PRIMARY KEY (`CUSTOMER_APPOINTMENT_ID`);

--
-- Indexes for table `fd_rel_customer_doctor`
--
ALTER TABLE `fd_rel_customer_doctor`
  ADD PRIMARY KEY (`CUSTOMER_DOCTOR_ID`),
  ADD KEY `FK_fd_rel_customer_doctor_1` (`CUSTOMER_USER_ID`),
  ADD KEY `FK_fd_rel_customer_doctor_2` (`DOCTOR_ID`);

--
-- Indexes for table `fd_rel_doctor_appointment_time`
--
ALTER TABLE `fd_rel_doctor_appointment_time`
  ADD PRIMARY KEY (`DOCTOR_APPOINTMENT_TIME_ID`),
  ADD KEY `FK_fd_rel_doctor_appointment_time_1` (`DOCTOR_ID`);

--
-- Indexes for table `fd_rel_doctor_appointment_time_his`
--
ALTER TABLE `fd_rel_doctor_appointment_time_his`
  ADD PRIMARY KEY (`DOCTOR_APPOINTMENT_TIME_ID`);

--
-- Indexes for table `fd_rel_doctor_language`
--
ALTER TABLE `fd_rel_doctor_language`
  ADD PRIMARY KEY (`DOCTOR_LANGUAGE_ID`);

--
-- Indexes for table `fd_role`
--
ALTER TABLE `fd_role`
  ADD PRIMARY KEY (`ROLE_ID`);

--
-- Indexes for table `fd_save_search`
--
ALTER TABLE `fd_save_search`
  ADD PRIMARY KEY (`CUSTOMER_SEARCH_ID`),
  ADD KEY `FK_FD_SAVE_SEARCH_1` (`CUSTOMER_USER_ID`);

--
-- Indexes for table `fd_service`
--
ALTER TABLE `fd_service`
  ADD PRIMARY KEY (`SERVICE_CODE`),
  ADD UNIQUE KEY `SERVICE_ID` (`SERVICE_ID`);

--
-- Indexes for table `fd_user`
--
ALTER TABLE `fd_user`
  ADD PRIMARY KEY (`USER_ID`);

--
-- 在导出的表使用AUTO_INCREMENT
--

--
-- 使用表AUTO_INCREMENT `ap_patient`
--
ALTER TABLE `ap_patient`
  MODIFY `id` int(11) NOT NULL AUTO_INCREMENT, AUTO_INCREMENT=25;
--
-- 使用表AUTO_INCREMENT `fd_admin`
--
ALTER TABLE `fd_admin`
  MODIFY `ADMIN_ID` int(11) NOT NULL AUTO_INCREMENT, AUTO_INCREMENT=2;
--
-- 使用表AUTO_INCREMENT `fd_clinic_user`
--
ALTER TABLE `fd_clinic_user`
  MODIFY `CLINIC_USER_ID` int(11) NOT NULL AUTO_INCREMENT, AUTO_INCREMENT=4;
--
-- 使用表AUTO_INCREMENT `fd_customer_user`
--
ALTER TABLE `fd_customer_user`
  MODIFY `CUSTOMER_USER_ID` int(11) NOT NULL AUTO_INCREMENT, AUTO_INCREMENT=208;
--
-- 使用表AUTO_INCREMENT `fd_dict_appointment_status`
--
ALTER TABLE `fd_dict_appointment_status`
  MODIFY `APPOINTMENT_STATUS_ID` int(11) NOT NULL AUTO_INCREMENT, AUTO_INCREMENT=5;
--
-- 使用表AUTO_INCREMENT `fd_dict_search`
--
ALTER TABLE `fd_dict_search`
  MODIFY `SEARCH_ID` int(11) NOT NULL AUTO_INCREMENT, AUTO_INCREMENT=7;
--
-- 使用表AUTO_INCREMENT `fd_dict_state`
--
ALTER TABLE `fd_dict_state`
  MODIFY `STATE_ID` int(11) NOT NULL AUTO_INCREMENT, AUTO_INCREMENT=9;
--
-- 使用表AUTO_INCREMENT `fd_doctor`
--
ALTER TABLE `fd_doctor`
  MODIFY `DOCTOR_ID` int(11) NOT NULL AUTO_INCREMENT, AUTO_INCREMENT=10;
--
-- 使用表AUTO_INCREMENT `fd_function`
--
ALTER TABLE `fd_function`
  MODIFY `FUNCTION_ID` int(11) NOT NULL AUTO_INCREMENT;
--
-- 使用表AUTO_INCREMENT `fd_log`
--
ALTER TABLE `fd_log`
  MODIFY `LOG_ID` int(11) NOT NULL AUTO_INCREMENT;
--
-- 使用表AUTO_INCREMENT `fd_rel_clinic_doctor`
--
ALTER TABLE `fd_rel_clinic_doctor`
  MODIFY `CLINIC_DOCTOR_ID` int(11) NOT NULL AUTO_INCREMENT, AUTO_INCREMENT=17;
--
-- 使用表AUTO_INCREMENT `fd_rel_customer_appointment`
--
ALTER TABLE `fd_rel_customer_appointment`
  MODIFY `CUSTOMER_APPOINTMENT_ID` int(11) NOT NULL AUTO_INCREMENT, AUTO_INCREMENT=26;
--
-- 使用表AUTO_INCREMENT `fd_rel_customer_appointment_his`
--
ALTER TABLE `fd_rel_customer_appointment_his`
  MODIFY `CUSTOMER_APPOINTMENT_ID` int(11) NOT NULL AUTO_INCREMENT, AUTO_INCREMENT=130;
--
-- 使用表AUTO_INCREMENT `fd_rel_customer_doctor`
--
ALTER TABLE `fd_rel_customer_doctor`
  MODIFY `CUSTOMER_DOCTOR_ID` int(11) NOT NULL AUTO_INCREMENT, AUTO_INCREMENT=10;
--
-- 使用表AUTO_INCREMENT `fd_rel_doctor_appointment_time`
--
ALTER TABLE `fd_rel_doctor_appointment_time`
  MODIFY `DOCTOR_APPOINTMENT_TIME_ID` int(11) NOT NULL AUTO_INCREMENT, AUTO_INCREMENT=21217;
--
-- 使用表AUTO_INCREMENT `fd_rel_doctor_appointment_time_his`
--
ALTER TABLE `fd_rel_doctor_appointment_time_his`
  MODIFY `DOCTOR_APPOINTMENT_TIME_ID` int(11) NOT NULL AUTO_INCREMENT;
--
-- 使用表AUTO_INCREMENT `fd_rel_doctor_language`
--
ALTER TABLE `fd_rel_doctor_language`
  MODIFY `DOCTOR_LANGUAGE_ID` int(11) NOT NULL AUTO_INCREMENT, AUTO_INCREMENT=98;
--
-- 使用表AUTO_INCREMENT `fd_role`
--
ALTER TABLE `fd_role`
  MODIFY `ROLE_ID` int(11) NOT NULL AUTO_INCREMENT;
--
-- 使用表AUTO_INCREMENT `fd_save_search`
--
ALTER TABLE `fd_save_search`
  MODIFY `CUSTOMER_SEARCH_ID` int(11) NOT NULL AUTO_INCREMENT, AUTO_INCREMENT=2;
--
-- 使用表AUTO_INCREMENT `fd_service`
--
ALTER TABLE `fd_service`
  MODIFY `SERVICE_CODE` int(11) NOT NULL AUTO_INCREMENT, AUTO_INCREMENT=44;
--
-- 使用表AUTO_INCREMENT `fd_user`
--
ALTER TABLE `fd_user`
  MODIFY `USER_ID` int(11) NOT NULL AUTO_INCREMENT;
--
-- 限制导出的表
--

--
-- 限制表 `fd_clinic_user`
--
ALTER TABLE `fd_clinic_user`
  ADD CONSTRAINT `FK_fd_clinic_user_2` FOREIGN KEY (`STATE_ID`) REFERENCES `fd_dict_state` (`STATE_ID`);

--
-- 限制表 `fd_customer_user`
--
ALTER TABLE `fd_customer_user`
  ADD CONSTRAINT `FK_fd_customer_user_7` FOREIGN KEY (`STATE_ID`) REFERENCES `fd_dict_state` (`STATE_ID`);

/*!40101 SET CHARACTER_SET_CLIENT=@OLD_CHARACTER_SET_CLIENT */;
/*!40101 SET CHARACTER_SET_RESULTS=@OLD_CHARACTER_SET_RESULTS */;
/*!40101 SET COLLATION_CONNECTION=@OLD_COLLATION_CONNECTION */;
