-- phpMyAdmin SQL Dump
-- version 4.6.5.2
-- https://www.phpmyadmin.net/
--
-- Host: 127.0.0.1
-- Generation Time: 2017-04-06 11:00:48
-- 服务器版本： 10.1.21-MariaDB
-- PHP Version: 5.6.30

SET SQL_MODE = "NO_AUTO_VALUE_ON_ZERO";
SET time_zone = "+00:00";


/*!40101 SET @OLD_CHARACTER_SET_CLIENT=@@CHARACTER_SET_CLIENT */;
/*!40101 SET @OLD_CHARACTER_SET_RESULTS=@@CHARACTER_SET_RESULTS */;
/*!40101 SET @OLD_COLLATION_CONNECTION=@@COLLATION_CONNECTION */;
/*!40101 SET NAMES utf8mb4 */;

--
-- Database: `focusdata`
--

DELIMITER $$
--
-- 存储过程
--
CREATE DEFINER=`root`@`localhost` PROCEDURE `sp_get7daysTimeslots` (IN `dateIN` DATE, IN `suburbIN` VARCHAR(50), IN `postcodeIN` VARCHAR(50), IN `stateIN` VARCHAR(50), IN `doctorTypeIN` VARCHAR(50), IN `clinicNameIN` VARCHAR(100), IN `doctorNameIN` VARCHAR(100), IN `doctorIDIN` VARCHAR(50), IN `clinicIDIN` VARCHAR(50))  READS SQL DATA
BEGIN 
  IF ( DATEIN >= DATE_ADD(CURRENT_DATE(),INTERVAL 4 DAY) ) THEN
    SELECT t1.APPOINTMENT_DATE, 
           t1.DOCTOR_ID, 
           t2.DOCTOR_PHOTO, 
           t2.DOCTOR_NAME,
           t8.LANGUAGE_NAME,
           t3.CLINIC_USER_ID,
           t4.CLINIC_PHOTO,
           t4.CLINIC_NAME, 
           t4.CLINIC_ADDR, 
           t4.CLINIC_SUBURB, 
           t4.CLINIC_LAT,
           t4.CLINIC_LNG,
           t5.STATE_NAME, 
           t1.APPOINTMENT_TIME 
    FROM   fd_rel_doctor_appointment_time t1 
           LEFT JOIN fd_doctor t2 
                  ON t1.DOCTOR_ID = t2.DOCTOR_ID 
           LEFT JOIN fd_rel_clinic_doctor t3 
                  ON t2.DOCTOR_ID = t3.DOCTOR_ID 
           LEFT JOIN fd_clinic_user t4 
                  ON t3.CLINIC_USER_ID = t4.CLINIC_USER_ID 
           LEFT JOIN fd_dict_state t5 
                  ON t4.STATE_ID = t5.STATE_ID 
           LEFT JOIN (
		   select t6.DOCTOR_ID,GROUP_CONCAT(t7.LANGUAGE_NAME  SEPARATOR ',') as LANGUAGE_NAME from
fd_rel_doctor_language as t6 left join fd_dict_language as t7 on t6.LANGUAGE_ID = t7.LANGUAGE_ID
group by t6.DOCTOR_ID
		   ) t8
           ON t1.DOCTOR_ID = t8.DOCTOR_ID
    WHERE  t1.ACTIVE_STATUS = 1 
           AND t1.APPOINTMENT_DATE >= DATE_SUB(DATEIN,INTERVAL 3 DAY)
           AND t1.APPOINTMENT_DATE <= DATE_ADD(DATEIN,INTERVAL 3 DAY)
           AND CONCAT(t1.APPOINTMENT_DATE, ' ', t1.APPOINTMENT_TIME) > Now() 
           AND ( t5.STATE_NAME = STATEIN 
                  OR STATEIN = '' ) 
           AND ( t4.CLINIC_SUBURB = SUBURBIN 
                  OR SUBURBIN = '' ) 
           AND ( t4.CLINIC_POSTCODE = POSTCODEIN 
                  OR POSTCODEIN = '' ) 
           AND ( t2.DOCTOR_TYPE = DOCTORTYPEIN 
                  OR DOCTORTYPEIN = '' ) 
           AND ( t4.CLINIC_NAME = CLINICNAMEIN 
                  OR CLINICNAMEIN = '' ) 
           AND ( t2.DOCTOR_NAME like CONCAT('%', DOCTORNAMEIN, '%')
                  OR DOCTORNAMEIN = '' ) 
           AND ( t1.DOCTOR_ID = DOCTORIDIN
                OR DOCTORIDIN='')
           AND ( t3.CLINIC_USER_ID = CLINICIDIN
                OR CLINICIDIN='')
    ORDER BY t1.APPOINTMENT_DATE asc, 
              t1.DOCTOR_ID asc, 
              t1.APPOINTMENT_TIME asc; 
  ELSE 
    SELECT t1.APPOINTMENT_DATE, 
           t1.DOCTOR_ID, 
           t2.DOCTOR_PHOTO, 
           t2.DOCTOR_NAME, 
           t8.LANGUAGE_NAME,
           t3.CLINIC_USER_ID,
           t4.CLINIC_PHOTO,
           t4.CLINIC_NAME, 
           t4.CLINIC_ADDR, 
           t4.CLINIC_SUBURB, 
           t4.CLINIC_LAT,
           t4.CLINIC_LNG,
           t5.STATE_NAME, 
           t1.APPOINTMENT_TIME 
    FROM   fd_rel_doctor_appointment_time t1 
           LEFT JOIN fd_doctor t2 
                  ON t1.DOCTOR_ID = t2.DOCTOR_ID 
           LEFT JOIN fd_rel_clinic_doctor t3 
                  ON t2.DOCTOR_ID = t3.DOCTOR_ID 
           LEFT JOIN fd_clinic_user t4 
                  ON t3.CLINIC_USER_ID = t4.CLINIC_USER_ID 
           LEFT JOIN fd_dict_state t5 
                  ON t4.STATE_ID = t5.STATE_ID
           LEFT JOIN (
		   select t6.DOCTOR_ID,GROUP_CONCAT(t7.LANGUAGE_NAME  SEPARATOR ',') as LANGUAGE_NAME from
fd_rel_doctor_language as t6 left join fd_dict_language as t7 on t6.LANGUAGE_ID = t7.LANGUAGE_ID
group by t6.DOCTOR_ID
		   ) t8
           ON t1.DOCTOR_ID = t8.DOCTOR_ID
    WHERE  t1.ACTIVE_STATUS = 1 
           AND t1.APPOINTMENT_DATE >= CURRENT_DATE() 
           AND t1.APPOINTMENT_DATE <= DATE_ADD(DATEIN,INTERVAL 6 DAY)
           AND CONCAT(t1.APPOINTMENT_DATE, ' ', t1.APPOINTMENT_TIME) > Now() 
           AND ( t5.STATE_NAME = STATEIN 
                  OR STATEIN = '' ) 
           AND ( t4.CLINIC_SUBURB = SUBURBIN 
                  OR SUBURBIN = '' ) 
           AND ( t4.CLINIC_POSTCODE = POSTCODEIN 
                  OR POSTCODEIN = '' ) 
           AND ( t2.DOCTOR_TYPE = DOCTORTYPEIN 
                  OR DOCTORTYPEIN = '' ) 
           AND ( t4.CLINIC_NAME = CLINICNAMEIN 
                  OR CLINICNAMEIN = '' ) 
           AND ( t2.DOCTOR_NAME like CONCAT('%', DOCTORNAMEIN, '%') 
                  OR DOCTORNAMEIN = '' ) 
           AND ( t1.DOCTOR_ID = DOCTORIDIN
                OR DOCTORIDIN='')
           AND ( t3.CLINIC_USER_ID = CLINICIDIN
                OR CLINICIDIN='')
    ORDER BY t1.APPOINTMENT_DATE asc, 
              t1.DOCTOR_ID asc, 
              t1.APPOINTMENT_TIME asc; 
  END IF; 
  
END$$

DELIMITER ;

-- --------------------------------------------------------

--
-- 表的结构 `ap_patient`
--

CREATE TABLE `ap_patient` (
  `id` int(11) NOT NULL,
  `CUSTOMER_USER_ID` int(11) NOT NULL,
  `title` varchar(50) NOT NULL,
  `first_name` varchar(50) NOT NULL,
  `last_name` varchar(50) NOT NULL,
  `gender` varchar(50) NOT NULL,
  `dob` varchar(50) NOT NULL,
  `email` varchar(50) NOT NULL,
  `phone_mobile` varchar(50) NOT NULL,
  `medicare_no` varchar(50) NOT NULL,
  `medicare_ref` varchar(50) NOT NULL,
  `CREATE_USER` varchar(50) NOT NULL,
  `CREATE_DATE` datetime NOT NULL,
  `UPDATE_USER` varchar(50) NOT NULL,
  `UPDATE_DATE` datetime NOT NULL
) ENGINE=InnoDB DEFAULT CHARSET=utf8;

--
-- 转存表中的数据 `ap_patient`
--

INSERT INTO `ap_patient` (`id`, `CUSTOMER_USER_ID`, `title`, `first_name`, `last_name`, `gender`, `dob`, `email`, `phone_mobile`, `medicare_no`, `medicare_ref`, `CREATE_USER`, `CREATE_DATE`, `UPDATE_USER`, `UPDATE_DATE`) VALUES
(22, 184, 'Mr', 'x', 'x', 'M', '11/11/1983', 'fudanyinxin@gmail.com', '0412341234', '1231231231', '1', 'fudanyinxin@gmail.com', '2016-10-03 18:42:22', '', '0000-00-00 00:00:00'),
(23, 187, 'Mr', 'xin', 'yin', 'M', '11/11/1983', 'fudanyinxin@gmail.com', '0412341234', '1231231231', '1', 'fudanyinxin@gmail.com', '2016-12-02 09:59:13', '', '0000-00-00 00:00:00'),
(24, 205, 'Miss', '1555', '1', 'F', '1999-11-11', '2@2.com', '0412341234', '1231231231', '1', '2@2.com', '2016-12-26 13:34:04', '2@2.com', '2016-12-26 13:41:26');

-- --------------------------------------------------------

--
-- 表的结构 `fd_admin`
--

CREATE TABLE `fd_admin` (
  `ADMIN_ID` int(11) NOT NULL,
  `ADMIN_NAME` varchar(50) NOT NULL,
  `ADMIN_PWD` varchar(50) NOT NULL,
  `CREATE_USER` varchar(50) NOT NULL,
  `CREATE_DATE` datetime NOT NULL,
  `UPDATE_USER` varchar(50) NOT NULL,
  `UPDATE_DATE` datetime NOT NULL
) ENGINE=InnoDB DEFAULT CHARSET=utf8;

--
-- 转存表中的数据 `fd_admin`
--

INSERT INTO `fd_admin` (`ADMIN_ID`, `ADMIN_NAME`, `ADMIN_PWD`, `CREATE_USER`, `CREATE_DATE`, `UPDATE_USER`, `UPDATE_DATE`) VALUES
(1, 'admin', '21232f297a57a5a743894a0e4a801fc3', '', '0000-00-00 00:00:00', 'admin', '2016-09-24 17:53:48');

-- --------------------------------------------------------

--
-- 表的结构 `fd_clinic_user`
--

CREATE TABLE `fd_clinic_user` (
  `CLINIC_USER_ID` int(11) NOT NULL,
  `CLINIC_USER_PWD` varchar(50) NOT NULL,
  `CLINIC_USER_MAIL` varchar(50) NOT NULL,
  `CLINIC_NAME` varchar(200) NOT NULL,
  `CLINIC_PHOTO` varchar(200) NOT NULL,
  `CLINIC_ADDR` varchar(200) NOT NULL,
  `CLINIC_POSTCODE` varchar(50) NOT NULL,
  `CLINIC_SUBURB` varchar(50) NOT NULL,
  `CLINIC_LAT` varchar(20) NOT NULL,
  `CLINIC_LNG` varchar(20) NOT NULL,
  `STATE_ID` int(11) NOT NULL,
  `ACTIVE_STATUS` int(11) DEFAULT '1',
  `NOTE` varchar(200) DEFAULT NULL,
  `CREATE_USER` varchar(50) NOT NULL,
  `CREATE_DATE` datetime NOT NULL,
  `UPDATE_USER` varchar(50) NOT NULL,
  `UPDATE_DATE` datetime NOT NULL
) ENGINE=InnoDB DEFAULT CHARSET=utf8;

--
-- 转存表中的数据 `fd_clinic_user`
--

INSERT INTO `fd_clinic_user` (`CLINIC_USER_ID`, `CLINIC_USER_PWD`, `CLINIC_USER_MAIL`, `CLINIC_NAME`, `CLINIC_PHOTO`, `CLINIC_ADDR`, `CLINIC_POSTCODE`, `CLINIC_SUBURB`, `CLINIC_LAT`, `CLINIC_LNG`, `STATE_ID`, `ACTIVE_STATUS`, `NOTE`, `CREATE_USER`, `CREATE_DATE`, `UPDATE_USER`, `UPDATE_DATE`) VALUES
(1, '89634c352f3a1dc151e8cd19a859f27a', 'bencaotang@gmail.com', 'Box Hill Superclinic', 'img/clinics/test_bencaotang.jpg', '810 Whitehorse Road', '3127', 'Box Hill', '-37.8174219', '145.11538080000003', 7, 1, NULL, 'bencaotang@gmail.com', '2017-01-23 08:37:39', 'bencaotang@gmail.com', '2017-04-05 09:36:30'),
(2, '25ccd325869097a683e3466ffcaf31cf', 'baozhilin@gmail.com', 'Box Hill Medical Centre', 'img/clinics/test_baozhilin.jpg', '528 Station Street', '3128', 'Box Hill', '-37.8217264', '145.1234872', 7, 1, NULL, 'baozhilin@gmail.com', '2017-01-20 13:16:46', 'baozhilin@gmail.com', '2017-04-06 03:55:57'),
(3, 'fef7a0536578a077d04989b3c8f98dbd', 'jingwumen@gmail.com', 'Box Hill Mall Medical Centre', 'img/clinics/test_jingwumen.jpg', '8 Market Street', '3128', 'Box Hill', '-37.8183494', '145.12197179999998', 7, 1, NULL, 'jingwumen@gmail.com', '2017-01-20 13:18:09', 'jingwumen@gmail.com', '2017-04-06 03:56:35');

-- --------------------------------------------------------

--
-- 表的结构 `fd_customer_user`
--

CREATE TABLE `fd_customer_user` (
  `CUSTOMER_USER_ID` int(11) NOT NULL,
  `CUSTOMER_USER_PWD` varchar(50) NOT NULL,
  `CUSTOMER_USER_MAIL` varchar(50) NOT NULL,
  `CUSTOMER_FIRSTNAME` varchar(50) NOT NULL,
  `CUSTOMER_LASTNAME` varchar(50) NOT NULL,
  `TITLE_ID` int(11) NOT NULL,
  `GENDER_ID` int(11) NOT NULL,
  `CUSTOMER_BIRTHDAY` varchar(50) NOT NULL,
  `CUSTOMER_ADDR` varchar(200) NOT NULL,
  `CUSTOMER_POSTCODE` varchar(50) NOT NULL,
  `CUSTOMER_SUBURB` varchar(50) NOT NULL,
  `CUSTOMER_LAT` varchar(20) NOT NULL,
  `CUSTOMER_LNG` varchar(20) NOT NULL,
  `STATE_ID` int(11) NOT NULL,
  `CUSTOMER_PHONE_NO` varchar(50) NOT NULL,
  `MEDICAL_CARD_NO` varchar(50) NOT NULL,
  `ACTIVE_STATUS` int(11) NOT NULL DEFAULT '1',
  `NOTE` varchar(200) NOT NULL,
  `CREATE_USER` varchar(50) NOT NULL,
  `CREATE_DATE` datetime NOT NULL,
  `UPDATE_USER` varchar(50) NOT NULL,
  `UPDATE_DATE` datetime NOT NULL
) ENGINE=InnoDB DEFAULT CHARSET=utf8;

--
-- 转存表中的数据 `fd_customer_user`
--

INSERT INTO `fd_customer_user` (`CUSTOMER_USER_ID`, `CUSTOMER_USER_PWD`, `CUSTOMER_USER_MAIL`, `CUSTOMER_FIRSTNAME`, `CUSTOMER_LASTNAME`, `TITLE_ID`, `GENDER_ID`, `CUSTOMER_BIRTHDAY`, `CUSTOMER_ADDR`, `CUSTOMER_POSTCODE`, `CUSTOMER_SUBURB`, `CUSTOMER_LAT`, `CUSTOMER_LNG`, `STATE_ID`, `CUSTOMER_PHONE_NO`, `MEDICAL_CARD_NO`, `ACTIVE_STATUS`, `NOTE`, `CREATE_USER`, `CREATE_DATE`, `UPDATE_USER`, `UPDATE_DATE`) VALUES
(207, '098f6bcd4621d373cade4e832627b4f6', 'test@gmail.com', 'test', 'test', 0, 0, '11/11/1983', '1 Whitehorse Road', '3128', 'Box Hill', '', '', 7, '0412341234', '1231231231', 1, '', 'test@gmail.com', '2017-01-23 09:51:38', 'test@gmail.com', '2017-01-23 09:51:38');

-- --------------------------------------------------------

--
-- 表的结构 `fd_dict_appointment_status`
--

CREATE TABLE `fd_dict_appointment_status` (
  `APPOINTMENT_STATUS_ID` int(11) NOT NULL,
  `APPOINTMENT_STATUS` varchar(50) NOT NULL
) ENGINE=InnoDB DEFAULT CHARSET=utf8;

--
-- 转存表中的数据 `fd_dict_appointment_status`
--

INSERT INTO `fd_dict_appointment_status` (`APPOINTMENT_STATUS_ID`, `APPOINTMENT_STATUS`) VALUES
(1, 'Booked'),
(2, 'Cancelled'),
(3, 'Check in'),
(4, 'No show');

-- --------------------------------------------------------

--
-- 表的结构 `fd_dict_gender_ch`
--

CREATE TABLE `fd_dict_gender_ch` (
  `GENDER_ID` int(11) NOT NULL,
  `GENDER_NAME` varchar(50) NOT NULL
) ENGINE=InnoDB DEFAULT CHARSET=utf8;

--
-- 转存表中的数据 `fd_dict_gender_ch`
--

INSERT INTO `fd_dict_gender_ch` (`GENDER_ID`, `GENDER_NAME`) VALUES
(0, '女'),
(1, '男');

-- --------------------------------------------------------

--
-- 表的结构 `fd_dict_gender_en`
--

CREATE TABLE `fd_dict_gender_en` (
  `GENDER_ID` int(11) NOT NULL,
  `GENDER_NAME` varchar(50) NOT NULL
) ENGINE=InnoDB DEFAULT CHARSET=utf8;

--
-- 转存表中的数据 `fd_dict_gender_en`
--

INSERT INTO `fd_dict_gender_en` (`GENDER_ID`, `GENDER_NAME`) VALUES
(0, 'Female'),
(1, 'Male');

-- --------------------------------------------------------

--
-- 表的结构 `fd_dict_language`
--

CREATE TABLE `fd_dict_language` (
  `LANGUAGE_ID` int(11) NOT NULL,
  `LANGUAGE_NAME` varchar(20) NOT NULL
) ENGINE=InnoDB DEFAULT CHARSET=latin1;

--
-- 转存表中的数据 `fd_dict_language`
--

INSERT INTO `fd_dict_language` (`LANGUAGE_ID`, `LANGUAGE_NAME`) VALUES
(0, 'English'),
(1, 'Chinese'),
(2, 'Spanish'),
(3, 'Arabic');

-- --------------------------------------------------------

--
-- 表的结构 `fd_dict_log_type`
--

CREATE TABLE `fd_dict_log_type` (
  `LOG_TYPE_ID` int(11) NOT NULL,
  `LOG_TYPE` varchar(50) NOT NULL
) ENGINE=InnoDB DEFAULT CHARSET=utf8;

-- --------------------------------------------------------

--
-- 表的结构 `fd_dict_search`
--

CREATE TABLE `fd_dict_search` (
  `SEARCH_ID` int(11) NOT NULL,
  `SEARCH_CONTENT` varchar(50) NOT NULL
) ENGINE=InnoDB DEFAULT CHARSET=utf8;

--
-- 转存表中的数据 `fd_dict_search`
--

INSERT INTO `fd_dict_search` (`SEARCH_ID`, `SEARCH_CONTENT`) VALUES
(1, '诊所区域'),
(2, '诊所名称'),
(3, '医生类别'),
(4, '医生姓名'),
(5, '预约时间'),
(6, '医生距离');

-- --------------------------------------------------------

--
-- 表的结构 `fd_dict_state`
--

CREATE TABLE `fd_dict_state` (
  `STATE_ID` int(11) NOT NULL,
  `STATE_NAME` varchar(50) NOT NULL,
  `STATE_POSTCODE` varchar(50) NOT NULL
) ENGINE=InnoDB DEFAULT CHARSET=utf8;

--
-- 转存表中的数据 `fd_dict_state`
--

INSERT INTO `fd_dict_state` (`STATE_ID`, `STATE_NAME`, `STATE_POSTCODE`) VALUES
(1, 'QLD', ''),
(2, 'NSW', ''),
(3, 'ACT', ''),
(4, 'NT', ''),
(5, 'SA', ''),
(6, 'TAS', ''),
(7, 'VIC', ''),
(8, 'WA', '');

-- --------------------------------------------------------

--
-- 表的结构 `fd_dict_title`
--

CREATE TABLE `fd_dict_title` (
  `TITLE_ID` int(11) NOT NULL,
  `TITLE_NAME` varchar(50) NOT NULL
) ENGINE=InnoDB DEFAULT CHARSET=utf8;

--
-- 转存表中的数据 `fd_dict_title`
--

INSERT INTO `fd_dict_title` (`TITLE_ID`, `TITLE_NAME`) VALUES
(0, 'Mr'),
(1, 'Mrs'),
(2, 'Ms'),
(3, 'Miss'),
(4, 'Master'),
(5, 'Dr');

-- --------------------------------------------------------

--
-- 表的结构 `fd_doctor`
--

CREATE TABLE `fd_doctor` (
  `DOCTOR_ID` int(11) NOT NULL,
  `DOCTOR_TYPE` varchar(50) NOT NULL,
  `DOCTOR_NAME` varchar(50) NOT NULL,
  `DOCTOR_GENDER` varchar(50) NOT NULL,
  `ACTIVE_STATUS` int(11) NOT NULL,
  `DOCTOR_PHOTO` varchar(200) NOT NULL,
  `DOCTOR_INFO` varchar(2000) NOT NULL,
  `NOTE` varchar(200) NOT NULL,
  `DOCTOR_ID_IMPORT` int(11) NOT NULL,
  `CREATE_USER` varchar(50) NOT NULL,
  `CREATE_DATE` datetime NOT NULL,
  `UPDATE_USER` varchar(50) NOT NULL,
  `UPDATE_DATE` datetime NOT NULL
) ENGINE=InnoDB DEFAULT CHARSET=utf8;

--
-- 转存表中的数据 `fd_doctor`
--

INSERT INTO `fd_doctor` (`DOCTOR_ID`, `DOCTOR_TYPE`, `DOCTOR_NAME`, `DOCTOR_GENDER`, `ACTIVE_STATUS`, `DOCTOR_PHOTO`, `DOCTOR_INFO`, `NOTE`, `DOCTOR_ID_IMPORT`, `CREATE_USER`, `CREATE_DATE`, `UPDATE_USER`, `UPDATE_DATE`) VALUES
(1, 'GP', 'JohnDoe', '0', 1, 'img/doctors/test_huatuo.jpg', '', '', 0, '', '0000-00-00 00:00:00', '', '0000-00-00 00:00:00'),
(2, 'GP', 'Frank Underwood', '', 1, 'img/doctors/test_bianque.jpg', '', '', 0, '', '0000-00-00 00:00:00', '', '0000-00-00 00:00:00'),
(3, 'GP', 'Cal Lightman', '', 1, 'img/doctors/test_lishizhen.jpg', '', '', 0, '', '0000-00-00 00:00:00', '', '0000-00-00 00:00:00'),
(4, 'GP', 'Roy Brench', '', 1, 'img/doctors/test_huangfeihong.jpg', '', '', 0, '', '0000-00-00 00:00:00', '', '0000-00-00 00:00:00'),
(5, 'GP', 'Gillian Foster', '', 1, 'img/doctors/test_shisanyi.jpg', '', '', 0, '', '0000-00-00 00:00:00', '', '0000-00-00 00:00:00'),
(6, 'GP', 'Ria Torres', '', 1, 'img/doctors/test_linshirong.jpg', '', '', 0, '', '0000-00-00 00:00:00', '', '0000-00-00 00:00:00'),
(7, 'GP', 'Jane Bob', '', 1, 'img/doctors/test_huoyuanjia.jpg', '', '', 6, '', '0000-00-00 00:00:00', '', '0000-00-00 00:00:00'),
(8, 'GP', 'Maurice Moss', '', 1, 'img/doctors/test_chenzhen.jpg', '', '', 0, '', '0000-00-00 00:00:00', '', '0000-00-00 00:00:00'),
(9, 'GP', 'Douglas Reynholm', '', 1, 'img/doctors/test_huotingen.jpg', '', '', 6, '', '0000-00-00 00:00:00', '', '0000-00-00 00:00:00');

-- --------------------------------------------------------

--
-- 表的结构 `fd_function`
--

CREATE TABLE `fd_function` (
  `FUNCTION_ID` int(11) NOT NULL,
  `FUNCTION_CODE` varchar(50) NOT NULL,
  `FUNCTION_NAME` varchar(50) NOT NULL,
  `NOTE` varchar(200) NOT NULL,
  `CREATE_USER` varchar(50) NOT NULL,
  `CREATE_DATE` datetime NOT NULL,
  `UPDATE_USER` varchar(50) NOT NULL,
  `UPDATE_DATE` datetime NOT NULL
) ENGINE=InnoDB DEFAULT CHARSET=utf8;

-- --------------------------------------------------------

--
-- 表的结构 `fd_log`
--

CREATE TABLE `fd_log` (
  `LOG_ID` int(11) NOT NULL,
  `LOG_TYPE_ID` int(11) NOT NULL,
  `FUNCTION_ID` varchar(50) NOT NULL,
  `FUNCTION_NAME` varchar(50) NOT NULL,
  `LOG_CONTENT` varchar(200) NOT NULL,
  `CREATE_DATE` datetime NOT NULL,
  `CREATE_USER` varchar(50) NOT NULL,
  `UPDATE_USER` varchar(50) NOT NULL,
  `UPDATE_DATE` datetime NOT NULL
) ENGINE=InnoDB DEFAULT CHARSET=utf8;

-- --------------------------------------------------------

--
-- 表的结构 `fd_rel_clinic_doctor`
--

CREATE TABLE `fd_rel_clinic_doctor` (
  `CLINIC_DOCTOR_ID` int(11) NOT NULL,
  `CLINIC_USER_ID` int(11) NOT NULL,
  `DOCTOR_ID` int(11) NOT NULL,
  `CREATE_USER` varchar(50) NOT NULL,
  `CREATE_DATE` datetime NOT NULL,
  `UPDATE_USER` varchar(50) NOT NULL,
  `UPDATE_DATE` datetime NOT NULL
) ENGINE=InnoDB DEFAULT CHARSET=utf8;

--
-- 转存表中的数据 `fd_rel_clinic_doctor`
--

INSERT INTO `fd_rel_clinic_doctor` (`CLINIC_DOCTOR_ID`, `CLINIC_USER_ID`, `DOCTOR_ID`, `CREATE_USER`, `CREATE_DATE`, `UPDATE_USER`, `UPDATE_DATE`) VALUES
(1, 1, 1, 'admin', '2016-08-16 00:00:00', 'admin', '2016-08-16 00:00:00'),
(2, 1, 2, 'admin', '2016-08-16 00:00:00', 'admin', '2016-08-16 00:00:00'),
(3, 1, 3, 'admin', '2016-08-22 00:00:00', 'admin', '2016-08-22 00:00:00'),
(4, 2, 4, 'admin', '2016-08-22 00:00:00', 'admin', '2016-08-22 00:00:00'),
(12, 3, 7, 'admin', '2016-08-16 00:00:00', 'admin', '2016-08-16 00:00:00'),
(13, 3, 8, 'admin', '2016-08-16 00:00:00', 'admin', '2016-08-16 00:00:00'),
(14, 3, 9, 'admin', '2016-08-22 00:00:00', 'admin', '2016-08-22 00:00:00'),
(15, 2, 5, 'admin', '2016-08-22 00:00:00', 'admin', '2016-08-22 00:00:00'),
(16, 2, 6, 'admin', '2016-08-16 00:00:00', 'admin', '2016-08-16 00:00:00');

-- --------------------------------------------------------

--
-- 表的结构 `fd_rel_customer_appointment`
--

CREATE TABLE `fd_rel_customer_appointment` (
  `CUSTOMER_APPOINTMENT_ID` int(11) NOT NULL,
  `CUSTOMER_USER_ID` int(11) NOT NULL,
  `DOCTOR_ID` int(11) NOT NULL,
  `DOCTOR_APPOINTMENT_TIME_ID` int(11) NOT NULL,
  `APPOINTMENT_STATUS_ID` int(11) NOT NULL,
  `NOTE` varchar(200) NOT NULL,
  `CREATE_USER` varchar(50) NOT NULL,
  `CREATE_DATE` datetime NOT NULL,
  `UPDATE_USER` varchar(50) NOT NULL,
  `UPDATE_DATE` datetime NOT NULL
) ENGINE=InnoDB DEFAULT CHARSET=utf8;

--
-- 转存表中的数据 `fd_rel_customer_appointment`
--

INSERT INTO `fd_rel_customer_appointment` (`CUSTOMER_APPOINTMENT_ID`, `CUSTOMER_USER_ID`, `DOCTOR_ID`, `DOCTOR_APPOINTMENT_TIME_ID`, `APPOINTMENT_STATUS_ID`, `NOTE`, `CREATE_USER`, `CREATE_DATE`, `UPDATE_USER`, `UPDATE_DATE`) VALUES
(1, 187, 61339, 15234, 1, '', 'fudanyinxin@gmail.com', '2016-12-13 07:44:59', 'fudanyinxin@gmail.com', '2016-12-13 07:44:59'),
(2, 187, 61339, 15210, 1, '', 'fudanyinxin@gmail.com', '2016-12-13 07:50:18', 'fudanyinxin@gmail.com', '2016-12-13 07:50:18'),
(3, 187, 61339, 15205, 1, '', 'fudanyinxin@gmail.com', '2016-12-13 07:50:46', 'fudanyinxin@gmail.com', '2016-12-13 07:50:46'),
(4, 187, 61339, 15209, 1, '', 'fudanyinxin@gmail.com', '2016-12-13 07:51:29', 'fudanyinxin@gmail.com', '2016-12-13 07:51:29'),
(5, 187, 61340, 15216, 1, '', 'fudanyinxin@gmail.com', '2016-12-13 07:55:02', 'fudanyinxin@gmail.com', '2016-12-13 07:55:02'),
(6, 0, 61337, 15280, 1, '', 'shelleymyl@gmail.com', '2017-01-19 09:51:07', 'shelleymyl@gmail.com', '2017-01-19 09:51:07'),
(7, 0, 61337, 15294, 1, '', 'shelleymyl@gmail.com', '2017-01-19 09:57:22', 'shelleymyl@gmail.com', '2017-01-19 09:57:22'),
(8, 0, 9, 15800, 1, '', 'test@gmail.com', '2017-02-02 15:09:20', 'test@gmail.com', '2017-02-02 15:09:20'),
(9, 207, 9, 15814, 1, '', 'test@gmail.com', '2017-02-02 15:10:07', 'test@gmail.com', '2017-02-02 15:10:07'),
(10, 0, 9, 15804, 1, '', 'test@gmail.com', '2017-02-02 15:21:27', 'test@gmail.com', '2017-02-02 15:21:27'),
(11, 0, 9, 15814, 1, '', 'test@gmail.com', '2017-02-02 15:35:40', 'test@gmail.com', '2017-02-02 15:35:40'),
(12, 0, 9, 15801, 1, '', 'test@gmail.com', '2017-02-02 15:35:53', 'test@gmail.com', '2017-02-02 15:35:53'),
(13, 207, 9, 15801, 1, '', 'test@gmail.com', '2017-02-02 15:37:17', 'test@gmail.com', '2017-02-02 15:37:17'),
(14, 207, 9, 15800, 1, '', 'test@gmail.com', '2017-02-05 10:25:51', 'test@gmail.com', '2017-02-05 10:25:51'),
(15, 207, 9, 15802, 1, '', 'test@gmail.com', '2017-02-05 10:26:34', 'test@gmail.com', '2017-02-05 10:26:34'),
(16, 207, 1, 16295, 1, '', 'test@gmail.com', '2017-02-05 10:40:50', 'test@gmail.com', '2017-02-05 10:40:50'),
(17, 207, 1, 15890, 1, '', 'test@gmail.com', '2017-02-05 10:41:26', 'test@gmail.com', '2017-02-05 10:41:26'),
(18, 207, 2, 16296, 1, '', 'test@gmail.com', '2017-02-05 10:42:05', 'test@gmail.com', '2017-02-05 10:42:05'),
(19, 207, 3, 16306, 1, '', 'test@gmail.com', '2017-02-06 17:32:04', 'test@gmail.com', '2017-02-06 17:32:04'),
(20, 208, 1, 16564, 1, '', 't@gmail.com', '2017-02-16 21:41:57', 't@gmail.com', '2017-02-16 21:41:57'),
(21, 209, 1, 16556, 1, '', 'er@gmail.com', '2017-02-16 21:43:42', 'er@gmail.com', '2017-02-16 21:43:42'),
(22, 210, 1, 16558, 1, '', 'h@g.com', '2017-02-16 21:57:55', 'h@g.com', '2017-02-16 21:57:55'),
(23, 207, 1, 17165, 1, '', 'test@gmail.com', '2017-03-03 08:34:56', 'test@gmail.com', '2017-03-03 08:34:56'),
(24, 207, 11, 19429, 1, '', 'test@gmail.com', '2017-03-28 11:33:38', 'test@gmail.com', '2017-03-28 11:33:38'),
(25, 207, 11, 19430, 1, '', 'test@gmail.com', '2017-03-28 11:34:16', 'test@gmail.com', '2017-03-28 11:34:16');

-- --------------------------------------------------------

--
-- 表的结构 `fd_rel_customer_appointment_his`
--

CREATE TABLE `fd_rel_customer_appointment_his` (
  `CUSTOMER_APPOINTMENT_ID` int(11) NOT NULL,
  `CUSTOMER_USER_ID` int(11) NOT NULL,
  `DOCTOR_ID` int(11) NOT NULL,
  `DOCTOR_APPOINTMENT_TIME_ID` int(11) NOT NULL,
  `APPOINTMENT_STATUS_ID` varchar(50) NOT NULL,
  `OPERATOR_STATUS` varchar(50) NOT NULL,
  `NOTE` varchar(200) NOT NULL,
  `CREATE_USER` varchar(50) NOT NULL,
  `CREATE_DATE` datetime NOT NULL,
  `UPDATE_USER` varchar(50) NOT NULL,
  `UPDATE_DATE` datetime NOT NULL
) ENGINE=InnoDB DEFAULT CHARSET=utf8;

--
-- 转存表中的数据 `fd_rel_customer_appointment_his`
--

INSERT INTO `fd_rel_customer_appointment_his` (`CUSTOMER_APPOINTMENT_ID`, `CUSTOMER_USER_ID`, `DOCTOR_ID`, `DOCTOR_APPOINTMENT_TIME_ID`, `APPOINTMENT_STATUS_ID`, `OPERATOR_STATUS`, `NOTE`, `CREATE_USER`, `CREATE_DATE`, `UPDATE_USER`, `UPDATE_DATE`) VALUES
(85, 184, 1, 36, '1', 'A', '', 'fudanyinxin@gmail.com', '2016-10-03 18:42:45', 'fudanyinxin@gmail.com', '2016-10-03 18:42:45'),
(86, 184, 1, 37, '1', 'A', '', 'fudanyinxin@gmail.com', '2016-10-03 18:43:02', 'fudanyinxin@gmail.com', '2016-10-03 18:43:02'),
(87, 185, 61337, 15068, '1', 'A', '', 'kitty', '2016-11-12 07:33:36', 'kitty', '2016-11-12 07:33:36'),
(88, 186, 61337, 15130, '1', 'A', '', 'dodo', '2016-11-12 07:46:31', 'dodo', '2016-11-12 07:46:31'),
(89, 187, 61337, 15132, '1', 'A', '', 'fudanyinxin@gmail.com', '2016-12-11 06:29:43', 'fudanyinxin@gmail.com', '2016-12-11 06:29:43'),
(90, 187, 0, 15132, '1', 'A', '', 'fudanyinxin@gmail.com', '2016-12-11 06:32:26', 'fudanyinxin@gmail.com', '2016-12-11 06:32:26'),
(91, 187, 61337, 15184, '1', 'A', '', 'fudanyinxin@gmail.com', '2016-12-11 09:05:02', 'fudanyinxin@gmail.com', '2016-12-11 09:05:02'),
(92, 187, 61337, 15190, '1', 'A', '', 'fudanyinxin@gmail.com', '2016-12-11 09:06:26', 'fudanyinxin@gmail.com', '2016-12-11 09:06:26'),
(93, 187, 61337, 15198, '1', 'A', '', 'fudanyinxin@gmail.com', '2016-12-11 09:17:24', 'fudanyinxin@gmail.com', '2016-12-11 09:17:24'),
(94, 187, 61337, 15191, '1', 'A', '', 'fudanyinxin@gmail.com', '2016-12-11 09:46:33', 'fudanyinxin@gmail.com', '2016-12-11 09:46:33'),
(95, 187, 61337, 15192, '1', 'A', '', 'fudanyinxin@gmail.com', '2016-12-11 09:49:01', 'fudanyinxin@gmail.com', '2016-12-11 09:49:01'),
(96, 187, 61337, 15193, '1', 'A', '', 'fudanyinxin@gmail.com', '2016-12-11 09:49:14', 'fudanyinxin@gmail.com', '2016-12-11 09:49:14'),
(97, 187, 61337, 15194, '1', 'A', '', 'fudanyinxin@gmail.com', '2016-12-11 09:49:22', 'fudanyinxin@gmail.com', '2016-12-11 09:49:22'),
(98, 187, 61337, 15195, '1', 'A', '', 'fudanyinxin@gmail.com', '2016-12-11 09:49:33', 'fudanyinxin@gmail.com', '2016-12-11 09:49:33'),
(99, 187, 61337, 15196, '1', 'A', '', 'fudanyinxin@gmail.com', '2016-12-11 11:07:26', 'fudanyinxin@gmail.com', '2016-12-11 11:07:26'),
(100, 189, 0, 15197, '1', 'A', '', 'qwe', '2016-12-11 12:49:48', 'qwe', '2016-12-11 12:49:48'),
(101, 189, 61337, 15197, '1', 'A', '', 'qwe', '2016-12-11 12:49:51', 'qwe', '2016-12-11 12:49:51'),
(102, 190, 61339, 15187, '1', 'A', '', 'lop', '2016-12-11 12:51:40', 'lop', '2016-12-11 12:51:40'),
(103, 191, 61339, 15189, '1', 'A', '', 'dongfangbubai', '2016-12-11 12:53:36', 'dongfangbubai', '2016-12-11 12:53:36'),
(104, 191, 61337, 15134, '1', 'A', '', 'dongfangbubai', '2016-12-11 12:53:54', 'dongfangbubai', '2016-12-11 12:53:54'),
(105, 187, 61339, 15234, '1', 'A', '', 'fudanyinxin@gmail.com', '2016-12-13 07:44:59', 'fudanyinxin@gmail.com', '2016-12-13 07:44:59'),
(106, 187, 61339, 15210, '1', 'A', '', 'fudanyinxin@gmail.com', '2016-12-13 07:50:18', 'fudanyinxin@gmail.com', '2016-12-13 07:50:18'),
(107, 187, 61339, 15205, '1', 'A', '', 'fudanyinxin@gmail.com', '2016-12-13 07:50:46', 'fudanyinxin@gmail.com', '2016-12-13 07:50:46'),
(108, 187, 61339, 15209, '1', 'A', '', 'fudanyinxin@gmail.com', '2016-12-13 07:51:29', 'fudanyinxin@gmail.com', '2016-12-13 07:51:29'),
(109, 187, 61340, 15216, '1', 'A', '', 'fudanyinxin@gmail.com', '2016-12-13 07:55:02', 'fudanyinxin@gmail.com', '2016-12-13 07:55:02'),
(110, 0, 61337, 15280, '1', 'A', '', 'shelleymyl@gmail.com', '2017-01-19 09:51:07', 'shelleymyl@gmail.com', '2017-01-19 09:51:07'),
(111, 0, 61337, 15294, '1', 'A', '', 'shelleymyl@gmail.com', '2017-01-19 09:57:22', 'shelleymyl@gmail.com', '2017-01-19 09:57:22'),
(112, 0, 9, 15800, '1', 'A', '', 'test@gmail.com', '2017-02-02 15:09:20', 'test@gmail.com', '2017-02-02 15:09:20'),
(113, 0, 9, 15814, '1', 'A', '', 'test@gmail.com', '2017-02-02 15:10:07', 'test@gmail.com', '2017-02-02 15:10:07'),
(114, 0, 9, 15804, '1', 'A', '', 'test@gmail.com', '2017-02-02 15:21:27', 'test@gmail.com', '2017-02-02 15:21:27'),
(115, 0, 9, 15814, '1', 'A', '', 'test@gmail.com', '2017-02-02 15:35:40', 'test@gmail.com', '2017-02-02 15:35:40'),
(116, 0, 9, 15801, '1', 'A', '', 'test@gmail.com', '2017-02-02 15:35:53', 'test@gmail.com', '2017-02-02 15:35:53'),
(117, 207, 9, 15801, '1', 'A', '', 'test@gmail.com', '2017-02-02 15:37:17', 'test@gmail.com', '2017-02-02 15:37:17'),
(118, 207, 9, 15800, '1', 'A', '', 'test@gmail.com', '2017-02-05 10:25:51', 'test@gmail.com', '2017-02-05 10:25:51'),
(119, 207, 9, 15802, '1', 'A', '', 'test@gmail.com', '2017-02-05 10:26:34', 'test@gmail.com', '2017-02-05 10:26:34'),
(120, 207, 1, 16295, '1', 'A', '', 'test@gmail.com', '2017-02-05 10:40:50', 'test@gmail.com', '2017-02-05 10:40:50'),
(121, 207, 1, 15890, '1', 'A', '', 'test@gmail.com', '2017-02-05 10:41:26', 'test@gmail.com', '2017-02-05 10:41:26'),
(122, 207, 2, 16296, '1', 'A', '', 'test@gmail.com', '2017-02-05 10:42:05', 'test@gmail.com', '2017-02-05 10:42:05'),
(123, 207, 3, 16306, '1', 'A', '', 'test@gmail.com', '2017-02-06 17:32:04', 'test@gmail.com', '2017-02-06 17:32:04'),
(124, 208, 1, 16564, '1', 'A', '', 't@gmail.com', '2017-02-16 21:41:57', 't@gmail.com', '2017-02-16 21:41:57'),
(125, 209, 1, 16556, '1', 'A', '', 'er@gmail.com', '2017-02-16 21:43:42', 'er@gmail.com', '2017-02-16 21:43:42'),
(126, 210, 1, 16558, '1', 'A', '', 'h@g.com', '2017-02-16 21:57:55', 'h@g.com', '2017-02-16 21:57:55'),
(127, 207, 1, 17165, '1', 'A', '', 'test@gmail.com', '2017-03-03 08:34:56', 'test@gmail.com', '2017-03-03 08:34:56'),
(128, 207, 11, 19429, '1', 'A', '', 'test@gmail.com', '2017-03-28 11:33:38', 'test@gmail.com', '2017-03-28 11:33:38'),
(129, 207, 11, 19430, '1', 'A', '', 'test@gmail.com', '2017-03-28 11:34:16', 'test@gmail.com', '2017-03-28 11:34:16');

-- --------------------------------------------------------

--
-- 表的结构 `fd_rel_customer_doctor`
--

CREATE TABLE `fd_rel_customer_doctor` (
  `CUSTOMER_DOCTOR_ID` int(11) NOT NULL,
  `CUSTOMER_USER_ID` int(11) NOT NULL,
  `DOCTOR_ID` int(11) NOT NULL,
  `NOTE` varchar(200) NOT NULL,
  `CREATE_USER` varchar(50) NOT NULL,
  `CREATE_DATE` datetime NOT NULL,
  `UPDATE_USER` varchar(50) NOT NULL,
  `UPDATE_DATE` datetime NOT NULL
) ENGINE=InnoDB DEFAULT CHARSET=utf8;

--
-- 转存表中的数据 `fd_rel_customer_doctor`
--

INSERT INTO `fd_rel_customer_doctor` (`CUSTOMER_DOCTOR_ID`, `CUSTOMER_USER_ID`, `DOCTOR_ID`, `NOTE`, `CREATE_USER`, `CREATE_DATE`, `UPDATE_USER`, `UPDATE_DATE`) VALUES
(1, 187, 61338, '', 'fudanyinxin@gmail.com', '2016-12-12 15:41:43', 'fudanyinxin@gmail.com', '2016-12-12 15:41:43'),
(2, 187, 61339, '', 'fudanyinxin@gmail.com', '2016-12-12 17:49:43', 'fudanyinxin@gmail.com', '2016-12-12 17:49:43'),
(3, 187, 61337, '', 'fudanyinxin@gmail.com', '2016-12-13 04:56:19', 'fudanyinxin@gmail.com', '2016-12-13 04:56:19'),
(4, 187, 61340, '', 'fudanyinxin@gmail.com', '2016-12-13 06:03:32', 'fudanyinxin@gmail.com', '2016-12-13 06:03:32'),
(5, 0, 61338, '', 'fudanyinxin@gmail.com', '2016-12-14 07:54:12', 'fudanyinxin@gmail.com', '2016-12-14 07:54:12'),
(6, 0, 61338, '', 'fudanyinxin@gmail.com', '2016-12-14 07:54:19', 'fudanyinxin@gmail.com', '2016-12-14 07:54:19'),
(7, 207, 4, '', 'test@gmail.com', '2017-04-04 10:20:28', 'test@gmail.com', '2017-04-04 10:20:28'),
(8, 207, 1, '', 'test@gmail.com', '2017-04-04 10:34:54', 'test@gmail.com', '2017-04-04 10:34:54'),
(9, 207, 2, '', 'test@gmail.com', '2017-04-04 10:34:57', 'test@gmail.com', '2017-04-04 10:34:57');

-- --------------------------------------------------------

--
-- 表的结构 `fd_rel_doctor_appointment_time`
--

CREATE TABLE `fd_rel_doctor_appointment_time` (
  `DOCTOR_APPOINTMENT_TIME_ID` int(11) NOT NULL,
  `DOCTOR_ID` int(11) NOT NULL,
  `APPOINTMENT_DATE` date NOT NULL,
  `APPOINTMENT_TIME` time NOT NULL,
  `ACTIVE_STATUS` int(11) NOT NULL,
  `NOTE` varchar(200) NOT NULL,
  `REQUESTING_FLAG` int(11) NOT NULL,
  `REQUESTING_USER_ID` int(11) NOT NULL,
  `SUCCESSFUL_FLAG` int(11) NOT NULL,
  `CREATE_USER` varchar(50) NOT NULL,
  `CREATE_DATE` datetime NOT NULL,
  `UPDATE_USER` varchar(50) NOT NULL,
  `UPDATE_DATE` datetime NOT NULL
) ENGINE=InnoDB DEFAULT CHARSET=utf8;

--
-- 转存表中的数据 `fd_rel_doctor_appointment_time`
--

INSERT INTO `fd_rel_doctor_appointment_time` (`DOCTOR_APPOINTMENT_TIME_ID`, `DOCTOR_ID`, `APPOINTMENT_DATE`, `APPOINTMENT_TIME`, `ACTIVE_STATUS`, `NOTE`, `REQUESTING_FLAG`, `REQUESTING_USER_ID`, `SUCCESSFUL_FLAG`, `CREATE_USER`, `CREATE_DATE`, `UPDATE_USER`, `UPDATE_DATE`) VALUES
(20333, 1, '2017-04-02', '09:30:00', 1, '', 0, 0, 0, '', '0000-00-00 00:00:00', '', '0000-00-00 00:00:00'),
(20334, 1, '2017-04-02', '09:45:00', 1, '', 0, 0, 0, '', '0000-00-00 00:00:00', '', '0000-00-00 00:00:00'),
(20335, 1, '2017-04-02', '10:00:00', 1, '', 0, 0, 0, '', '0000-00-00 00:00:00', '', '0000-00-00 00:00:00'),
(20336, 1, '2017-04-02', '10:15:00', 1, '', 0, 0, 0, '', '0000-00-00 00:00:00', '', '0000-00-00 00:00:00'),
(20337, 1, '2017-04-02', '10:30:00', 1, '', 0, 0, 0, '', '0000-00-00 00:00:00', '', '0000-00-00 00:00:00'),
(20338, 1, '2017-04-02', '10:45:00', 1, '', 0, 0, 0, '', '0000-00-00 00:00:00', '', '0000-00-00 00:00:00'),
(20339, 1, '2017-04-02', '11:00:00', 1, '', 0, 0, 0, '', '0000-00-00 00:00:00', '', '0000-00-00 00:00:00'),
(20340, 1, '2017-04-02', '11:15:00', 1, '', 0, 0, 0, '', '0000-00-00 00:00:00', '', '0000-00-00 00:00:00'),
(20341, 1, '2017-04-02', '11:30:00', 1, '', 0, 0, 0, '', '0000-00-00 00:00:00', '', '0000-00-00 00:00:00'),
(20342, 2, '2017-04-02', '09:30:00', 1, '', 0, 0, 0, '', '0000-00-00 00:00:00', '', '0000-00-00 00:00:00'),
(20343, 2, '2017-04-02', '09:45:00', 1, '', 0, 0, 0, '', '0000-00-00 00:00:00', '', '0000-00-00 00:00:00'),
(20344, 2, '2017-04-02', '10:00:00', 1, '', 0, 0, 0, '', '0000-00-00 00:00:00', '', '0000-00-00 00:00:00'),
(20345, 2, '2017-04-02', '10:15:00', 1, '', 0, 0, 0, '', '0000-00-00 00:00:00', '', '0000-00-00 00:00:00'),
(20346, 2, '2017-04-02', '10:30:00', 1, '', 0, 0, 0, '', '0000-00-00 00:00:00', '', '0000-00-00 00:00:00'),
(20347, 2, '2017-04-02', '10:45:00', 1, '', 0, 0, 0, '', '0000-00-00 00:00:00', '', '0000-00-00 00:00:00'),
(20348, 2, '2017-04-02', '11:00:00', 1, '', 0, 0, 0, '', '0000-00-00 00:00:00', '', '0000-00-00 00:00:00'),
(20349, 2, '2017-04-02', '11:15:00', 1, '', 0, 0, 0, '', '0000-00-00 00:00:00', '', '0000-00-00 00:00:00'),
(20350, 2, '2017-04-02', '11:30:00', 1, '', 0, 0, 0, '', '0000-00-00 00:00:00', '', '0000-00-00 00:00:00'),
(20351, 3, '2017-04-02', '09:30:00', 1, '', 0, 0, 0, '', '0000-00-00 00:00:00', '', '0000-00-00 00:00:00'),
(20352, 3, '2017-04-02', '09:45:00', 1, '', 0, 0, 0, '', '0000-00-00 00:00:00', '', '0000-00-00 00:00:00'),
(20353, 3, '2017-04-02', '10:00:00', 1, '', 0, 0, 0, '', '0000-00-00 00:00:00', '', '0000-00-00 00:00:00'),
(20354, 3, '2017-04-02', '10:15:00', 1, '', 0, 0, 0, '', '0000-00-00 00:00:00', '', '0000-00-00 00:00:00'),
(20355, 3, '2017-04-02', '10:30:00', 1, '', 0, 0, 0, '', '0000-00-00 00:00:00', '', '0000-00-00 00:00:00'),
(20356, 3, '2017-04-02', '10:45:00', 1, '', 0, 0, 0, '', '0000-00-00 00:00:00', '', '0000-00-00 00:00:00'),
(20357, 3, '2017-04-02', '11:00:00', 1, '', 0, 0, 0, '', '0000-00-00 00:00:00', '', '0000-00-00 00:00:00'),
(20358, 3, '2017-04-02', '11:15:00', 1, '', 0, 0, 0, '', '0000-00-00 00:00:00', '', '0000-00-00 00:00:00'),
(20359, 3, '2017-04-02', '11:30:00', 1, '', 0, 0, 0, '', '0000-00-00 00:00:00', '', '0000-00-00 00:00:00'),
(20360, 4, '2017-04-02', '09:30:00', 1, '', 0, 0, 0, '', '0000-00-00 00:00:00', '', '0000-00-00 00:00:00'),
(20361, 4, '2017-04-02', '09:45:00', 1, '', 0, 0, 0, '', '0000-00-00 00:00:00', '', '0000-00-00 00:00:00'),
(20362, 4, '2017-04-02', '10:00:00', 1, '', 0, 0, 0, '', '0000-00-00 00:00:00', '', '0000-00-00 00:00:00'),
(20363, 4, '2017-04-02', '10:15:00', 1, '', 0, 0, 0, '', '0000-00-00 00:00:00', '', '0000-00-00 00:00:00'),
(20364, 4, '2017-04-02', '10:30:00', 1, '', 0, 0, 0, '', '0000-00-00 00:00:00', '', '0000-00-00 00:00:00'),
(20365, 4, '2017-04-02', '10:45:00', 1, '', 0, 0, 0, '', '0000-00-00 00:00:00', '', '0000-00-00 00:00:00'),
(20366, 4, '2017-04-02', '11:00:00', 1, '', 0, 0, 0, '', '0000-00-00 00:00:00', '', '0000-00-00 00:00:00'),
(20367, 4, '2017-04-02', '11:15:00', 1, '', 0, 0, 0, '', '0000-00-00 00:00:00', '', '0000-00-00 00:00:00'),
(20368, 4, '2017-04-02', '11:30:00', 1, '', 0, 0, 0, '', '0000-00-00 00:00:00', '', '0000-00-00 00:00:00'),
(20369, 5, '2017-04-02', '09:30:00', 1, '', 0, 0, 0, '', '0000-00-00 00:00:00', '', '0000-00-00 00:00:00'),
(20370, 5, '2017-04-02', '09:45:00', 1, '', 0, 0, 0, '', '0000-00-00 00:00:00', '', '0000-00-00 00:00:00'),
(20371, 5, '2017-04-02', '10:00:00', 1, '', 0, 0, 0, '', '0000-00-00 00:00:00', '', '0000-00-00 00:00:00'),
(20372, 5, '2017-04-02', '10:15:00', 1, '', 0, 0, 0, '', '0000-00-00 00:00:00', '', '0000-00-00 00:00:00'),
(20373, 5, '2017-04-02', '10:30:00', 1, '', 0, 0, 0, '', '0000-00-00 00:00:00', '', '0000-00-00 00:00:00'),
(20374, 5, '2017-04-02', '10:45:00', 1, '', 0, 0, 0, '', '0000-00-00 00:00:00', '', '0000-00-00 00:00:00'),
(20375, 5, '2017-04-02', '11:00:00', 1, '', 0, 0, 0, '', '0000-00-00 00:00:00', '', '0000-00-00 00:00:00'),
(20376, 5, '2017-04-02', '11:15:00', 1, '', 0, 0, 0, '', '0000-00-00 00:00:00', '', '0000-00-00 00:00:00'),
(20377, 5, '2017-04-02', '11:30:00', 1, '', 0, 0, 0, '', '0000-00-00 00:00:00', '', '0000-00-00 00:00:00'),
(20378, 6, '2017-04-02', '09:30:00', 1, '', 0, 0, 0, '', '0000-00-00 00:00:00', '', '0000-00-00 00:00:00'),
(20379, 6, '2017-04-02', '09:45:00', 1, '', 0, 0, 0, '', '0000-00-00 00:00:00', '', '0000-00-00 00:00:00'),
(20380, 6, '2017-04-02', '10:00:00', 1, '', 0, 0, 0, '', '0000-00-00 00:00:00', '', '0000-00-00 00:00:00'),
(20381, 6, '2017-04-02', '10:15:00', 1, '', 0, 0, 0, '', '0000-00-00 00:00:00', '', '0000-00-00 00:00:00'),
(20382, 6, '2017-04-02', '10:30:00', 1, '', 0, 0, 0, '', '0000-00-00 00:00:00', '', '0000-00-00 00:00:00'),
(20383, 6, '2017-04-02', '10:45:00', 1, '', 0, 0, 0, '', '0000-00-00 00:00:00', '', '0000-00-00 00:00:00'),
(20384, 6, '2017-04-02', '11:00:00', 1, '', 0, 0, 0, '', '0000-00-00 00:00:00', '', '0000-00-00 00:00:00'),
(20385, 6, '2017-04-02', '11:15:00', 1, '', 0, 0, 0, '', '0000-00-00 00:00:00', '', '0000-00-00 00:00:00'),
(20386, 6, '2017-04-02', '11:30:00', 1, '', 0, 0, 0, '', '0000-00-00 00:00:00', '', '0000-00-00 00:00:00'),
(20387, 7, '2017-04-02', '09:30:00', 1, '', 0, 0, 0, '', '0000-00-00 00:00:00', '', '0000-00-00 00:00:00'),
(20388, 7, '2017-04-02', '09:45:00', 1, '', 0, 0, 0, '', '0000-00-00 00:00:00', '', '0000-00-00 00:00:00'),
(20389, 7, '2017-04-02', '10:00:00', 1, '', 0, 0, 0, '', '0000-00-00 00:00:00', '', '0000-00-00 00:00:00'),
(20390, 7, '2017-04-02', '10:15:00', 1, '', 0, 0, 0, '', '0000-00-00 00:00:00', '', '0000-00-00 00:00:00'),
(20391, 7, '2017-04-02', '10:30:00', 1, '', 0, 0, 0, '', '0000-00-00 00:00:00', '', '0000-00-00 00:00:00'),
(20392, 7, '2017-04-02', '10:45:00', 1, '', 0, 0, 0, '', '0000-00-00 00:00:00', '', '0000-00-00 00:00:00'),
(20393, 7, '2017-04-02', '11:00:00', 1, '', 0, 0, 0, '', '0000-00-00 00:00:00', '', '0000-00-00 00:00:00'),
(20394, 7, '2017-04-02', '11:15:00', 1, '', 0, 0, 0, '', '0000-00-00 00:00:00', '', '0000-00-00 00:00:00'),
(20395, 7, '2017-04-02', '11:30:00', 1, '', 0, 0, 0, '', '0000-00-00 00:00:00', '', '0000-00-00 00:00:00'),
(20396, 8, '2017-04-02', '09:30:00', 1, '', 0, 0, 0, '', '0000-00-00 00:00:00', '', '0000-00-00 00:00:00'),
(20397, 8, '2017-04-02', '09:45:00', 1, '', 0, 0, 0, '', '0000-00-00 00:00:00', '', '0000-00-00 00:00:00'),
(20398, 8, '2017-04-02', '10:00:00', 1, '', 0, 0, 0, '', '0000-00-00 00:00:00', '', '0000-00-00 00:00:00'),
(20399, 8, '2017-04-02', '10:15:00', 1, '', 0, 0, 0, '', '0000-00-00 00:00:00', '', '0000-00-00 00:00:00'),
(20400, 8, '2017-04-02', '10:30:00', 1, '', 0, 0, 0, '', '0000-00-00 00:00:00', '', '0000-00-00 00:00:00'),
(20401, 8, '2017-04-02', '10:45:00', 1, '', 0, 0, 0, '', '0000-00-00 00:00:00', '', '0000-00-00 00:00:00'),
(20402, 8, '2017-04-02', '11:00:00', 1, '', 0, 0, 0, '', '0000-00-00 00:00:00', '', '0000-00-00 00:00:00'),
(20403, 8, '2017-04-02', '11:15:00', 1, '', 0, 0, 0, '', '0000-00-00 00:00:00', '', '0000-00-00 00:00:00'),
(20404, 8, '2017-04-02', '11:30:00', 1, '', 0, 0, 0, '', '0000-00-00 00:00:00', '', '0000-00-00 00:00:00'),
(20405, 9, '2017-04-02', '09:30:00', 1, '', 0, 0, 0, '', '0000-00-00 00:00:00', '', '0000-00-00 00:00:00'),
(20406, 9, '2017-04-02', '09:45:00', 1, '', 0, 0, 0, '', '0000-00-00 00:00:00', '', '0000-00-00 00:00:00'),
(20407, 9, '2017-04-02', '10:00:00', 1, '', 0, 0, 0, '', '0000-00-00 00:00:00', '', '0000-00-00 00:00:00'),
(20408, 9, '2017-04-02', '10:15:00', 1, '', 0, 0, 0, '', '0000-00-00 00:00:00', '', '0000-00-00 00:00:00'),
(20409, 9, '2017-04-02', '10:30:00', 1, '', 0, 0, 0, '', '0000-00-00 00:00:00', '', '0000-00-00 00:00:00'),
(20410, 9, '2017-04-02', '10:45:00', 1, '', 0, 0, 0, '', '0000-00-00 00:00:00', '', '0000-00-00 00:00:00'),
(20411, 9, '2017-04-02', '11:00:00', 1, '', 0, 0, 0, '', '0000-00-00 00:00:00', '', '0000-00-00 00:00:00'),
(20412, 9, '2017-04-02', '11:15:00', 1, '', 0, 0, 0, '', '0000-00-00 00:00:00', '', '0000-00-00 00:00:00'),
(20413, 9, '2017-04-02', '11:30:00', 1, '', 0, 0, 0, '', '0000-00-00 00:00:00', '', '0000-00-00 00:00:00'),
(20414, 1, '2017-04-03', '09:30:00', 1, '', 0, 0, 0, '', '0000-00-00 00:00:00', '', '0000-00-00 00:00:00'),
(20415, 1, '2017-04-03', '09:45:00', 1, '', 0, 0, 0, '', '0000-00-00 00:00:00', '', '0000-00-00 00:00:00'),
(20416, 1, '2017-04-03', '10:00:00', 1, '', 0, 0, 0, '', '0000-00-00 00:00:00', '', '0000-00-00 00:00:00'),
(20417, 1, '2017-04-03', '10:15:00', 1, '', 0, 0, 0, '', '0000-00-00 00:00:00', '', '0000-00-00 00:00:00'),
(20418, 1, '2017-04-03', '10:30:00', 1, '', 0, 0, 0, '', '0000-00-00 00:00:00', '', '0000-00-00 00:00:00'),
(20419, 1, '2017-04-03', '10:45:00', 1, '', 0, 0, 0, '', '0000-00-00 00:00:00', '', '0000-00-00 00:00:00'),
(20420, 1, '2017-04-03', '11:00:00', 1, '', 0, 0, 0, '', '0000-00-00 00:00:00', '', '0000-00-00 00:00:00'),
(20421, 1, '2017-04-03', '11:15:00', 1, '', 0, 0, 0, '', '0000-00-00 00:00:00', '', '0000-00-00 00:00:00'),
(20422, 1, '2017-04-03', '11:30:00', 1, '', 0, 0, 0, '', '0000-00-00 00:00:00', '', '0000-00-00 00:00:00'),
(20423, 2, '2017-04-03', '09:30:00', 1, '', 0, 0, 0, '', '0000-00-00 00:00:00', '', '0000-00-00 00:00:00'),
(20424, 2, '2017-04-03', '09:45:00', 1, '', 0, 0, 0, '', '0000-00-00 00:00:00', '', '0000-00-00 00:00:00'),
(20425, 2, '2017-04-03', '10:00:00', 1, '', 0, 0, 0, '', '0000-00-00 00:00:00', '', '0000-00-00 00:00:00'),
(20426, 2, '2017-04-03', '10:15:00', 1, '', 0, 0, 0, '', '0000-00-00 00:00:00', '', '0000-00-00 00:00:00'),
(20427, 2, '2017-04-03', '10:30:00', 1, '', 0, 0, 0, '', '0000-00-00 00:00:00', '', '0000-00-00 00:00:00'),
(20428, 2, '2017-04-03', '10:45:00', 1, '', 0, 0, 0, '', '0000-00-00 00:00:00', '', '0000-00-00 00:00:00'),
(20429, 2, '2017-04-03', '11:00:00', 1, '', 0, 0, 0, '', '0000-00-00 00:00:00', '', '0000-00-00 00:00:00'),
(20430, 2, '2017-04-03', '11:15:00', 1, '', 0, 0, 0, '', '0000-00-00 00:00:00', '', '0000-00-00 00:00:00'),
(20431, 2, '2017-04-03', '11:30:00', 1, '', 0, 0, 0, '', '0000-00-00 00:00:00', '', '0000-00-00 00:00:00'),
(20432, 3, '2017-04-03', '09:30:00', 1, '', 0, 0, 0, '', '0000-00-00 00:00:00', '', '0000-00-00 00:00:00'),
(20433, 3, '2017-04-03', '09:45:00', 1, '', 0, 0, 0, '', '0000-00-00 00:00:00', '', '0000-00-00 00:00:00'),
(20434, 3, '2017-04-03', '10:00:00', 1, '', 0, 0, 0, '', '0000-00-00 00:00:00', '', '0000-00-00 00:00:00'),
(20435, 3, '2017-04-03', '10:15:00', 1, '', 0, 0, 0, '', '0000-00-00 00:00:00', '', '0000-00-00 00:00:00'),
(20436, 3, '2017-04-03', '10:30:00', 1, '', 0, 0, 0, '', '0000-00-00 00:00:00', '', '0000-00-00 00:00:00'),
(20437, 3, '2017-04-03', '10:45:00', 1, '', 0, 0, 0, '', '0000-00-00 00:00:00', '', '0000-00-00 00:00:00'),
(20438, 3, '2017-04-03', '11:00:00', 1, '', 0, 0, 0, '', '0000-00-00 00:00:00', '', '0000-00-00 00:00:00'),
(20439, 3, '2017-04-03', '11:15:00', 1, '', 0, 0, 0, '', '0000-00-00 00:00:00', '', '0000-00-00 00:00:00'),
(20440, 3, '2017-04-03', '11:30:00', 1, '', 0, 0, 0, '', '0000-00-00 00:00:00', '', '0000-00-00 00:00:00'),
(20441, 4, '2017-04-03', '09:30:00', 1, '', 0, 0, 0, '', '0000-00-00 00:00:00', '', '0000-00-00 00:00:00'),
(20442, 4, '2017-04-03', '09:45:00', 1, '', 0, 0, 0, '', '0000-00-00 00:00:00', '', '0000-00-00 00:00:00'),
(20443, 4, '2017-04-03', '10:00:00', 1, '', 0, 0, 0, '', '0000-00-00 00:00:00', '', '0000-00-00 00:00:00'),
(20444, 4, '2017-04-03', '10:15:00', 1, '', 0, 0, 0, '', '0000-00-00 00:00:00', '', '0000-00-00 00:00:00'),
(20445, 4, '2017-04-03', '10:30:00', 1, '', 0, 0, 0, '', '0000-00-00 00:00:00', '', '0000-00-00 00:00:00'),
(20446, 4, '2017-04-03', '10:45:00', 1, '', 0, 0, 0, '', '0000-00-00 00:00:00', '', '0000-00-00 00:00:00'),
(20447, 4, '2017-04-03', '11:00:00', 1, '', 0, 0, 0, '', '0000-00-00 00:00:00', '', '0000-00-00 00:00:00'),
(20448, 4, '2017-04-03', '11:15:00', 1, '', 0, 0, 0, '', '0000-00-00 00:00:00', '', '0000-00-00 00:00:00'),
(20449, 4, '2017-04-03', '11:30:00', 1, '', 0, 0, 0, '', '0000-00-00 00:00:00', '', '0000-00-00 00:00:00'),
(20450, 5, '2017-04-03', '09:30:00', 1, '', 0, 0, 0, '', '0000-00-00 00:00:00', '', '0000-00-00 00:00:00'),
(20451, 5, '2017-04-03', '09:45:00', 1, '', 0, 0, 0, '', '0000-00-00 00:00:00', '', '0000-00-00 00:00:00'),
(20452, 5, '2017-04-03', '10:00:00', 1, '', 0, 0, 0, '', '0000-00-00 00:00:00', '', '0000-00-00 00:00:00'),
(20453, 5, '2017-04-03', '10:15:00', 1, '', 0, 0, 0, '', '0000-00-00 00:00:00', '', '0000-00-00 00:00:00'),
(20454, 5, '2017-04-03', '10:30:00', 1, '', 0, 0, 0, '', '0000-00-00 00:00:00', '', '0000-00-00 00:00:00'),
(20455, 5, '2017-04-03', '10:45:00', 1, '', 0, 0, 0, '', '0000-00-00 00:00:00', '', '0000-00-00 00:00:00'),
(20456, 5, '2017-04-03', '11:00:00', 1, '', 0, 0, 0, '', '0000-00-00 00:00:00', '', '0000-00-00 00:00:00'),
(20457, 5, '2017-04-03', '11:15:00', 1, '', 0, 0, 0, '', '0000-00-00 00:00:00', '', '0000-00-00 00:00:00'),
(20458, 5, '2017-04-03', '11:30:00', 1, '', 0, 0, 0, '', '0000-00-00 00:00:00', '', '0000-00-00 00:00:00'),
(20459, 6, '2017-04-03', '09:30:00', 1, '', 0, 0, 0, '', '0000-00-00 00:00:00', '', '0000-00-00 00:00:00'),
(20460, 6, '2017-04-03', '09:45:00', 1, '', 0, 0, 0, '', '0000-00-00 00:00:00', '', '0000-00-00 00:00:00'),
(20461, 6, '2017-04-03', '10:00:00', 1, '', 0, 0, 0, '', '0000-00-00 00:00:00', '', '0000-00-00 00:00:00'),
(20462, 6, '2017-04-03', '10:15:00', 1, '', 0, 0, 0, '', '0000-00-00 00:00:00', '', '0000-00-00 00:00:00'),
(20463, 6, '2017-04-03', '10:30:00', 1, '', 0, 0, 0, '', '0000-00-00 00:00:00', '', '0000-00-00 00:00:00'),
(20464, 6, '2017-04-03', '10:45:00', 1, '', 0, 0, 0, '', '0000-00-00 00:00:00', '', '0000-00-00 00:00:00'),
(20465, 6, '2017-04-03', '11:00:00', 1, '', 0, 0, 0, '', '0000-00-00 00:00:00', '', '0000-00-00 00:00:00'),
(20466, 6, '2017-04-03', '11:15:00', 1, '', 0, 0, 0, '', '0000-00-00 00:00:00', '', '0000-00-00 00:00:00'),
(20467, 6, '2017-04-03', '11:30:00', 1, '', 0, 0, 0, '', '0000-00-00 00:00:00', '', '0000-00-00 00:00:00'),
(20468, 7, '2017-04-03', '09:30:00', 1, '', 0, 0, 0, '', '0000-00-00 00:00:00', '', '0000-00-00 00:00:00'),
(20469, 7, '2017-04-03', '09:45:00', 1, '', 0, 0, 0, '', '0000-00-00 00:00:00', '', '0000-00-00 00:00:00'),
(20470, 7, '2017-04-03', '10:00:00', 1, '', 0, 0, 0, '', '0000-00-00 00:00:00', '', '0000-00-00 00:00:00'),
(20471, 7, '2017-04-03', '10:15:00', 1, '', 0, 0, 0, '', '0000-00-00 00:00:00', '', '0000-00-00 00:00:00'),
(20472, 7, '2017-04-03', '10:30:00', 1, '', 0, 0, 0, '', '0000-00-00 00:00:00', '', '0000-00-00 00:00:00'),
(20473, 7, '2017-04-03', '10:45:00', 1, '', 0, 0, 0, '', '0000-00-00 00:00:00', '', '0000-00-00 00:00:00'),
(20474, 7, '2017-04-03', '11:00:00', 1, '', 0, 0, 0, '', '0000-00-00 00:00:00', '', '0000-00-00 00:00:00'),
(20475, 7, '2017-04-03', '11:15:00', 1, '', 0, 0, 0, '', '0000-00-00 00:00:00', '', '0000-00-00 00:00:00'),
(20476, 7, '2017-04-03', '11:30:00', 1, '', 0, 0, 0, '', '0000-00-00 00:00:00', '', '0000-00-00 00:00:00'),
(20477, 8, '2017-04-03', '09:30:00', 1, '', 0, 0, 0, '', '0000-00-00 00:00:00', '', '0000-00-00 00:00:00'),
(20478, 8, '2017-04-03', '09:45:00', 1, '', 0, 0, 0, '', '0000-00-00 00:00:00', '', '0000-00-00 00:00:00'),
(20479, 8, '2017-04-03', '10:00:00', 1, '', 0, 0, 0, '', '0000-00-00 00:00:00', '', '0000-00-00 00:00:00'),
(20480, 8, '2017-04-03', '10:15:00', 1, '', 0, 0, 0, '', '0000-00-00 00:00:00', '', '0000-00-00 00:00:00'),
(20481, 8, '2017-04-03', '10:30:00', 1, '', 0, 0, 0, '', '0000-00-00 00:00:00', '', '0000-00-00 00:00:00'),
(20482, 8, '2017-04-03', '10:45:00', 1, '', 0, 0, 0, '', '0000-00-00 00:00:00', '', '0000-00-00 00:00:00'),
(20483, 8, '2017-04-03', '11:00:00', 1, '', 0, 0, 0, '', '0000-00-00 00:00:00', '', '0000-00-00 00:00:00'),
(20484, 8, '2017-04-03', '11:15:00', 1, '', 0, 0, 0, '', '0000-00-00 00:00:00', '', '0000-00-00 00:00:00'),
(20485, 8, '2017-04-03', '11:30:00', 1, '', 0, 0, 0, '', '0000-00-00 00:00:00', '', '0000-00-00 00:00:00'),
(20486, 9, '2017-04-03', '09:30:00', 1, '', 0, 0, 0, '', '0000-00-00 00:00:00', '', '0000-00-00 00:00:00'),
(20487, 9, '2017-04-03', '09:45:00', 1, '', 0, 0, 0, '', '0000-00-00 00:00:00', '', '0000-00-00 00:00:00'),
(20488, 9, '2017-04-03', '10:00:00', 1, '', 0, 0, 0, '', '0000-00-00 00:00:00', '', '0000-00-00 00:00:00'),
(20489, 9, '2017-04-03', '10:15:00', 1, '', 0, 0, 0, '', '0000-00-00 00:00:00', '', '0000-00-00 00:00:00'),
(20490, 9, '2017-04-03', '10:30:00', 1, '', 0, 0, 0, '', '0000-00-00 00:00:00', '', '0000-00-00 00:00:00'),
(20491, 9, '2017-04-03', '10:45:00', 1, '', 0, 0, 0, '', '0000-00-00 00:00:00', '', '0000-00-00 00:00:00'),
(20492, 9, '2017-04-03', '11:00:00', 1, '', 0, 0, 0, '', '0000-00-00 00:00:00', '', '0000-00-00 00:00:00'),
(20493, 9, '2017-04-03', '11:15:00', 1, '', 0, 0, 0, '', '0000-00-00 00:00:00', '', '0000-00-00 00:00:00'),
(20494, 9, '2017-04-03', '11:30:00', 1, '', 0, 0, 0, '', '0000-00-00 00:00:00', '', '0000-00-00 00:00:00'),
(20495, 1, '2017-04-04', '09:30:00', 1, '', 0, 0, 0, '', '0000-00-00 00:00:00', '', '0000-00-00 00:00:00'),
(20496, 1, '2017-04-04', '09:45:00', 1, '', 0, 0, 0, '', '0000-00-00 00:00:00', '', '0000-00-00 00:00:00'),
(20497, 1, '2017-04-04', '10:00:00', 1, '', 0, 0, 0, '', '0000-00-00 00:00:00', '', '0000-00-00 00:00:00'),
(20498, 1, '2017-04-04', '10:15:00', 1, '', 0, 0, 0, '', '0000-00-00 00:00:00', '', '0000-00-00 00:00:00'),
(20499, 1, '2017-04-04', '10:30:00', 1, '', 0, 0, 0, '', '0000-00-00 00:00:00', '', '0000-00-00 00:00:00'),
(20500, 1, '2017-04-04', '10:45:00', 1, '', 0, 0, 0, '', '0000-00-00 00:00:00', '', '0000-00-00 00:00:00'),
(20501, 1, '2017-04-04', '11:00:00', 1, '', 0, 0, 0, '', '0000-00-00 00:00:00', '', '0000-00-00 00:00:00'),
(20502, 1, '2017-04-04', '11:15:00', 1, '', 0, 0, 0, '', '0000-00-00 00:00:00', '', '0000-00-00 00:00:00'),
(20503, 1, '2017-04-04', '11:30:00', 1, '', 0, 0, 0, '', '0000-00-00 00:00:00', '', '0000-00-00 00:00:00'),
(20504, 2, '2017-04-04', '09:30:00', 1, '', 0, 0, 0, '', '0000-00-00 00:00:00', '', '0000-00-00 00:00:00'),
(20505, 2, '2017-04-04', '09:45:00', 1, '', 0, 0, 0, '', '0000-00-00 00:00:00', '', '0000-00-00 00:00:00'),
(20506, 2, '2017-04-04', '10:00:00', 1, '', 0, 0, 0, '', '0000-00-00 00:00:00', '', '0000-00-00 00:00:00'),
(20507, 2, '2017-04-04', '10:15:00', 1, '', 0, 0, 0, '', '0000-00-00 00:00:00', '', '0000-00-00 00:00:00'),
(20508, 2, '2017-04-04', '10:30:00', 1, '', 0, 0, 0, '', '0000-00-00 00:00:00', '', '0000-00-00 00:00:00'),
(20509, 2, '2017-04-04', '10:45:00', 1, '', 0, 0, 0, '', '0000-00-00 00:00:00', '', '0000-00-00 00:00:00'),
(20510, 2, '2017-04-04', '11:00:00', 1, '', 0, 0, 0, '', '0000-00-00 00:00:00', '', '0000-00-00 00:00:00'),
(20511, 2, '2017-04-04', '11:15:00', 1, '', 0, 0, 0, '', '0000-00-00 00:00:00', '', '0000-00-00 00:00:00'),
(20512, 2, '2017-04-04', '11:30:00', 1, '', 0, 0, 0, '', '0000-00-00 00:00:00', '', '0000-00-00 00:00:00'),
(20513, 3, '2017-04-04', '09:30:00', 1, '', 0, 0, 0, '', '0000-00-00 00:00:00', '', '0000-00-00 00:00:00'),
(20514, 3, '2017-04-04', '09:45:00', 1, '', 0, 0, 0, '', '0000-00-00 00:00:00', '', '0000-00-00 00:00:00'),
(20515, 3, '2017-04-04', '10:00:00', 1, '', 0, 0, 0, '', '0000-00-00 00:00:00', '', '0000-00-00 00:00:00'),
(20516, 3, '2017-04-04', '10:15:00', 1, '', 0, 0, 0, '', '0000-00-00 00:00:00', '', '0000-00-00 00:00:00'),
(20517, 3, '2017-04-04', '10:30:00', 1, '', 0, 0, 0, '', '0000-00-00 00:00:00', '', '0000-00-00 00:00:00'),
(20518, 3, '2017-04-04', '10:45:00', 1, '', 0, 0, 0, '', '0000-00-00 00:00:00', '', '0000-00-00 00:00:00'),
(20519, 3, '2017-04-04', '11:00:00', 1, '', 0, 0, 0, '', '0000-00-00 00:00:00', '', '0000-00-00 00:00:00'),
(20520, 3, '2017-04-04', '11:15:00', 1, '', 0, 0, 0, '', '0000-00-00 00:00:00', '', '0000-00-00 00:00:00'),
(20521, 3, '2017-04-04', '11:30:00', 1, '', 0, 0, 0, '', '0000-00-00 00:00:00', '', '0000-00-00 00:00:00'),
(20522, 4, '2017-04-04', '09:30:00', 1, '', 0, 0, 0, '', '0000-00-00 00:00:00', '', '0000-00-00 00:00:00'),
(20523, 4, '2017-04-04', '09:45:00', 1, '', 0, 0, 0, '', '0000-00-00 00:00:00', '', '0000-00-00 00:00:00'),
(20524, 4, '2017-04-04', '10:00:00', 1, '', 0, 0, 0, '', '0000-00-00 00:00:00', '', '0000-00-00 00:00:00'),
(20525, 4, '2017-04-04', '10:15:00', 1, '', 0, 0, 0, '', '0000-00-00 00:00:00', '', '0000-00-00 00:00:00'),
(20526, 4, '2017-04-04', '10:30:00', 1, '', 0, 0, 0, '', '0000-00-00 00:00:00', '', '0000-00-00 00:00:00'),
(20527, 4, '2017-04-04', '10:45:00', 1, '', 0, 0, 0, '', '0000-00-00 00:00:00', '', '0000-00-00 00:00:00'),
(20528, 4, '2017-04-04', '11:00:00', 1, '', 0, 0, 0, '', '0000-00-00 00:00:00', '', '0000-00-00 00:00:00'),
(20529, 4, '2017-04-04', '11:15:00', 1, '', 0, 0, 0, '', '0000-00-00 00:00:00', '', '0000-00-00 00:00:00'),
(20530, 4, '2017-04-04', '11:30:00', 1, '', 0, 0, 0, '', '0000-00-00 00:00:00', '', '0000-00-00 00:00:00'),
(20531, 5, '2017-04-04', '09:30:00', 1, '', 0, 0, 0, '', '0000-00-00 00:00:00', '', '0000-00-00 00:00:00'),
(20532, 5, '2017-04-04', '09:45:00', 1, '', 0, 0, 0, '', '0000-00-00 00:00:00', '', '0000-00-00 00:00:00'),
(20533, 5, '2017-04-04', '10:00:00', 1, '', 0, 0, 0, '', '0000-00-00 00:00:00', '', '0000-00-00 00:00:00'),
(20534, 5, '2017-04-04', '10:15:00', 1, '', 0, 0, 0, '', '0000-00-00 00:00:00', '', '0000-00-00 00:00:00'),
(20535, 5, '2017-04-04', '10:30:00', 1, '', 0, 0, 0, '', '0000-00-00 00:00:00', '', '0000-00-00 00:00:00'),
(20536, 5, '2017-04-04', '10:45:00', 1, '', 0, 0, 0, '', '0000-00-00 00:00:00', '', '0000-00-00 00:00:00'),
(20537, 5, '2017-04-04', '11:00:00', 1, '', 0, 0, 0, '', '0000-00-00 00:00:00', '', '0000-00-00 00:00:00'),
(20538, 5, '2017-04-04', '11:15:00', 1, '', 0, 0, 0, '', '0000-00-00 00:00:00', '', '0000-00-00 00:00:00'),
(20539, 5, '2017-04-04', '11:30:00', 1, '', 0, 0, 0, '', '0000-00-00 00:00:00', '', '0000-00-00 00:00:00'),
(20540, 6, '2017-04-04', '09:30:00', 1, '', 0, 0, 0, '', '0000-00-00 00:00:00', '', '0000-00-00 00:00:00'),
(20541, 6, '2017-04-04', '09:45:00', 1, '', 0, 0, 0, '', '0000-00-00 00:00:00', '', '0000-00-00 00:00:00'),
(20542, 6, '2017-04-04', '10:00:00', 1, '', 0, 0, 0, '', '0000-00-00 00:00:00', '', '0000-00-00 00:00:00'),
(20543, 6, '2017-04-04', '10:15:00', 1, '', 0, 0, 0, '', '0000-00-00 00:00:00', '', '0000-00-00 00:00:00'),
(20544, 6, '2017-04-04', '10:30:00', 1, '', 0, 0, 0, '', '0000-00-00 00:00:00', '', '0000-00-00 00:00:00'),
(20545, 6, '2017-04-04', '10:45:00', 1, '', 0, 0, 0, '', '0000-00-00 00:00:00', '', '0000-00-00 00:00:00'),
(20546, 6, '2017-04-04', '11:00:00', 1, '', 0, 0, 0, '', '0000-00-00 00:00:00', '', '0000-00-00 00:00:00'),
(20547, 6, '2017-04-04', '11:15:00', 1, '', 0, 0, 0, '', '0000-00-00 00:00:00', '', '0000-00-00 00:00:00'),
(20548, 6, '2017-04-04', '11:30:00', 1, '', 0, 0, 0, '', '0000-00-00 00:00:00', '', '0000-00-00 00:00:00'),
(20549, 7, '2017-04-04', '09:30:00', 1, '', 0, 0, 0, '', '0000-00-00 00:00:00', '', '0000-00-00 00:00:00'),
(20550, 7, '2017-04-04', '09:45:00', 1, '', 0, 0, 0, '', '0000-00-00 00:00:00', '', '0000-00-00 00:00:00'),
(20551, 7, '2017-04-04', '10:00:00', 1, '', 0, 0, 0, '', '0000-00-00 00:00:00', '', '0000-00-00 00:00:00'),
(20552, 7, '2017-04-04', '10:15:00', 1, '', 0, 0, 0, '', '0000-00-00 00:00:00', '', '0000-00-00 00:00:00'),
(20553, 7, '2017-04-04', '10:30:00', 1, '', 0, 0, 0, '', '0000-00-00 00:00:00', '', '0000-00-00 00:00:00'),
(20554, 7, '2017-04-04', '10:45:00', 1, '', 0, 0, 0, '', '0000-00-00 00:00:00', '', '0000-00-00 00:00:00'),
(20555, 7, '2017-04-04', '11:00:00', 1, '', 0, 0, 0, '', '0000-00-00 00:00:00', '', '0000-00-00 00:00:00'),
(20556, 7, '2017-04-04', '11:15:00', 1, '', 0, 0, 0, '', '0000-00-00 00:00:00', '', '0000-00-00 00:00:00'),
(20557, 7, '2017-04-04', '11:30:00', 1, '', 0, 0, 0, '', '0000-00-00 00:00:00', '', '0000-00-00 00:00:00'),
(20558, 8, '2017-04-04', '09:30:00', 1, '', 0, 0, 0, '', '0000-00-00 00:00:00', '', '0000-00-00 00:00:00'),
(20559, 8, '2017-04-04', '09:45:00', 1, '', 0, 0, 0, '', '0000-00-00 00:00:00', '', '0000-00-00 00:00:00'),
(20560, 8, '2017-04-04', '10:00:00', 1, '', 0, 0, 0, '', '0000-00-00 00:00:00', '', '0000-00-00 00:00:00'),
(20561, 8, '2017-04-04', '10:15:00', 1, '', 0, 0, 0, '', '0000-00-00 00:00:00', '', '0000-00-00 00:00:00'),
(20562, 8, '2017-04-04', '10:30:00', 1, '', 0, 0, 0, '', '0000-00-00 00:00:00', '', '0000-00-00 00:00:00'),
(20563, 8, '2017-04-04', '10:45:00', 1, '', 0, 0, 0, '', '0000-00-00 00:00:00', '', '0000-00-00 00:00:00'),
(20564, 8, '2017-04-04', '11:00:00', 1, '', 0, 0, 0, '', '0000-00-00 00:00:00', '', '0000-00-00 00:00:00'),
(20565, 8, '2017-04-04', '11:15:00', 1, '', 0, 0, 0, '', '0000-00-00 00:00:00', '', '0000-00-00 00:00:00'),
(20566, 8, '2017-04-04', '11:30:00', 1, '', 0, 0, 0, '', '0000-00-00 00:00:00', '', '0000-00-00 00:00:00'),
(20567, 9, '2017-04-04', '09:30:00', 1, '', 0, 0, 0, '', '0000-00-00 00:00:00', '', '0000-00-00 00:00:00'),
(20568, 9, '2017-04-04', '09:45:00', 1, '', 0, 0, 0, '', '0000-00-00 00:00:00', '', '0000-00-00 00:00:00'),
(20569, 9, '2017-04-04', '10:00:00', 1, '', 0, 0, 0, '', '0000-00-00 00:00:00', '', '0000-00-00 00:00:00'),
(20570, 9, '2017-04-04', '10:15:00', 1, '', 0, 0, 0, '', '0000-00-00 00:00:00', '', '0000-00-00 00:00:00'),
(20571, 9, '2017-04-04', '10:30:00', 1, '', 0, 0, 0, '', '0000-00-00 00:00:00', '', '0000-00-00 00:00:00'),
(20572, 9, '2017-04-04', '10:45:00', 1, '', 0, 0, 0, '', '0000-00-00 00:00:00', '', '0000-00-00 00:00:00'),
(20573, 9, '2017-04-04', '11:00:00', 1, '', 0, 0, 0, '', '0000-00-00 00:00:00', '', '0000-00-00 00:00:00'),
(20574, 9, '2017-04-04', '11:15:00', 1, '', 0, 0, 0, '', '0000-00-00 00:00:00', '', '0000-00-00 00:00:00'),
(20575, 9, '2017-04-04', '11:30:00', 1, '', 0, 0, 0, '', '0000-00-00 00:00:00', '', '0000-00-00 00:00:00'),
(20576, 1, '2017-04-05', '09:30:00', 1, '', 0, 0, 0, '', '0000-00-00 00:00:00', '', '0000-00-00 00:00:00'),
(20577, 1, '2017-04-05', '09:45:00', 1, '', 0, 0, 0, '', '0000-00-00 00:00:00', '', '0000-00-00 00:00:00'),
(20578, 1, '2017-04-05', '10:00:00', 1, '', 0, 0, 0, '', '0000-00-00 00:00:00', '', '0000-00-00 00:00:00'),
(20579, 1, '2017-04-05', '10:15:00', 1, '', 0, 0, 0, '', '0000-00-00 00:00:00', '', '0000-00-00 00:00:00'),
(20580, 1, '2017-04-05', '10:30:00', 1, '', 1, 207, 0, '', '0000-00-00 00:00:00', '', '0000-00-00 00:00:00'),
(20581, 1, '2017-04-05', '10:45:00', 1, '', 0, 0, 0, '', '0000-00-00 00:00:00', '', '0000-00-00 00:00:00'),
(20582, 1, '2017-04-05', '11:00:00', 1, '', 0, 0, 0, '', '0000-00-00 00:00:00', '', '0000-00-00 00:00:00'),
(20583, 1, '2017-04-05', '11:15:00', 1, '', 0, 0, 0, '', '0000-00-00 00:00:00', '', '0000-00-00 00:00:00'),
(20584, 1, '2017-04-05', '11:30:00', 1, '', 0, 0, 0, '', '0000-00-00 00:00:00', '', '0000-00-00 00:00:00'),
(20585, 2, '2017-04-05', '09:30:00', 1, '', 0, 0, 0, '', '0000-00-00 00:00:00', '', '0000-00-00 00:00:00'),
(20586, 2, '2017-04-05', '09:45:00', 1, '', 0, 0, 0, '', '0000-00-00 00:00:00', '', '0000-00-00 00:00:00'),
(20587, 2, '2017-04-05', '10:00:00', 1, '', 0, 0, 0, '', '0000-00-00 00:00:00', '', '0000-00-00 00:00:00'),
(20588, 2, '2017-04-05', '10:15:00', 1, '', 0, 0, 0, '', '0000-00-00 00:00:00', '', '0000-00-00 00:00:00'),
(20589, 2, '2017-04-05', '10:30:00', 1, '', 0, 0, 0, '', '0000-00-00 00:00:00', '', '0000-00-00 00:00:00'),
(20590, 2, '2017-04-05', '10:45:00', 1, '', 0, 0, 0, '', '0000-00-00 00:00:00', '', '0000-00-00 00:00:00'),
(20591, 2, '2017-04-05', '11:00:00', 1, '', 0, 0, 0, '', '0000-00-00 00:00:00', '', '0000-00-00 00:00:00'),
(20592, 2, '2017-04-05', '11:15:00', 1, '', 0, 0, 0, '', '0000-00-00 00:00:00', '', '0000-00-00 00:00:00'),
(20593, 2, '2017-04-05', '11:30:00', 1, '', 0, 0, 0, '', '0000-00-00 00:00:00', '', '0000-00-00 00:00:00'),
(20594, 3, '2017-04-05', '09:30:00', 1, '', 0, 0, 0, '', '0000-00-00 00:00:00', '', '0000-00-00 00:00:00'),
(20595, 3, '2017-04-05', '09:45:00', 1, '', 0, 0, 0, '', '0000-00-00 00:00:00', '', '0000-00-00 00:00:00'),
(20596, 3, '2017-04-05', '10:00:00', 1, '', 0, 0, 0, '', '0000-00-00 00:00:00', '', '0000-00-00 00:00:00'),
(20597, 3, '2017-04-05', '10:15:00', 1, '', 0, 0, 0, '', '0000-00-00 00:00:00', '', '0000-00-00 00:00:00'),
(20598, 3, '2017-04-05', '10:30:00', 1, '', 0, 0, 0, '', '0000-00-00 00:00:00', '', '0000-00-00 00:00:00'),
(20599, 3, '2017-04-05', '10:45:00', 1, '', 0, 0, 0, '', '0000-00-00 00:00:00', '', '0000-00-00 00:00:00'),
(20600, 3, '2017-04-05', '11:00:00', 1, '', 0, 0, 0, '', '0000-00-00 00:00:00', '', '0000-00-00 00:00:00'),
(20601, 3, '2017-04-05', '11:15:00', 1, '', 0, 0, 0, '', '0000-00-00 00:00:00', '', '0000-00-00 00:00:00'),
(20602, 3, '2017-04-05', '11:30:00', 1, '', 0, 0, 0, '', '0000-00-00 00:00:00', '', '0000-00-00 00:00:00'),
(20603, 4, '2017-04-05', '09:30:00', 1, '', 0, 0, 0, '', '0000-00-00 00:00:00', '', '0000-00-00 00:00:00'),
(20604, 4, '2017-04-05', '09:45:00', 1, '', 0, 0, 0, '', '0000-00-00 00:00:00', '', '0000-00-00 00:00:00'),
(20605, 4, '2017-04-05', '10:00:00', 1, '', 0, 0, 0, '', '0000-00-00 00:00:00', '', '0000-00-00 00:00:00'),
(20606, 4, '2017-04-05', '10:15:00', 1, '', 0, 0, 0, '', '0000-00-00 00:00:00', '', '0000-00-00 00:00:00'),
(20607, 4, '2017-04-05', '10:30:00', 1, '', 0, 0, 0, '', '0000-00-00 00:00:00', '', '0000-00-00 00:00:00'),
(20608, 4, '2017-04-05', '10:45:00', 1, '', 0, 0, 0, '', '0000-00-00 00:00:00', '', '0000-00-00 00:00:00'),
(20609, 4, '2017-04-05', '11:00:00', 1, '', 0, 0, 0, '', '0000-00-00 00:00:00', '', '0000-00-00 00:00:00'),
(20610, 4, '2017-04-05', '11:15:00', 1, '', 0, 0, 0, '', '0000-00-00 00:00:00', '', '0000-00-00 00:00:00'),
(20611, 4, '2017-04-05', '11:30:00', 1, '', 0, 0, 0, '', '0000-00-00 00:00:00', '', '0000-00-00 00:00:00'),
(20612, 5, '2017-04-05', '09:30:00', 1, '', 0, 0, 0, '', '0000-00-00 00:00:00', '', '0000-00-00 00:00:00'),
(20613, 5, '2017-04-05', '09:45:00', 1, '', 0, 0, 0, '', '0000-00-00 00:00:00', '', '0000-00-00 00:00:00'),
(20614, 5, '2017-04-05', '10:00:00', 1, '', 0, 0, 0, '', '0000-00-00 00:00:00', '', '0000-00-00 00:00:00'),
(20615, 5, '2017-04-05', '10:15:00', 1, '', 0, 0, 0, '', '0000-00-00 00:00:00', '', '0000-00-00 00:00:00'),
(20616, 5, '2017-04-05', '10:30:00', 1, '', 0, 0, 0, '', '0000-00-00 00:00:00', '', '0000-00-00 00:00:00'),
(20617, 5, '2017-04-05', '10:45:00', 1, '', 0, 0, 0, '', '0000-00-00 00:00:00', '', '0000-00-00 00:00:00'),
(20618, 5, '2017-04-05', '11:00:00', 1, '', 0, 0, 0, '', '0000-00-00 00:00:00', '', '0000-00-00 00:00:00'),
(20619, 5, '2017-04-05', '16:15:00', 1, '', 0, 0, 0, '', '0000-00-00 00:00:00', '', '0000-00-00 00:00:00'),
(20620, 5, '2017-04-05', '11:30:00', 1, '', 0, 0, 0, '', '0000-00-00 00:00:00', '', '0000-00-00 00:00:00'),
(20621, 6, '2017-04-05', '09:30:00', 1, '', 0, 0, 0, '', '0000-00-00 00:00:00', '', '0000-00-00 00:00:00'),
(20622, 6, '2017-04-05', '09:45:00', 1, '', 0, 0, 0, '', '0000-00-00 00:00:00', '', '0000-00-00 00:00:00'),
(20623, 6, '2017-04-05', '10:00:00', 1, '', 0, 0, 0, '', '0000-00-00 00:00:00', '', '0000-00-00 00:00:00'),
(20624, 6, '2017-04-05', '10:15:00', 1, '', 0, 0, 0, '', '0000-00-00 00:00:00', '', '0000-00-00 00:00:00'),
(20625, 6, '2017-04-05', '10:30:00', 1, '', 0, 0, 0, '', '0000-00-00 00:00:00', '', '0000-00-00 00:00:00'),
(20626, 6, '2017-04-05', '10:45:00', 1, '', 0, 0, 0, '', '0000-00-00 00:00:00', '', '0000-00-00 00:00:00'),
(20627, 6, '2017-04-05', '11:00:00', 1, '', 0, 0, 0, '', '0000-00-00 00:00:00', '', '0000-00-00 00:00:00'),
(20628, 6, '2017-04-05', '11:15:00', 1, '', 0, 0, 0, '', '0000-00-00 00:00:00', '', '0000-00-00 00:00:00'),
(20629, 6, '2017-04-05', '11:30:00', 1, '', 0, 0, 0, '', '0000-00-00 00:00:00', '', '0000-00-00 00:00:00'),
(20630, 7, '2017-04-05', '09:30:00', 1, '', 0, 0, 0, '', '0000-00-00 00:00:00', '', '0000-00-00 00:00:00'),
(20631, 7, '2017-04-05', '09:45:00', 1, '', 0, 0, 0, '', '0000-00-00 00:00:00', '', '0000-00-00 00:00:00'),
(20632, 7, '2017-04-05', '10:00:00', 1, '', 0, 0, 0, '', '0000-00-00 00:00:00', '', '0000-00-00 00:00:00'),
(20633, 7, '2017-04-05', '10:15:00', 1, '', 0, 0, 0, '', '0000-00-00 00:00:00', '', '0000-00-00 00:00:00'),
(20634, 7, '2017-04-05', '10:30:00', 1, '', 0, 0, 0, '', '0000-00-00 00:00:00', '', '0000-00-00 00:00:00'),
(20635, 7, '2017-04-05', '10:45:00', 1, '', 0, 0, 0, '', '0000-00-00 00:00:00', '', '0000-00-00 00:00:00'),
(20636, 7, '2017-04-05', '11:00:00', 1, '', 0, 0, 0, '', '0000-00-00 00:00:00', '', '0000-00-00 00:00:00'),
(20637, 7, '2017-04-05', '11:15:00', 1, '', 0, 0, 0, '', '0000-00-00 00:00:00', '', '0000-00-00 00:00:00'),
(20638, 7, '2017-04-05', '11:30:00', 1, '', 0, 0, 0, '', '0000-00-00 00:00:00', '', '0000-00-00 00:00:00'),
(20639, 8, '2017-04-05', '09:30:00', 1, '', 0, 0, 0, '', '0000-00-00 00:00:00', '', '0000-00-00 00:00:00'),
(20640, 8, '2017-04-05', '09:45:00', 1, '', 0, 0, 0, '', '0000-00-00 00:00:00', '', '0000-00-00 00:00:00'),
(20641, 8, '2017-04-05', '10:00:00', 1, '', 0, 0, 0, '', '0000-00-00 00:00:00', '', '0000-00-00 00:00:00'),
(20642, 8, '2017-04-05', '10:15:00', 1, '', 0, 0, 0, '', '0000-00-00 00:00:00', '', '0000-00-00 00:00:00'),
(20643, 8, '2017-04-05', '10:30:00', 1, '', 0, 0, 0, '', '0000-00-00 00:00:00', '', '0000-00-00 00:00:00'),
(20644, 8, '2017-04-05', '10:45:00', 1, '', 0, 0, 0, '', '0000-00-00 00:00:00', '', '0000-00-00 00:00:00'),
(20645, 8, '2017-04-05', '11:00:00', 1, '', 0, 0, 0, '', '0000-00-00 00:00:00', '', '0000-00-00 00:00:00'),
(20646, 8, '2017-04-05', '11:15:00', 1, '', 0, 0, 0, '', '0000-00-00 00:00:00', '', '0000-00-00 00:00:00'),
(20647, 8, '2017-04-05', '11:30:00', 1, '', 0, 0, 0, '', '0000-00-00 00:00:00', '', '0000-00-00 00:00:00'),
(20648, 9, '2017-04-05', '09:30:00', 1, '', 0, 0, 0, '', '0000-00-00 00:00:00', '', '0000-00-00 00:00:00'),
(20649, 9, '2017-04-05', '09:45:00', 1, '', 0, 0, 0, '', '0000-00-00 00:00:00', '', '0000-00-00 00:00:00'),
(20650, 9, '2017-04-05', '10:00:00', 1, '', 0, 0, 0, '', '0000-00-00 00:00:00', '', '0000-00-00 00:00:00'),
(20651, 9, '2017-04-05', '10:15:00', 1, '', 0, 0, 0, '', '0000-00-00 00:00:00', '', '0000-00-00 00:00:00'),
(20652, 9, '2017-04-05', '10:30:00', 1, '', 1, 207, 0, '', '0000-00-00 00:00:00', '', '0000-00-00 00:00:00'),
(20653, 9, '2017-04-05', '10:45:00', 1, '', 0, 0, 0, '', '0000-00-00 00:00:00', '', '0000-00-00 00:00:00'),
(20654, 9, '2017-04-05', '11:00:00', 1, '', 0, 0, 0, '', '0000-00-00 00:00:00', '', '0000-00-00 00:00:00'),
(20655, 9, '2017-04-05', '11:15:00', 1, '', 0, 0, 0, '', '0000-00-00 00:00:00', '', '0000-00-00 00:00:00'),
(20656, 9, '2017-04-05', '11:30:00', 1, '', 0, 0, 0, '', '0000-00-00 00:00:00', '', '0000-00-00 00:00:00'),
(20657, 1, '2017-04-06', '09:30:00', 1, '', 0, 0, 0, '', '0000-00-00 00:00:00', '', '0000-00-00 00:00:00'),
(20658, 1, '2017-04-06', '09:45:00', 1, '', 0, 0, 0, '', '0000-00-00 00:00:00', '', '0000-00-00 00:00:00'),
(20659, 1, '2017-04-06', '10:00:00', 1, '', 0, 0, 0, '', '0000-00-00 00:00:00', '', '0000-00-00 00:00:00'),
(20660, 1, '2017-04-06', '10:15:00', 1, '', 0, 0, 0, '', '0000-00-00 00:00:00', '', '0000-00-00 00:00:00'),
(20661, 1, '2017-04-06', '10:30:00', 1, '', 0, 0, 0, '', '0000-00-00 00:00:00', '', '0000-00-00 00:00:00'),
(20662, 1, '2017-04-06', '10:45:00', 1, '', 1, 207, 0, '', '0000-00-00 00:00:00', '', '0000-00-00 00:00:00'),
(20663, 1, '2017-04-06', '11:00:00', 1, '', 0, 0, 0, '', '0000-00-00 00:00:00', '', '0000-00-00 00:00:00'),
(20664, 1, '2017-04-06', '11:15:00', 1, '', 0, 0, 0, '', '0000-00-00 00:00:00', '', '0000-00-00 00:00:00'),
(20666, 2, '2017-04-06', '09:30:00', 1, '', 0, 0, 0, '', '0000-00-00 00:00:00', '', '0000-00-00 00:00:00'),
(20667, 2, '2017-04-06', '09:45:00', 1, '', 0, 0, 0, '', '0000-00-00 00:00:00', '', '0000-00-00 00:00:00'),
(20668, 2, '2017-04-06', '10:00:00', 1, '', 0, 0, 0, '', '0000-00-00 00:00:00', '', '0000-00-00 00:00:00'),
(20669, 2, '2017-04-06', '10:15:00', 1, '', 0, 0, 0, '', '0000-00-00 00:00:00', '', '0000-00-00 00:00:00'),
(20670, 2, '2017-04-06', '10:30:00', 1, '', 0, 0, 0, '', '0000-00-00 00:00:00', '', '0000-00-00 00:00:00'),
(20671, 2, '2017-04-06', '10:45:00', 1, '', 0, 0, 0, '', '0000-00-00 00:00:00', '', '0000-00-00 00:00:00'),
(20672, 2, '2017-04-06', '11:00:00', 1, '', 0, 0, 0, '', '0000-00-00 00:00:00', '', '0000-00-00 00:00:00'),
(20673, 2, '2017-04-06', '11:15:00', 1, '', 0, 0, 0, '', '0000-00-00 00:00:00', '', '0000-00-00 00:00:00'),
(20675, 3, '2017-04-06', '09:30:00', 1, '', 0, 0, 0, '', '0000-00-00 00:00:00', '', '0000-00-00 00:00:00'),
(20676, 3, '2017-04-06', '09:45:00', 1, '', 0, 0, 0, '', '0000-00-00 00:00:00', '', '0000-00-00 00:00:00'),
(20677, 3, '2017-04-06', '10:00:00', 1, '', 0, 0, 0, '', '0000-00-00 00:00:00', '', '0000-00-00 00:00:00'),
(20678, 3, '2017-04-06', '10:15:00', 1, '', 0, 0, 0, '', '0000-00-00 00:00:00', '', '0000-00-00 00:00:00'),
(20679, 3, '2017-04-06', '10:30:00', 1, '', 0, 0, 0, '', '0000-00-00 00:00:00', '', '0000-00-00 00:00:00'),
(20680, 3, '2017-04-06', '10:45:00', 1, '', 0, 0, 0, '', '0000-00-00 00:00:00', '', '0000-00-00 00:00:00'),
(20681, 3, '2017-04-06', '11:00:00', 1, '', 0, 0, 0, '', '0000-00-00 00:00:00', '', '0000-00-00 00:00:00'),
(20682, 3, '2017-04-06', '11:15:00', 1, '', 0, 0, 0, '', '0000-00-00 00:00:00', '', '0000-00-00 00:00:00'),
(20684, 4, '2017-04-06', '09:30:00', 1, '', 0, 0, 0, '', '0000-00-00 00:00:00', '', '0000-00-00 00:00:00'),
(20685, 4, '2017-04-06', '09:45:00', 1, '', 0, 0, 0, '', '0000-00-00 00:00:00', '', '0000-00-00 00:00:00'),
(20686, 4, '2017-04-06', '10:00:00', 1, '', 0, 0, 0, '', '0000-00-00 00:00:00', '', '0000-00-00 00:00:00'),
(20687, 4, '2017-04-06', '10:15:00', 1, '', 0, 0, 0, '', '0000-00-00 00:00:00', '', '0000-00-00 00:00:00'),
(20688, 4, '2017-04-06', '10:30:00', 1, '', 0, 0, 0, '', '0000-00-00 00:00:00', '', '0000-00-00 00:00:00'),
(20689, 4, '2017-04-06', '10:45:00', 1, '', 0, 0, 0, '', '0000-00-00 00:00:00', '', '0000-00-00 00:00:00'),
(20690, 4, '2017-04-06', '11:00:00', 1, '', 0, 0, 0, '', '0000-00-00 00:00:00', '', '0000-00-00 00:00:00'),
(20691, 4, '2017-04-06', '11:15:00', 1, '', 0, 0, 0, '', '0000-00-00 00:00:00', '', '0000-00-00 00:00:00'),
(20693, 5, '2017-04-06', '09:30:00', 1, '', 0, 0, 0, '', '0000-00-00 00:00:00', '', '0000-00-00 00:00:00'),
(20694, 5, '2017-04-06', '09:45:00', 1, '', 0, 0, 0, '', '0000-00-00 00:00:00', '', '0000-00-00 00:00:00'),
(20695, 5, '2017-04-06', '10:00:00', 1, '', 0, 0, 0, '', '0000-00-00 00:00:00', '', '0000-00-00 00:00:00'),
(20696, 5, '2017-04-06', '10:15:00', 1, '', 0, 0, 0, '', '0000-00-00 00:00:00', '', '0000-00-00 00:00:00'),
(20697, 5, '2017-04-06', '10:30:00', 1, '', 0, 0, 0, '', '0000-00-00 00:00:00', '', '0000-00-00 00:00:00'),
(20698, 5, '2017-04-06', '10:45:00', 1, '', 0, 0, 0, '', '0000-00-00 00:00:00', '', '0000-00-00 00:00:00'),
(20699, 5, '2017-04-06', '11:00:00', 1, '', 0, 0, 0, '', '0000-00-00 00:00:00', '', '0000-00-00 00:00:00'),
(20700, 5, '2017-04-06', '11:15:00', 1, '', 0, 0, 0, '', '0000-00-00 00:00:00', '', '0000-00-00 00:00:00'),
(20702, 6, '2017-04-06', '09:30:00', 1, '', 0, 0, 0, '', '0000-00-00 00:00:00', '', '0000-00-00 00:00:00'),
(20703, 6, '2017-04-06', '09:45:00', 1, '', 0, 0, 0, '', '0000-00-00 00:00:00', '', '0000-00-00 00:00:00'),
(20704, 6, '2017-04-06', '10:00:00', 1, '', 0, 0, 0, '', '0000-00-00 00:00:00', '', '0000-00-00 00:00:00'),
(20705, 6, '2017-04-06', '10:15:00', 1, '', 0, 0, 0, '', '0000-00-00 00:00:00', '', '0000-00-00 00:00:00'),
(20706, 6, '2017-04-06', '10:30:00', 1, '', 0, 0, 0, '', '0000-00-00 00:00:00', '', '0000-00-00 00:00:00'),
(20707, 6, '2017-04-06', '10:45:00', 1, '', 0, 0, 0, '', '0000-00-00 00:00:00', '', '0000-00-00 00:00:00'),
(20708, 6, '2017-04-06', '11:00:00', 1, '', 0, 0, 0, '', '0000-00-00 00:00:00', '', '0000-00-00 00:00:00'),
(20709, 6, '2017-04-06', '11:15:00', 1, '', 0, 0, 0, '', '0000-00-00 00:00:00', '', '0000-00-00 00:00:00'),
(20711, 7, '2017-04-06', '09:30:00', 1, '', 0, 0, 0, '', '0000-00-00 00:00:00', '', '0000-00-00 00:00:00'),
(20712, 7, '2017-04-06', '09:45:00', 1, '', 0, 0, 0, '', '0000-00-00 00:00:00', '', '0000-00-00 00:00:00'),
(20713, 7, '2017-04-06', '10:00:00', 1, '', 0, 0, 0, '', '0000-00-00 00:00:00', '', '0000-00-00 00:00:00'),
(20714, 7, '2017-04-06', '10:15:00', 1, '', 0, 0, 0, '', '0000-00-00 00:00:00', '', '0000-00-00 00:00:00'),
(20715, 7, '2017-04-06', '10:30:00', 1, '', 0, 0, 0, '', '0000-00-00 00:00:00', '', '0000-00-00 00:00:00'),
(20716, 7, '2017-04-06', '10:45:00', 1, '', 0, 0, 0, '', '0000-00-00 00:00:00', '', '0000-00-00 00:00:00'),
(20717, 7, '2017-04-06', '11:00:00', 1, '', 0, 0, 0, '', '0000-00-00 00:00:00', '', '0000-00-00 00:00:00'),
(20718, 7, '2017-04-06', '11:15:00', 1, '', 0, 0, 0, '', '0000-00-00 00:00:00', '', '0000-00-00 00:00:00'),
(20720, 8, '2017-04-06', '09:30:00', 1, '', 0, 0, 0, '', '0000-00-00 00:00:00', '', '0000-00-00 00:00:00'),
(20721, 8, '2017-04-06', '09:45:00', 1, '', 0, 0, 0, '', '0000-00-00 00:00:00', '', '0000-00-00 00:00:00'),
(20722, 8, '2017-04-06', '10:00:00', 1, '', 0, 0, 0, '', '0000-00-00 00:00:00', '', '0000-00-00 00:00:00'),
(20723, 8, '2017-04-06', '10:15:00', 1, '', 0, 0, 0, '', '0000-00-00 00:00:00', '', '0000-00-00 00:00:00'),
(20724, 8, '2017-04-06', '10:30:00', 1, '', 0, 0, 0, '', '0000-00-00 00:00:00', '', '0000-00-00 00:00:00'),
(20725, 8, '2017-04-06', '10:45:00', 1, '', 0, 0, 0, '', '0000-00-00 00:00:00', '', '0000-00-00 00:00:00'),
(20726, 8, '2017-04-06', '11:00:00', 1, '', 0, 0, 0, '', '0000-00-00 00:00:00', '', '0000-00-00 00:00:00'),
(20727, 8, '2017-04-06', '11:15:00', 1, '', 0, 0, 0, '', '0000-00-00 00:00:00', '', '0000-00-00 00:00:00'),
(20729, 9, '2017-04-06', '09:30:00', 1, '', 0, 0, 0, '', '0000-00-00 00:00:00', '', '0000-00-00 00:00:00'),
(20730, 9, '2017-04-06', '09:45:00', 1, '', 0, 0, 0, '', '0000-00-00 00:00:00', '', '0000-00-00 00:00:00'),
(20731, 9, '2017-04-06', '10:00:00', 1, '', 0, 0, 0, '', '0000-00-00 00:00:00', '', '0000-00-00 00:00:00'),
(20732, 9, '2017-04-06', '10:15:00', 1, '', 0, 0, 0, '', '0000-00-00 00:00:00', '', '0000-00-00 00:00:00'),
(20733, 9, '2017-04-06', '10:30:00', 1, '', 0, 0, 0, '', '0000-00-00 00:00:00', '', '0000-00-00 00:00:00'),
(20734, 9, '2017-04-06', '10:45:00', 1, '', 0, 0, 0, '', '0000-00-00 00:00:00', '', '0000-00-00 00:00:00'),
(20735, 9, '2017-04-06', '11:00:00', 1, '', 1, 207, 0, '', '0000-00-00 00:00:00', '', '0000-00-00 00:00:00'),
(20736, 9, '2017-04-06', '11:15:00', 1, '', 0, 0, 0, '', '0000-00-00 00:00:00', '', '0000-00-00 00:00:00'),
(20738, 9, '2017-04-06', '11:45:00', 1, '', 0, 0, 0, '', '0000-00-00 00:00:00', '', '0000-00-00 00:00:00'),
(20739, 9, '2017-04-06', '12:00:00', 1, '', 0, 0, 0, '', '0000-00-00 00:00:00', '', '0000-00-00 00:00:00'),
(20740, 9, '2017-04-06', '12:15:00', 1, '', 0, 0, 0, '', '0000-00-00 00:00:00', '', '0000-00-00 00:00:00'),
(20741, 9, '2017-04-06', '12:30:00', 1, '', 0, 0, 0, '', '0000-00-00 00:00:00', '', '0000-00-00 00:00:00'),
(20742, 9, '2017-04-06', '12:45:00', 1, '', 0, 0, 0, '', '0000-00-00 00:00:00', '', '0000-00-00 00:00:00'),
(20743, 9, '2017-04-06', '13:00:00', 1, '', 0, 0, 0, '', '0000-00-00 00:00:00', '', '0000-00-00 00:00:00'),
(20744, 9, '2017-04-06', '13:15:00', 1, '', 0, 0, 0, '', '0000-00-00 00:00:00', '', '0000-00-00 00:00:00'),
(20745, 9, '2017-04-06', '13:30:00', 1, '', 0, 0, 0, '', '0000-00-00 00:00:00', '', '0000-00-00 00:00:00'),
(20746, 9, '2017-04-06', '13:45:00', 1, '', 0, 0, 0, '', '0000-00-00 00:00:00', '', '0000-00-00 00:00:00'),
(20747, 9, '2017-04-06', '14:00:00', 1, '', 0, 0, 0, '', '0000-00-00 00:00:00', '', '0000-00-00 00:00:00'),
(20748, 9, '2017-04-06', '14:15:00', 1, '', 0, 0, 0, '', '0000-00-00 00:00:00', '', '0000-00-00 00:00:00'),
(20749, 9, '2017-04-06', '14:30:00', 1, '', 0, 0, 0, '', '0000-00-00 00:00:00', '', '0000-00-00 00:00:00'),
(20750, 9, '2017-04-06', '14:45:00', 1, '', 0, 0, 0, '', '0000-00-00 00:00:00', '', '0000-00-00 00:00:00'),
(20751, 9, '2017-04-06', '15:00:00', 1, '', 0, 0, 0, '', '0000-00-00 00:00:00', '', '0000-00-00 00:00:00'),
(20752, 9, '2017-04-06', '15:15:00', 1, '', 0, 0, 0, '', '0000-00-00 00:00:00', '', '0000-00-00 00:00:00'),
(20753, 9, '2017-04-06', '15:30:00', 1, '', 0, 0, 0, '', '0000-00-00 00:00:00', '', '0000-00-00 00:00:00'),
(20754, 9, '2017-04-06', '15:45:00', 1, '', 0, 0, 0, '', '0000-00-00 00:00:00', '', '0000-00-00 00:00:00'),
(20755, 9, '2017-04-06', '16:00:00', 1, '', 0, 0, 0, '', '0000-00-00 00:00:00', '', '0000-00-00 00:00:00'),
(20756, 9, '2017-04-06', '16:15:00', 1, '', 0, 0, 0, '', '0000-00-00 00:00:00', '', '0000-00-00 00:00:00'),
(20757, 1, '2017-04-07', '09:30:00', 1, '', 0, 0, 1, '', '0000-00-00 00:00:00', '', '0000-00-00 00:00:00'),
(20758, 2, '2017-04-07', '09:45:00', 1, '', 0, 0, 0, '', '0000-00-00 00:00:00', '', '0000-00-00 00:00:00'),
(20759, 3, '2017-04-07', '10:00:00', 1, '', 0, 0, 0, '', '0000-00-00 00:00:00', '', '0000-00-00 00:00:00'),
(20760, 4, '2017-04-07', '10:15:00', 1, '', 0, 0, 0, '', '0000-00-00 00:00:00', '', '0000-00-00 00:00:00'),
(20761, 5, '2017-04-07', '10:30:00', 1, '', 0, 0, 0, '', '0000-00-00 00:00:00', '', '0000-00-00 00:00:00'),
(20762, 6, '2017-04-07', '10:45:00', 1, '', 0, 0, 0, '', '0000-00-00 00:00:00', '', '0000-00-00 00:00:00'),
(20763, 7, '2017-04-07', '11:00:00', 1, '', 0, 0, 0, '', '0000-00-00 00:00:00', '', '0000-00-00 00:00:00'),
(20764, 8, '2017-04-07', '11:15:00', 1, '', 0, 0, 0, '', '0000-00-00 00:00:00', '', '0000-00-00 00:00:00'),
(20765, 9, '2017-04-07', '11:30:00', 1, '', 0, 0, 0, '', '0000-00-00 00:00:00', '', '0000-00-00 00:00:00'),
(20766, 1, '2017-04-08', '09:30:00', 1, '', 0, 0, 1, '', '0000-00-00 00:00:00', '', '0000-00-00 00:00:00'),
(20767, 2, '2017-04-08', '09:45:00', 1, '', 0, 0, 0, '', '0000-00-00 00:00:00', '', '0000-00-00 00:00:00'),
(20768, 3, '2017-04-08', '10:00:00', 1, '', 0, 0, 0, '', '0000-00-00 00:00:00', '', '0000-00-00 00:00:00'),
(20769, 4, '2017-04-08', '10:15:00', 1, '', 0, 0, 0, '', '0000-00-00 00:00:00', '', '0000-00-00 00:00:00'),
(20770, 5, '2017-04-08', '10:30:00', 1, '', 0, 0, 0, '', '0000-00-00 00:00:00', '', '0000-00-00 00:00:00'),
(20771, 6, '2017-04-08', '10:45:00', 1, '', 0, 0, 0, '', '0000-00-00 00:00:00', '', '0000-00-00 00:00:00'),
(20772, 7, '2017-04-08', '11:00:00', 1, '', 0, 0, 0, '', '0000-00-00 00:00:00', '', '0000-00-00 00:00:00'),
(20773, 8, '2017-04-08', '11:15:00', 1, '', 0, 0, 0, '', '0000-00-00 00:00:00', '', '0000-00-00 00:00:00'),
(20774, 9, '2017-04-08', '11:30:00', 1, '', 0, 0, 0, '', '0000-00-00 00:00:00', '', '0000-00-00 00:00:00');

-- --------------------------------------------------------

--
-- 表的结构 `fd_rel_doctor_appointment_time_his`
--

CREATE TABLE `fd_rel_doctor_appointment_time_his` (
  `DOCTOR_APPOINTMENT_TIME_ID` int(11) NOT NULL,
  `DOCTOR_ID` int(11) NOT NULL,
  `APPOINTMENT_DATE` datetime NOT NULL,
  `ACTIVE_STATUS` int(11) NOT NULL,
  `NOTE` varchar(200) NOT NULL,
  `OPERATOR_STATUS` varchar(50) NOT NULL,
  `CREATE_USER` varchar(50) NOT NULL,
  `CREATE_DATE` datetime NOT NULL,
  `UPDATE_USER` varchar(50) NOT NULL,
  `UPDATE_DATE` datetime NOT NULL
) ENGINE=InnoDB DEFAULT CHARSET=utf8;

-- --------------------------------------------------------

--
-- 表的结构 `fd_rel_doctor_language`
--

CREATE TABLE `fd_rel_doctor_language` (
  `DOCTOR_LANGUAGE_ID` int(11) NOT NULL,
  `DOCTOR_ID` int(11) NOT NULL,
  `LANGUAGE_ID` int(11) NOT NULL
) ENGINE=InnoDB DEFAULT CHARSET=latin1;

--
-- 转存表中的数据 `fd_rel_doctor_language`
--

INSERT INTO `fd_rel_doctor_language` (`DOCTOR_LANGUAGE_ID`, `DOCTOR_ID`, `LANGUAGE_ID`) VALUES
(70, 2, 3),
(71, 3, 0),
(72, 4, 1),
(73, 5, 2),
(74, 6, 3),
(75, 7, 0),
(76, 8, 1),
(77, 9, 2),
(78, 8, 2),
(79, 9, 3),
(81, 1, 0),
(82, 1, 1),
(83, 1, 2),
(84, 1, 3);

-- --------------------------------------------------------

--
-- 表的结构 `fd_role`
--

CREATE TABLE `fd_role` (
  `ROLE_ID` int(11) NOT NULL,
  `ROLE_NAME` varchar(50) NOT NULL,
  `NOTE` varchar(200) DEFAULT NULL,
  `CREATE_USER` varchar(50) NOT NULL,
  `CREATE_DATE` datetime NOT NULL,
  `UPDATE_USER` varchar(50) NOT NULL,
  `UPDATE_DATE` datetime NOT NULL
) ENGINE=InnoDB DEFAULT CHARSET=utf8;

-- --------------------------------------------------------

--
-- 表的结构 `fd_save_search`
--

CREATE TABLE `fd_save_search` (
  `CUSTOMER_SEARCH_ID` int(11) NOT NULL,
  `CUSTOMER_USER_ID` int(11) NOT NULL,
  `SEARCH_NAME` varchar(50) NOT NULL,
  `CLINIC_SUBURB` varchar(50) NOT NULL,
  `STATE_ID` varchar(50) NOT NULL,
  `CLINIC_NAME` varchar(50) NOT NULL,
  `DOCTOR_TYPE` varchar(50) NOT NULL,
  `DOCTOR_NAME` varchar(50) NOT NULL,
  `DISTANCE` varchar(50) NOT NULL,
  `CREATE_USER` varchar(50) NOT NULL,
  `CREATE_DATE` datetime NOT NULL,
  `UPDATE_USER` varchar(50) NOT NULL,
  `UPDATE_DATE` datetime NOT NULL
) ENGINE=InnoDB DEFAULT CHARSET=utf8;

--
-- 转存表中的数据 `fd_save_search`
--

INSERT INTO `fd_save_search` (`CUSTOMER_SEARCH_ID`, `CUSTOMER_USER_ID`, `SEARCH_NAME`, `CLINIC_SUBURB`, `STATE_ID`, `CLINIC_NAME`, `DOCTOR_TYPE`, `DOCTOR_NAME`, `DISTANCE`, `CREATE_USER`, `CREATE_DATE`, `UPDATE_USER`, `UPDATE_DATE`) VALUES
(1, 0, '', '', '', '', '', '', '', 'fudanyinxin@gmail.com', '2016-12-14 07:24:18', 'fudanyinxin@gmail.com', '2016-12-14 07:24:18');

-- --------------------------------------------------------

--
-- 表的结构 `fd_service`
--

CREATE TABLE `fd_service` (
  `SERVICE_CODE` int(11) NOT NULL,
  `SERVICE_ID` varchar(50) NOT NULL,
  `DES` varchar(50) NOT NULL,
  `SERVICE_JS` varchar(50) NOT NULL,
  `URL` varchar(50) NOT NULL,
  `INPUT_PARA` varchar(300) NOT NULL,
  `OUTPUT_PARA` varchar(50) NOT NULL,
  `NOTE` varchar(50) NOT NULL,
  `CREATE_USER` varchar(50) NOT NULL,
  `CREATE_DATE` datetime NOT NULL,
  `UPDATE_USER` varchar(50) NOT NULL,
  `UPDATE_DATE` datetime NOT NULL
) ENGINE=InnoDB DEFAULT CHARSET=utf8;

--
-- 转存表中的数据 `fd_service`
--

INSERT INTO `fd_service` (`SERVICE_CODE`, `SERVICE_ID`, `DES`, `SERVICE_JS`, `URL`, `INPUT_PARA`, `OUTPUT_PARA`, `NOTE`, `CREATE_USER`, `CREATE_DATE`, `UPDATE_USER`, `UPDATE_DATE`) VALUES
(4, 'UI01', '用户登录', 'sign_in.js', 'url: \"classes/class.sign_in.php\",', '页面所有输入框', '', '', 'admin', '2016-09-09 00:00:00', 'admin', '2016-09-09 00:00:00'),
(5, 'UI02', '获取用户详细信息(条件用户名)', 'appointmentDoctor.js', 'url: \"classes/class.UserDetail.php\",', 'username: username', '用户详细信息', '', 'admin', '2016-09-09 00:00:00', 'admin', '2016-09-09 00:00:00'),
(6, 'UI03', '获取用户详细信息(条件用户ID)', 'userUpdPersonInfo.js', 'url: \"classes/class.UserDetail.php\",', 'action_type: \"view\", CUSTOMER_USER_ID: fd_userid', '', '', 'admin', '2016-09-09 00:00:00', 'admin', '2016-09-09 00:00:00'),
(7, 'UU01', '个人用户注册(游客通过预约,自动注册)', 'appointmentDoctor.js', 'url: \"classes/class.sign_up_person.php\",', '页面所有输入框', '', '', 'admin', '2016-09-09 00:00:00', 'admin', '2016-09-09 00:00:00'),
(8, 'UU02', '个人用户注册(通过注册页面注册)', 'sign_up_person.js', 'url: \"classes/class.sign_up_person.php\",', '页面所有输入框', '', '', 'admin', '2016-09-09 00:00:00', 'admin', '2016-09-09 00:00:00'),
(9, 'UU03', '修改个人用户信息', 'userUpdPersonInfo.j', 'url: \"classes/class.UserDetail.php\",', '页面所有输入框', '', '', 'admin', '2016-09-09 00:00:00', 'admin', '2016-09-09 00:00:00'),
(10, 'UU04', '修改个人用户密码', 'userUpdPersonPwd.js', 'url: \"classes/class.UserDetail.php\",', 'action_type:\"update\", CUSTOMER_USER_ID:fd_userid, CUSTOMER_USER_PWD:$(\'#CUSTOMER_USER_NEWPWD\').val()', '', '', 'admin', '2016-09-09 00:00:00', 'admin', '2016-09-09 00:00:00'),
(11, 'CU01', '诊所用户注册', 'sign_up_clinic.js', 'url: \"classes/class.signup_clinic.php\",', '页面所有输入框', '', '', 'admin', '2016-09-09 00:00:00', 'admin', '2016-09-09 00:00:00'),
(12, 'CU02', '获取诊所用户详细信息', 'clinicUpdUserInfo.js', 'url: \"classes/class.ClinicDetail.php\",', 'action_type: \"view\",\r\nCLINIC_USER_ID: fd_userid', '', '', 'admin', '2016-09-09 00:00:00', 'admin', '2016-09-09 00:00:00'),
(13, 'CU03', '修改诊所用户信息', 'clinicUpdUserInfo.js', 'url: \"classes/class.ClinicDetail.php\",', '页面所有输入框', '', '', 'admin', '2016-09-09 00:00:00', 'admin', '2016-09-09 00:00:00'),
(16, 'CU04', '修改诊所用户密码', 'clinicUpdUserPwd.js', 'url: \"classes/class.ClinicDetail.php\",', 'action_type:\"update\",\r\nCLINIC_USER_ID:fd_userid,\r\nCLINIC_USER_PWD:$(\'#CUSTOMER_USER_NEWPWD\').val()', '', '', 'admin', '2016-09-09 00:00:00', 'admin', '2016-09-09 00:00:00'),
(17, 'CU05', '诊所用户搜索医生', 'clinicQryDoctor.js', 'url: \"classes/class.ClinicOprDoctor.php\",', 'CLINIC_USER_ID: fd_userid,\r\n    DOCTOR_TYPE: $(\'#DOCTOR_TYPE\').val(),\r\n    DOCTOR_NAME: $(\'#DOCTOR_NAME\').val(),', '', '', 'admin', '2016-09-09 00:00:00', 'admin', '2016-09-09 00:00:00'),
(18, 'CU06', '修改医生为inactive/active', 'clinicQryDoctor.js', 'url: \"classes/class.ClinicOprDoctor.php\",', 'action_type: \"update\",\r\n      ACTIVE_STATUS: 0|1,\r\n      DOCTOR_ID: DOCTOR_ID', '', '', 'admin', '2016-09-09 00:00:00', 'admin', '2016-09-09 00:00:00'),
(19, 'CU07', '修改医生基本信息', 'clinicUpdDoctorDetail.js', 'url: \"classes/class.ClinicOprDoctor.php\",', '页面所有输入框', '', '', 'admin', '2016-09-09 00:00:00', 'admin', '2016-09-09 00:00:00'),
(20, 'SD01', '搜索医生(主页全体条件 or)', 'searchDoctor.js', 'url: \"classes/class.searchDoctor.php\",', '见首页输入框', '诊所，医生，及预约时间（预约医生所需全部内容）', '入参requesttype = 0 查询条件or', 'admin', '2016-09-09 00:00:00', 'admin', '2016-09-09 00:00:00'),
(21, 'SD02', '搜索医生(主页全体条件 and)', 'searchDoctor.js', 'url: \"classes/class.searchDoctor.php\",', '搜索医生也点击搜索按钮，全体输入框', '诊所，医生，及预约时间（预约医生所需全部内容）', '入参requesttype = 1 查询条件and', 'admin', '2016-09-09 00:00:00', 'admin', '2016-09-09 00:00:00'),
(22, 'ST01', '搜索医生预约时间ID(条件医生ID,预约时间日期，时间)', 'appointmentDoctor.js', 'url: \"classes/class.searchAppTimeID.php\",', 'DOCTOR_ID: $(\'#DOCTOR_ID\').val(),\r\nAPPOINTMENT_DATE:\r\nAPPOINTMENT_TIME: radio_txt', '搜索医生预约时间ID', '', 'admin', '2016-09-09 00:00:00', 'admin', '2016-09-09 00:00:00'),
(23, 'SP01', '搜索预约状态（填充下拉框）', 'userAppointmentRecoder.js', 'url: \"classes/class.getAppointmentStatus.php\",', 'para=\"\";', '', '', 'admin', '2016-09-09 00:00:00', 'admin', '2016-09-09 00:00:00'),
(24, 'SP02', '搜索预约记录', 'userAppointmentRecoder.js', 'url: \"classes/class.AppointmentRecoder.php\",', 'CUSTOMER_USER_ID: userid,\r\nCREATE_DATE_BEGIN:  $(\'#begin_time\').val(),\r\nCREATE_DATE_END:  $(\'#end_time\').val(),\r\nAPPOINTMENT_STATUS_ID : $(\'#app_status\').val()', '', '', 'admin', '2016-09-09 00:00:00', 'admin', '2016-09-09 00:00:00'),
(25, 'AD01', '预约医生', 'appointmentDoctor.js', 'url: \"classes/class.appointmentDoctor.php\",', 'action_type: \"\"create\"\",\r\nCUSTOMER_USER_NAME: $(\'#CUSTOMER_USER_NAME\').val(),\r\nCUSTOMER_USER_PWD: $(\'#CUSTOMER_USER_PWD\').val(),\r\nCUSTOMER_USER_ID: custom_user_id,\r\nDOCTOR_ID: $(\'#DOCTOR_ID\').val(),\r\nDOCTOR_APPOINTMENT_TIME_ID:time_id,\r\nAPPOINTMENT_STATUS_ID:1', '预约成功', '', 'admin', '2016-09-09 00:00:00', 'admin', '2016-09-09 00:00:00'),
(26, 'AD02', '取消预约', 'userAppointmentRecoder.js', 'url: \"classes/class.AppointmentRecoder.php\",', 'action_type: \"\"update\"\",\r\nCUSTOMER_USER_ID: CUSTOMER_USER_ID,\r\nDOCTOR_ID: DOCTOR_ID,\r\nCREATE_DATE: CREATE_DATE', '', '', 'admin', '2016-09-09 00:00:00', 'admin', '2016-09-09 00:00:00'),
(27, 'S001', '收藏医生', 'appointmentDoctor.js', 'url: \"classes/class.saveDoctor.php\",', 'action_type:\"\"create\"\",\r\nCUSTOMER_USER_ID:$(\'#CUSTOMER_USER_ID\').val(),\r\nDOCTOR_ID:$(\'#DOCTOR_ID\').val()', '', '', 'admin', '2016-09-09 00:00:00', 'admin', '2016-09-09 00:00:00'),
(28, 'S002', '搜索收藏的医生', 'userSaveDoctor.js', 'url: \"classes/class.saveDoctor.php\",', '页面所有输入框', '', '', 'admin', '2016-09-09 00:00:00', 'admin', '2016-09-09 00:00:00'),
(29, 'S003', '删除收藏医生', 'userSaveDoctor.js', 'url: \"classes/class.saveDoctor.php\",', 'action_type: \"\"remove\"\",\r\nCUSTOMER_USER_ID: CUSTOMER_USER_ID,\r\nDOCTOR_ID: DOCTOR_ID', '', '', 'admin', '2016-09-09 00:00:00', 'admin', '2016-09-09 00:00:00'),
(30, 'SS01', '保存为常用搜索条件', 'searchDoctor.js', 'url: \"classes/class.saveSearch.php\",', '页面所有输入框', '', '', 'admin', '2016-09-09 00:00:00', 'admin', '2016-09-09 00:00:00'),
(31, 'SS02', '搜索常用搜索条件', 'userSaveSearch.js', 'url: \"classes/class.saveSearch.php\",', 'CUSTOMER_USER_ID: fd_userid', '', '', 'admin', '2016-09-09 00:00:00', 'admin', '2016-09-09 00:00:00'),
(32, 'SS03', '删除常用搜索条件', 'userSaveSearch.js', 'url: \"classes/class.saveSearch.php\",', 'action_type: \"remove\",\r\nCUSTOMER_USER_ID: CUSTOMER_USER_ID,\r\nCUSTOMER_SEARCH_ID: CUSTOMER_SEARCH_ID', '', '', 'admin', '2016-09-09 00:00:00', 'admin', '2016-09-09 00:00:00'),
(36, 'AU01', '修改管理员密码', 'adminUpdPwd.js', 'url: \"classes/class.AdminDetail.php\",', 'action_type: \"update\",\r\nADMIN_ID:fd_userid,\r\nADMIN_PWD:$(\'#CUSTOMER_USER_NEWPWD\').val()', '', '', 'admin', '2016-09-09 00:00:00', 'admin', '2016-09-09 00:00:00'),
(37, 'AU02', '查询诊所用户', 'adminQryClinic.js', 'url: \"classes/class.ClinicDetail.php\",', '页面输入条件', '', '', 'admin', '2016-09-09 00:00:00', 'admin', '2016-09-09 00:00:00'),
(38, 'AU03', '查询个人用户', 'adminQryUser.js', 'url: \"classes/class.UserDetail.php\",', '页面所有输入框', '', '', 'admin', '2016-09-09 00:00:00', 'admin', '2016-09-09 00:00:00'),
(39, 'AU06', '修改诊所用户为inactive/active', 'adminQryClinic.js', 'url: \"classes/class.ClinicDetail.php\",', 'action_type: \"update_active\",\r\nACTIVE_STATUS: 0,\r\nCLINIC_USER_ID: CLINIC_USER_ID', '', '', 'admin', '2016-09-09 00:00:00', 'admin', '2016-09-09 00:00:00'),
(40, 'AU07', '修改个人用户为inactive/active', 'adminQryUser.js', 'url: \"classes/class.UserDetail.php\",', 'action_type: \"update_active\",\r\nACTIVE_STATUS: 1/0,\r\nCUSTOMER_USER_ID: CUSTOMER_USER_ID', '', '', 'admin', '2016-09-09 00:00:00', 'admin', '2016-09-09 00:00:00'),
(41, 'SSTE', '填充州下拉列表', 'adminQryUser.js', 'url: \"classes/class.getState.php\",', '空', '州所有内容', '全部查询，无需条件', 'admin', '2016-09-09 00:00:00', 'admin', '2016-09-09 00:00:00'),
(42, 'SDTY', '填充医生类别', 'adminQryDoctor.js', 'url: \"classes/class.getDoctorType.php\",', '无', '医生所有类别', '查询全部内容', 'admin', '2016-09-10 00:00:00', 'admin', '2016-09-10 00:00:00'),
(43, 'SSUB', '填充区', 'userSaveDoctor.js', 'url: \"classes/class.getSuburb.php\",', '无', '全部诊所区', '查询全部，无条件', 'admin', '2016-09-13 00:00:00', 'admin', '2016-09-13 00:00:00');

-- --------------------------------------------------------

--
-- 表的结构 `fd_user`
--

CREATE TABLE `fd_user` (
  `USER_ID` int(11) NOT NULL,
  `LOGIN_NAME` varchar(50) NOT NULL,
  `LOGIN_PWD` varchar(50) NOT NULL,
  `USER_NAME` varchar(50) NOT NULL,
  `USER_GENDER` varchar(50) NOT NULL,
  `USER_TEL` varchar(50) NOT NULL,
  `ROLE_ID` varchar(50) NOT NULL,
  `USER_ADDR` varchar(200) NOT NULL,
  `NOTE` varchar(200) DEFAULT NULL,
  `CONTAIN_USER` varchar(50) NOT NULL,
  `CREATE_USER` varchar(50) NOT NULL,
  `CREATE_DATE` datetime NOT NULL,
  `UPDATE_USER` varchar(50) NOT NULL,
  `UPDATE_DATE` datetime NOT NULL
) ENGINE=InnoDB DEFAULT CHARSET=utf8;

--
-- Indexes for dumped tables
--

--
-- Indexes for table `ap_patient`
--
ALTER TABLE `ap_patient`
  ADD PRIMARY KEY (`id`);

--
-- Indexes for table `fd_admin`
--
ALTER TABLE `fd_admin`
  ADD PRIMARY KEY (`ADMIN_ID`);

--
-- Indexes for table `fd_clinic_user`
--
ALTER TABLE `fd_clinic_user`
  ADD PRIMARY KEY (`CLINIC_USER_ID`),
  ADD KEY `FK_fd_clinic_user_2` (`STATE_ID`);

--
-- Indexes for table `fd_customer_user`
--
ALTER TABLE `fd_customer_user`
  ADD PRIMARY KEY (`CUSTOMER_USER_ID`),
  ADD KEY `FK_fd_customer_user_7` (`STATE_ID`);

--
-- Indexes for table `fd_dict_appointment_status`
--
ALTER TABLE `fd_dict_appointment_status`
  ADD PRIMARY KEY (`APPOINTMENT_STATUS_ID`);

--
-- Indexes for table `fd_dict_gender_ch`
--
ALTER TABLE `fd_dict_gender_ch`
  ADD PRIMARY KEY (`GENDER_ID`);

--
-- Indexes for table `fd_dict_gender_en`
--
ALTER TABLE `fd_dict_gender_en`
  ADD PRIMARY KEY (`GENDER_ID`);

--
-- Indexes for table `fd_dict_language`
--
ALTER TABLE `fd_dict_language`
  ADD PRIMARY KEY (`LANGUAGE_ID`);

--
-- Indexes for table `fd_dict_log_type`
--
ALTER TABLE `fd_dict_log_type`
  ADD PRIMARY KEY (`LOG_TYPE_ID`);

--
-- Indexes for table `fd_dict_search`
--
ALTER TABLE `fd_dict_search`
  ADD PRIMARY KEY (`SEARCH_ID`);

--
-- Indexes for table `fd_dict_state`
--
ALTER TABLE `fd_dict_state`
  ADD PRIMARY KEY (`STATE_ID`),
  ADD UNIQUE KEY `STATE_NAME` (`STATE_NAME`);

--
-- Indexes for table `fd_dict_title`
--
ALTER TABLE `fd_dict_title`
  ADD PRIMARY KEY (`TITLE_ID`);

--
-- Indexes for table `fd_doctor`
--
ALTER TABLE `fd_doctor`
  ADD PRIMARY KEY (`DOCTOR_ID`);

--
-- Indexes for table `fd_function`
--
ALTER TABLE `fd_function`
  ADD PRIMARY KEY (`FUNCTION_ID`);

--
-- Indexes for table `fd_log`
--
ALTER TABLE `fd_log`
  ADD PRIMARY KEY (`LOG_ID`);

--
-- Indexes for table `fd_rel_clinic_doctor`
--
ALTER TABLE `fd_rel_clinic_doctor`
  ADD PRIMARY KEY (`CLINIC_DOCTOR_ID`),
  ADD KEY `FK_fd_rel_clinic_doctor_1` (`DOCTOR_ID`),
  ADD KEY `FK_fd_rel_clinic_doctor_2` (`CLINIC_USER_ID`);

--
-- Indexes for table `fd_rel_customer_appointment`
--
ALTER TABLE `fd_rel_customer_appointment`
  ADD PRIMARY KEY (`CUSTOMER_APPOINTMENT_ID`),
  ADD KEY `FK_fd_rel_customer_appointment_1` (`CUSTOMER_USER_ID`),
  ADD KEY `FK_fd_rel_customer_appointment_2` (`DOCTOR_ID`),
  ADD KEY `FK_fd_rel_customer_appointment_3` (`DOCTOR_APPOINTMENT_TIME_ID`),
  ADD KEY `FK_fd_rel_customer_appointment_4` (`APPOINTMENT_STATUS_ID`);

--
-- Indexes for table `fd_rel_customer_appointment_his`
--
ALTER TABLE `fd_rel_customer_appointment_his`
  ADD PRIMARY KEY (`CUSTOMER_APPOINTMENT_ID`);

--
-- Indexes for table `fd_rel_customer_doctor`
--
ALTER TABLE `fd_rel_customer_doctor`
  ADD PRIMARY KEY (`CUSTOMER_DOCTOR_ID`),
  ADD KEY `FK_fd_rel_customer_doctor_1` (`CUSTOMER_USER_ID`),
  ADD KEY `FK_fd_rel_customer_doctor_2` (`DOCTOR_ID`);

--
-- Indexes for table `fd_rel_doctor_appointment_time`
--
ALTER TABLE `fd_rel_doctor_appointment_time`
  ADD PRIMARY KEY (`DOCTOR_APPOINTMENT_TIME_ID`),
  ADD KEY `FK_fd_rel_doctor_appointment_time_1` (`DOCTOR_ID`);

--
-- Indexes for table `fd_rel_doctor_appointment_time_his`
--
ALTER TABLE `fd_rel_doctor_appointment_time_his`
  ADD PRIMARY KEY (`DOCTOR_APPOINTMENT_TIME_ID`);

--
-- Indexes for table `fd_rel_doctor_language`
--
ALTER TABLE `fd_rel_doctor_language`
  ADD PRIMARY KEY (`DOCTOR_LANGUAGE_ID`);

--
-- Indexes for table `fd_role`
--
ALTER TABLE `fd_role`
  ADD PRIMARY KEY (`ROLE_ID`);

--
-- Indexes for table `fd_save_search`
--
ALTER TABLE `fd_save_search`
  ADD PRIMARY KEY (`CUSTOMER_SEARCH_ID`),
  ADD KEY `FK_FD_SAVE_SEARCH_1` (`CUSTOMER_USER_ID`);

--
-- Indexes for table `fd_service`
--
ALTER TABLE `fd_service`
  ADD PRIMARY KEY (`SERVICE_CODE`),
  ADD UNIQUE KEY `SERVICE_ID` (`SERVICE_ID`);

--
-- Indexes for table `fd_user`
--
ALTER TABLE `fd_user`
  ADD PRIMARY KEY (`USER_ID`);

--
-- 在导出的表使用AUTO_INCREMENT
--

--
-- 使用表AUTO_INCREMENT `ap_patient`
--
ALTER TABLE `ap_patient`
  MODIFY `id` int(11) NOT NULL AUTO_INCREMENT, AUTO_INCREMENT=25;
--
-- 使用表AUTO_INCREMENT `fd_admin`
--
ALTER TABLE `fd_admin`
  MODIFY `ADMIN_ID` int(11) NOT NULL AUTO_INCREMENT, AUTO_INCREMENT=2;
--
-- 使用表AUTO_INCREMENT `fd_clinic_user`
--
ALTER TABLE `fd_clinic_user`
  MODIFY `CLINIC_USER_ID` int(11) NOT NULL AUTO_INCREMENT, AUTO_INCREMENT=4;
--
-- 使用表AUTO_INCREMENT `fd_customer_user`
--
ALTER TABLE `fd_customer_user`
  MODIFY `CUSTOMER_USER_ID` int(11) NOT NULL AUTO_INCREMENT, AUTO_INCREMENT=208;
--
-- 使用表AUTO_INCREMENT `fd_dict_appointment_status`
--
ALTER TABLE `fd_dict_appointment_status`
  MODIFY `APPOINTMENT_STATUS_ID` int(11) NOT NULL AUTO_INCREMENT, AUTO_INCREMENT=5;
--
-- 使用表AUTO_INCREMENT `fd_dict_search`
--
ALTER TABLE `fd_dict_search`
  MODIFY `SEARCH_ID` int(11) NOT NULL AUTO_INCREMENT, AUTO_INCREMENT=7;
--
-- 使用表AUTO_INCREMENT `fd_dict_state`
--
ALTER TABLE `fd_dict_state`
  MODIFY `STATE_ID` int(11) NOT NULL AUTO_INCREMENT, AUTO_INCREMENT=9;
--
-- 使用表AUTO_INCREMENT `fd_doctor`
--
ALTER TABLE `fd_doctor`
  MODIFY `DOCTOR_ID` int(11) NOT NULL AUTO_INCREMENT, AUTO_INCREMENT=10;
--
-- 使用表AUTO_INCREMENT `fd_function`
--
ALTER TABLE `fd_function`
  MODIFY `FUNCTION_ID` int(11) NOT NULL AUTO_INCREMENT;
--
-- 使用表AUTO_INCREMENT `fd_log`
--
ALTER TABLE `fd_log`
  MODIFY `LOG_ID` int(11) NOT NULL AUTO_INCREMENT;
--
-- 使用表AUTO_INCREMENT `fd_rel_clinic_doctor`
--
ALTER TABLE `fd_rel_clinic_doctor`
  MODIFY `CLINIC_DOCTOR_ID` int(11) NOT NULL AUTO_INCREMENT, AUTO_INCREMENT=17;
--
-- 使用表AUTO_INCREMENT `fd_rel_customer_appointment`
--
ALTER TABLE `fd_rel_customer_appointment`
  MODIFY `CUSTOMER_APPOINTMENT_ID` int(11) NOT NULL AUTO_INCREMENT, AUTO_INCREMENT=26;
--
-- 使用表AUTO_INCREMENT `fd_rel_customer_appointment_his`
--
ALTER TABLE `fd_rel_customer_appointment_his`
  MODIFY `CUSTOMER_APPOINTMENT_ID` int(11) NOT NULL AUTO_INCREMENT, AUTO_INCREMENT=130;
--
-- 使用表AUTO_INCREMENT `fd_rel_customer_doctor`
--
ALTER TABLE `fd_rel_customer_doctor`
  MODIFY `CUSTOMER_DOCTOR_ID` int(11) NOT NULL AUTO_INCREMENT, AUTO_INCREMENT=10;
--
-- 使用表AUTO_INCREMENT `fd_rel_doctor_appointment_time`
--
ALTER TABLE `fd_rel_doctor_appointment_time`
  MODIFY `DOCTOR_APPOINTMENT_TIME_ID` int(11) NOT NULL AUTO_INCREMENT, AUTO_INCREMENT=20775;
--
-- 使用表AUTO_INCREMENT `fd_rel_doctor_appointment_time_his`
--
ALTER TABLE `fd_rel_doctor_appointment_time_his`
  MODIFY `DOCTOR_APPOINTMENT_TIME_ID` int(11) NOT NULL AUTO_INCREMENT;
--
-- 使用表AUTO_INCREMENT `fd_rel_doctor_language`
--
ALTER TABLE `fd_rel_doctor_language`
  MODIFY `DOCTOR_LANGUAGE_ID` int(11) NOT NULL AUTO_INCREMENT, AUTO_INCREMENT=85;
--
-- 使用表AUTO_INCREMENT `fd_role`
--
ALTER TABLE `fd_role`
  MODIFY `ROLE_ID` int(11) NOT NULL AUTO_INCREMENT;
--
-- 使用表AUTO_INCREMENT `fd_save_search`
--
ALTER TABLE `fd_save_search`
  MODIFY `CUSTOMER_SEARCH_ID` int(11) NOT NULL AUTO_INCREMENT, AUTO_INCREMENT=2;
--
-- 使用表AUTO_INCREMENT `fd_service`
--
ALTER TABLE `fd_service`
  MODIFY `SERVICE_CODE` int(11) NOT NULL AUTO_INCREMENT, AUTO_INCREMENT=44;
--
-- 使用表AUTO_INCREMENT `fd_user`
--
ALTER TABLE `fd_user`
  MODIFY `USER_ID` int(11) NOT NULL AUTO_INCREMENT;
--
-- 限制导出的表
--

--
-- 限制表 `fd_clinic_user`
--
ALTER TABLE `fd_clinic_user`
  ADD CONSTRAINT `FK_fd_clinic_user_2` FOREIGN KEY (`STATE_ID`) REFERENCES `fd_dict_state` (`STATE_ID`);

--
-- 限制表 `fd_customer_user`
--
ALTER TABLE `fd_customer_user`
  ADD CONSTRAINT `FK_fd_customer_user_7` FOREIGN KEY (`STATE_ID`) REFERENCES `fd_dict_state` (`STATE_ID`);

/*!40101 SET CHARACTER_SET_CLIENT=@OLD_CHARACTER_SET_CLIENT */;
/*!40101 SET CHARACTER_SET_RESULTS=@OLD_CHARACTER_SET_RESULTS */;
/*!40101 SET COLLATION_CONNECTION=@OLD_COLLATION_CONNECTION */;
