-- phpMyAdmin SQL Dump
-- version 4.5.1
-- http://www.phpmyadmin.net
--
-- Host: 127.0.0.1
-- Generation Time: Jan 23, 2017 at 04:01 PM
-- Server version: 10.1.10-MariaDB
-- PHP Version: 5.6.19

SET SQL_MODE = "NO_AUTO_VALUE_ON_ZERO";
SET time_zone = "+00:00";


/*!40101 SET @OLD_CHARACTER_SET_CLIENT=@@CHARACTER_SET_CLIENT */;
/*!40101 SET @OLD_CHARACTER_SET_RESULTS=@@CHARACTER_SET_RESULTS */;
/*!40101 SET @OLD_COLLATION_CONNECTION=@@COLLATION_CONNECTION */;

--
-- Database: `focusdata`
--


DELETE FROM `fd_clinic_user`;
--
-- Dumping data for table `fd_clinic_user`
--

INSERT INTO `fd_clinic_user` (`CLINIC_USER_ID`, `CLINIC_USER_PWD`, `CLINIC_USER_MAIL`, `CLINIC_NAME`, `CLINIC_PHOTO`, `CLINIC_ADDR`, `CLINIC_POSTCODE`, `CLINIC_SUBURB`, `STATE_ID`, `ACTIVE_STATUS`, `NOTE`, `CREATE_USER`, `CREATE_DATE`, `UPDATE_USER`, `UPDATE_DATE`) VALUES
(1, '89634c352f3a1dc151e8cd19a859f27a', 'bencaotang@gmail.com', 'Box Hill Superclinic', 'img/clinics/test_bencaotang.jpg', '810 Whitehorse Road', '3127', 'Box Hill', 7, 1, NULL, 'bencaotang@gmail.com', '2017-01-23 08:37:39', 'bencaotang@gmail.com', '2017-01-23 08:37:39'),
(2, '25ccd325869097a683e3466ffcaf31cf', 'baozhilin@gmail.com', 'Box Hill Medical Centre', 'img/clinics/test_baozhilin.jpg', '528 Station Street', '3128', 'Box Hill', 7, 1, NULL, 'baozhilin@gmail.com', '2017-01-20 13:16:46', 'baozhilin@gmail.com', '2017-01-20 13:16:46'),
(3, 'fef7a0536578a077d04989b3c8f98dbd', 'jingwumen@gmail.com', 'Box Hill Mall Medical Centre', 'img/clinics/test_jingwumen.jpg', '8 Market Street', '3128', 'Box Hill', 7, 1, NULL, 'jingwumen@gmail.com', '2017-01-20 13:18:09', 'jingwumen@gmail.com', '2017-01-20 13:18:09');

--
-- Dumping data for table `fd_customer_user`
--
DELETE FROM `fd_customer_user`;
INSERT INTO `fd_customer_user` (`CUSTOMER_USER_ID`, `CUSTOMER_USER_PWD`, `CUSTOMER_USER_MAIL`, `CUSTOMER_FIRSTNAME`, `CUSTOMER_LASTNAME`, `TITLE_ID`, `GENDER_ID`, `CUSTOMER_BIRTHDAY`, `CUSTOMER_ADDR`, `CUSTOMER_POSTCODE`, `CUSTOMER_SUBURB`, `STATE_ID`, `CUSTOMER_PHONE_NO`, `MEDICAL_CARD_NO`, `ACTIVE_STATUS`, `NOTE`, `CREATE_USER`, `CREATE_DATE`, `UPDATE_USER`, `UPDATE_DATE`) VALUES
(207, '098f6bcd4621d373cade4e832627b4f6', 'test@gmail.com', 'test', 'test', 0, 0, '11/11/1983', '1 Whitehorse Road', '3128', 'Box Hill', 7, '0412341234', '1231231231', 1, '', 'test@gmail.com', '2017-01-23 09:51:38', 'test@gmail.com', '2017-01-23 09:51:38');

--
-- Dumping data for table `fd_doctor`
--
DELETE FROM `fd_doctor`;
INSERT INTO `fd_doctor` (`DOCTOR_ID`, `DOCTOR_TYPE`, `DOCTOR_NAME`, `DOCTOR_GENDER`, `ACTIVE_STATUS`, `DOCTOR_PHOTO`, `DOCTOR_INFO`, `NOTE`, `DOCTOR_ID_IMPORT`, `CREATE_USER`, `CREATE_DATE`, `UPDATE_USER`, `UPDATE_DATE`) VALUES
(1, 'GP', 'John Doe', '', 1, 'img/doctors/test_huatuo.jpg', '', '', 0, '', '0000-00-00 00:00:00', '', '0000-00-00 00:00:00'),
(2, 'GP', 'Frank Underwood', '', 1, 'img/doctors/test_bianque.jpg', '', '', 0, '', '0000-00-00 00:00:00', '', '0000-00-00 00:00:00'),
(3, 'GP', 'Cal Lightman', '', 1, 'img/doctors/test_lishizhen.jpg', '', '', 0, '', '0000-00-00 00:00:00', '', '0000-00-00 00:00:00'),
(4, 'GP', 'Roy Brench', '', 1, 'img/doctors/test_huangfeihong.jpg', '', '', 0, '', '0000-00-00 00:00:00', '', '0000-00-00 00:00:00'),
(5, 'GP', 'Gillian Foster', '', 1, 'img/doctors/test_shisanyi.jpg', '', '', 0, '', '0000-00-00 00:00:00', '', '0000-00-00 00:00:00'),
(6, 'GP', 'Ria Torres', '', 1, 'img/doctors/test_linshirong.jpg', '', '', 0, '', '0000-00-00 00:00:00', '', '0000-00-00 00:00:00'),
(7, 'GP', 'Jane Bob', '', 1, 'img/doctors/test_huoyuanjia.jpg', '', '', 6, '', '0000-00-00 00:00:00', '', '0000-00-00 00:00:00'),
(8, 'GP', 'Maurice Moss', '', 1, 'img/doctors/test_chenzhen.jpg', '', '', 0, '', '0000-00-00 00:00:00', '', '0000-00-00 00:00:00'),
(9, 'GP', 'Douglas Reynholm', '', 1, 'img/doctors/test_huotingen.jpg', '', '', 6, '', '0000-00-00 00:00:00', '', '0000-00-00 00:00:00');

--
-- Dumping data for table `fd_rel_clinic_doctor`
--
DELETE FROM `fd_rel_clinic_doctor`;
INSERT INTO `fd_rel_clinic_doctor` (`CLINIC_DOCTOR_ID`, `CLINIC_USER_ID`, `DOCTOR_ID`, `CREATE_USER`, `CREATE_DATE`, `UPDATE_USER`, `UPDATE_DATE`) VALUES
(1, 1, 1, 'admin', '2016-08-16 00:00:00', 'admin', '2016-08-16 00:00:00'),
(2, 1, 2, 'admin', '2016-08-16 00:00:00', 'admin', '2016-08-16 00:00:00'),
(3, 1, 3, 'admin', '2016-08-22 00:00:00', 'admin', '2016-08-22 00:00:00'),
(4, 2, 4, 'admin', '2016-08-22 00:00:00', 'admin', '2016-08-22 00:00:00'),
(12, 3, 7, 'admin', '2016-08-16 00:00:00', 'admin', '2016-08-16 00:00:00'),
(13, 3, 8, 'admin', '2016-08-16 00:00:00', 'admin', '2016-08-16 00:00:00'),
(14, 3, 9, 'admin', '2016-08-22 00:00:00', 'admin', '2016-08-22 00:00:00'),
(15, 2, 5, 'admin', '2016-08-22 00:00:00', 'admin', '2016-08-22 00:00:00'),
(16, 2, 6, 'admin', '2016-08-16 00:00:00', 'admin', '2016-08-16 00:00:00');

--
-- Dumping data for table `fd_rel_doctor_appointment_time`
--
DELETE FROM `fd_rel_doctor_appointment_time`;
INSERT INTO `fd_rel_doctor_appointment_time` (`DOCTOR_ID`, `APPOINTMENT_DATE`, `APPOINTMENT_TIME`, `ACTIVE_STATUS`, `NOTE`, `REQUESTING_FLAG`, `REQUESTING_USER_ID`, `SUCCESSFUL_FLAG`, `CREATE_USER`, `CREATE_DATE`, `UPDATE_USER`, `UPDATE_DATE`) VALUES
( 1, '2017-04-09', '09:30:00', 1, '', 0, 0, 0, '', '0000-00-00 00:00:00', '', '0000-00-00 00:00:00'),
( 1, '2017-04-09', '09:45:00', 1, '', 0, 0, 0, '', '0000-00-00 00:00:00', '', '0000-00-00 00:00:00'),
( 1, '2017-04-09', '10:00:00', 1, '', 0, 0, 0, '', '0000-00-00 00:00:00', '', '0000-00-00 00:00:00'),
( 1, '2017-04-09', '10:15:00', 1, '', 0, 0, 0, '', '0000-00-00 00:00:00', '', '0000-00-00 00:00:00'),
( 1, '2017-04-09', '10:30:00', 1, '', 0, 0, 0, '', '0000-00-00 00:00:00', '', '0000-00-00 00:00:00'),
( 1, '2017-04-09', '10:45:00', 1, '', 0, 0, 0, '', '0000-00-00 00:00:00', '', '0000-00-00 00:00:00'),
( 1, '2017-04-09', '11:00:00', 1, '', 0, 0, 0, '', '0000-00-00 00:00:00', '', '0000-00-00 00:00:00'),
( 1, '2017-04-09', '11:15:00', 1, '', 0, 0, 0, '', '0000-00-00 00:00:00', '', '0000-00-00 00:00:00'),
( 1, '2017-04-09', '11:30:00', 1, '', 0, 0, 0, '', '0000-00-00 00:00:00', '', '0000-00-00 00:00:00'),
( 2, '2017-04-09', '09:30:00', 1, '', 0, 0, 0, '', '0000-00-00 00:00:00', '', '0000-00-00 00:00:00'),
( 2, '2017-04-09', '09:45:00', 1, '', 0, 0, 0, '', '0000-00-00 00:00:00', '', '0000-00-00 00:00:00'),
( 2, '2017-04-09', '10:00:00', 1, '', 0, 0, 0, '', '0000-00-00 00:00:00', '', '0000-00-00 00:00:00'),
( 2, '2017-04-09', '10:15:00', 1, '', 0, 0, 0, '', '0000-00-00 00:00:00', '', '0000-00-00 00:00:00'),
( 2, '2017-04-09', '10:30:00', 1, '', 0, 0, 0, '', '0000-00-00 00:00:00', '', '0000-00-00 00:00:00'),
( 2, '2017-04-09', '10:45:00', 1, '', 0, 0, 0, '', '0000-00-00 00:00:00', '', '0000-00-00 00:00:00'),
( 2, '2017-04-09', '11:00:00', 1, '', 0, 0, 0, '', '0000-00-00 00:00:00', '', '0000-00-00 00:00:00'),
( 2, '2017-04-09', '11:15:00', 1, '', 0, 0, 0, '', '0000-00-00 00:00:00', '', '0000-00-00 00:00:00'),
( 2, '2017-04-09', '11:30:00', 1, '', 0, 0, 0, '', '0000-00-00 00:00:00', '', '0000-00-00 00:00:00'),
( 3, '2017-04-09', '09:30:00', 1, '', 0, 0, 0, '', '0000-00-00 00:00:00', '', '0000-00-00 00:00:00'),
( 3, '2017-04-09', '09:45:00', 1, '', 0, 0, 0, '', '0000-00-00 00:00:00', '', '0000-00-00 00:00:00'),
( 3, '2017-04-09', '10:00:00', 1, '', 0, 0, 0, '', '0000-00-00 00:00:00', '', '0000-00-00 00:00:00'),
( 3, '2017-04-09', '10:15:00', 1, '', 0, 0, 0, '', '0000-00-00 00:00:00', '', '0000-00-00 00:00:00'),
( 3, '2017-04-09', '10:30:00', 1, '', 0, 0, 0, '', '0000-00-00 00:00:00', '', '0000-00-00 00:00:00'),
( 3, '2017-04-09', '10:45:00', 1, '', 0, 0, 0, '', '0000-00-00 00:00:00', '', '0000-00-00 00:00:00'),
( 3, '2017-04-09', '11:00:00', 1, '', 0, 0, 0, '', '0000-00-00 00:00:00', '', '0000-00-00 00:00:00'),
( 3, '2017-04-09', '11:15:00', 1, '', 0, 0, 0, '', '0000-00-00 00:00:00', '', '0000-00-00 00:00:00'),
( 3, '2017-04-09', '11:30:00', 1, '', 0, 0, 0, '', '0000-00-00 00:00:00', '', '0000-00-00 00:00:00'),
( 4, '2017-04-09', '09:30:00', 1, '', 0, 0, 0, '', '0000-00-00 00:00:00', '', '0000-00-00 00:00:00'),
( 4, '2017-04-09', '09:45:00', 1, '', 0, 0, 0, '', '0000-00-00 00:00:00', '', '0000-00-00 00:00:00'),
( 4, '2017-04-09', '10:00:00', 1, '', 0, 0, 0, '', '0000-00-00 00:00:00', '', '0000-00-00 00:00:00'),
( 4, '2017-04-09', '10:15:00', 1, '', 0, 0, 0, '', '0000-00-00 00:00:00', '', '0000-00-00 00:00:00'),
( 4, '2017-04-09', '10:30:00', 1, '', 0, 0, 0, '', '0000-00-00 00:00:00', '', '0000-00-00 00:00:00'),
( 4, '2017-04-09', '10:45:00', 1, '', 0, 0, 0, '', '0000-00-00 00:00:00', '', '0000-00-00 00:00:00'),
( 4, '2017-04-09', '11:00:00', 1, '', 0, 0, 0, '', '0000-00-00 00:00:00', '', '0000-00-00 00:00:00'),
( 4, '2017-04-09', '11:15:00', 1, '', 0, 0, 0, '', '0000-00-00 00:00:00', '', '0000-00-00 00:00:00'),
( 4, '2017-04-09', '11:30:00', 1, '', 0, 0, 0, '', '0000-00-00 00:00:00', '', '0000-00-00 00:00:00'),
( 5, '2017-04-09', '09:30:00', 1, '', 0, 0, 0, '', '0000-00-00 00:00:00', '', '0000-00-00 00:00:00'),
( 5, '2017-04-09', '09:45:00', 1, '', 0, 0, 0, '', '0000-00-00 00:00:00', '', '0000-00-00 00:00:00'),
( 5, '2017-04-09', '10:00:00', 1, '', 0, 0, 0, '', '0000-00-00 00:00:00', '', '0000-00-00 00:00:00'),
( 5, '2017-04-09', '10:15:00', 1, '', 0, 0, 0, '', '0000-00-00 00:00:00', '', '0000-00-00 00:00:00'),
( 5, '2017-04-09', '10:30:00', 1, '', 0, 0, 0, '', '0000-00-00 00:00:00', '', '0000-00-00 00:00:00'),
( 5, '2017-04-09', '10:45:00', 1, '', 0, 0, 0, '', '0000-00-00 00:00:00', '', '0000-00-00 00:00:00'),
( 5, '2017-04-09', '11:00:00', 1, '', 0, 0, 0, '', '0000-00-00 00:00:00', '', '0000-00-00 00:00:00'),
( 5, '2017-04-09', '11:15:00', 1, '', 0, 0, 0, '', '0000-00-00 00:00:00', '', '0000-00-00 00:00:00'),
( 5, '2017-04-09', '11:30:00', 1, '', 0, 0, 0, '', '0000-00-00 00:00:00', '', '0000-00-00 00:00:00'),
( 6, '2017-04-09', '09:30:00', 1, '', 0, 0, 0, '', '0000-00-00 00:00:00', '', '0000-00-00 00:00:00'),
( 6, '2017-04-09', '09:45:00', 1, '', 0, 0, 0, '', '0000-00-00 00:00:00', '', '0000-00-00 00:00:00'),
( 6, '2017-04-09', '10:00:00', 1, '', 0, 0, 0, '', '0000-00-00 00:00:00', '', '0000-00-00 00:00:00'),
( 6, '2017-04-09', '10:15:00', 1, '', 0, 0, 0, '', '0000-00-00 00:00:00', '', '0000-00-00 00:00:00'),
( 6, '2017-04-09', '10:30:00', 1, '', 0, 0, 0, '', '0000-00-00 00:00:00', '', '0000-00-00 00:00:00'),
( 6, '2017-04-09', '10:45:00', 1, '', 0, 0, 0, '', '0000-00-00 00:00:00', '', '0000-00-00 00:00:00'),
( 6, '2017-04-09', '11:00:00', 1, '', 0, 0, 0, '', '0000-00-00 00:00:00', '', '0000-00-00 00:00:00'),
( 6, '2017-04-09', '11:15:00', 1, '', 0, 0, 0, '', '0000-00-00 00:00:00', '', '0000-00-00 00:00:00'),
( 6, '2017-04-09', '11:30:00', 1, '', 0, 0, 0, '', '0000-00-00 00:00:00', '', '0000-00-00 00:00:00'),
( 7, '2017-04-09', '09:30:00', 1, '', 0, 0, 0, '', '0000-00-00 00:00:00', '', '0000-00-00 00:00:00'),
( 7, '2017-04-09', '09:45:00', 1, '', 0, 0, 0, '', '0000-00-00 00:00:00', '', '0000-00-00 00:00:00'),
( 7, '2017-04-09', '10:00:00', 1, '', 0, 0, 0, '', '0000-00-00 00:00:00', '', '0000-00-00 00:00:00'),
( 7, '2017-04-09', '10:15:00', 1, '', 0, 0, 0, '', '0000-00-00 00:00:00', '', '0000-00-00 00:00:00'),
( 7, '2017-04-09', '10:30:00', 1, '', 0, 0, 0, '', '0000-00-00 00:00:00', '', '0000-00-00 00:00:00'),
( 7, '2017-04-09', '10:45:00', 1, '', 0, 0, 0, '', '0000-00-00 00:00:00', '', '0000-00-00 00:00:00'),
( 7, '2017-04-09', '11:00:00', 1, '', 0, 0, 0, '', '0000-00-00 00:00:00', '', '0000-00-00 00:00:00'),
( 7, '2017-04-09', '11:15:00', 1, '', 0, 0, 0, '', '0000-00-00 00:00:00', '', '0000-00-00 00:00:00'),
( 7, '2017-04-09', '11:30:00', 1, '', 0, 0, 0, '', '0000-00-00 00:00:00', '', '0000-00-00 00:00:00'),
( 8, '2017-04-09', '09:30:00', 1, '', 0, 0, 0, '', '0000-00-00 00:00:00', '', '0000-00-00 00:00:00'),
( 8, '2017-04-09', '09:45:00', 1, '', 0, 0, 0, '', '0000-00-00 00:00:00', '', '0000-00-00 00:00:00'),
( 8, '2017-04-09', '10:00:00', 1, '', 0, 0, 0, '', '0000-00-00 00:00:00', '', '0000-00-00 00:00:00'),
( 8, '2017-04-09', '10:15:00', 1, '', 0, 0, 0, '', '0000-00-00 00:00:00', '', '0000-00-00 00:00:00'),
( 8, '2017-04-09', '10:30:00', 1, '', 0, 0, 0, '', '0000-00-00 00:00:00', '', '0000-00-00 00:00:00'),
( 8, '2017-04-09', '10:45:00', 1, '', 0, 0, 0, '', '0000-00-00 00:00:00', '', '0000-00-00 00:00:00'),
( 8, '2017-04-09', '11:00:00', 1, '', 0, 0, 0, '', '0000-00-00 00:00:00', '', '0000-00-00 00:00:00'),
( 8, '2017-04-09', '11:15:00', 1, '', 0, 0, 0, '', '0000-00-00 00:00:00', '', '0000-00-00 00:00:00'),
( 8, '2017-04-09', '11:30:00', 1, '', 0, 0, 0, '', '0000-00-00 00:00:00', '', '0000-00-00 00:00:00'),
( 9, '2017-04-09', '09:30:00', 1, '', 0, 0, 0, '', '0000-00-00 00:00:00', '', '0000-00-00 00:00:00'),
( 9, '2017-04-09', '09:45:00', 1, '', 0, 0, 0, '', '0000-00-00 00:00:00', '', '0000-00-00 00:00:00'),
( 9, '2017-04-09', '10:00:00', 1, '', 0, 0, 0, '', '0000-00-00 00:00:00', '', '0000-00-00 00:00:00'),
( 9, '2017-04-09', '10:15:00', 1, '', 0, 0, 0, '', '0000-00-00 00:00:00', '', '0000-00-00 00:00:00'),
( 9, '2017-04-09', '10:30:00', 1, '', 0, 0, 0, '', '0000-00-00 00:00:00', '', '0000-00-00 00:00:00'),
( 9, '2017-04-09', '10:45:00', 1, '', 0, 0, 0, '', '0000-00-00 00:00:00', '', '0000-00-00 00:00:00'),
( 9, '2017-04-09', '11:00:00', 1, '', 0, 0, 0, '', '0000-00-00 00:00:00', '', '0000-00-00 00:00:00'),
( 9, '2017-04-09', '11:15:00', 1, '', 0, 0, 0, '', '0000-00-00 00:00:00', '', '0000-00-00 00:00:00'),
( 9, '2017-04-09', '11:30:00', 1, '', 0, 0, 0, '', '0000-00-00 00:00:00', '', '0000-00-00 00:00:00'),
( 1, '2017-04-10', '09:30:00', 1, '', 0, 0, 0, '', '0000-00-00 00:00:00', '', '0000-00-00 00:00:00'),
( 1, '2017-04-10', '09:45:00', 1, '', 0, 0, 0, '', '0000-00-00 00:00:00', '', '0000-00-00 00:00:00'),
( 1, '2017-04-10', '10:00:00', 1, '', 0, 0, 0, '', '0000-00-00 00:00:00', '', '0000-00-00 00:00:00'),
( 1, '2017-04-10', '10:15:00', 1, '', 0, 0, 0, '', '0000-00-00 00:00:00', '', '0000-00-00 00:00:00'),
( 1, '2017-04-10', '10:30:00', 1, '', 0, 0, 0, '', '0000-00-00 00:00:00', '', '0000-00-00 00:00:00'),
( 1, '2017-04-10', '10:45:00', 1, '', 0, 0, 0, '', '0000-00-00 00:00:00', '', '0000-00-00 00:00:00'),
( 1, '2017-04-10', '11:00:00', 1, '', 0, 0, 0, '', '0000-00-00 00:00:00', '', '0000-00-00 00:00:00'),
( 1, '2017-04-10', '11:15:00', 1, '', 0, 0, 0, '', '0000-00-00 00:00:00', '', '0000-00-00 00:00:00'),
( 1, '2017-04-10', '11:30:00', 1, '', 0, 0, 0, '', '0000-00-00 00:00:00', '', '0000-00-00 00:00:00'),
( 2, '2017-04-10', '09:30:00', 1, '', 0, 0, 0, '', '0000-00-00 00:00:00', '', '0000-00-00 00:00:00'),
( 2, '2017-04-10', '09:45:00', 1, '', 0, 0, 0, '', '0000-00-00 00:00:00', '', '0000-00-00 00:00:00'),
( 2, '2017-04-10', '10:00:00', 1, '', 0, 0, 0, '', '0000-00-00 00:00:00', '', '0000-00-00 00:00:00'),
( 2, '2017-04-10', '10:15:00', 1, '', 0, 0, 0, '', '0000-00-00 00:00:00', '', '0000-00-00 00:00:00'),
( 2, '2017-04-10', '10:30:00', 1, '', 0, 0, 0, '', '0000-00-00 00:00:00', '', '0000-00-00 00:00:00'),
( 2, '2017-04-10', '10:45:00', 1, '', 0, 0, 0, '', '0000-00-00 00:00:00', '', '0000-00-00 00:00:00'),
( 2, '2017-04-10', '11:00:00', 1, '', 0, 0, 0, '', '0000-00-00 00:00:00', '', '0000-00-00 00:00:00'),
( 2, '2017-04-10', '11:15:00', 1, '', 0, 0, 0, '', '0000-00-00 00:00:00', '', '0000-00-00 00:00:00'),
( 2, '2017-04-10', '11:30:00', 1, '', 0, 0, 0, '', '0000-00-00 00:00:00', '', '0000-00-00 00:00:00'),
( 3, '2017-04-10', '09:30:00', 1, '', 0, 0, 0, '', '0000-00-00 00:00:00', '', '0000-00-00 00:00:00'),
( 3, '2017-04-10', '09:45:00', 1, '', 0, 0, 0, '', '0000-00-00 00:00:00', '', '0000-00-00 00:00:00'),
( 3, '2017-04-10', '10:00:00', 1, '', 0, 0, 0, '', '0000-00-00 00:00:00', '', '0000-00-00 00:00:00'),
( 3, '2017-04-10', '10:15:00', 1, '', 0, 0, 0, '', '0000-00-00 00:00:00', '', '0000-00-00 00:00:00'),
( 3, '2017-04-10', '10:30:00', 1, '', 0, 0, 0, '', '0000-00-00 00:00:00', '', '0000-00-00 00:00:00'),
( 3, '2017-04-10', '10:45:00', 1, '', 0, 0, 0, '', '0000-00-00 00:00:00', '', '0000-00-00 00:00:00'),
( 3, '2017-04-10', '11:00:00', 1, '', 0, 0, 0, '', '0000-00-00 00:00:00', '', '0000-00-00 00:00:00'),
( 3, '2017-04-10', '11:15:00', 1, '', 0, 0, 0, '', '0000-00-00 00:00:00', '', '0000-00-00 00:00:00'),
( 3, '2017-04-10', '11:30:00', 1, '', 0, 0, 0, '', '0000-00-00 00:00:00', '', '0000-00-00 00:00:00'),
( 4, '2017-04-10', '09:30:00', 1, '', 0, 0, 0, '', '0000-00-00 00:00:00', '', '0000-00-00 00:00:00'),
( 4, '2017-04-10', '09:45:00', 1, '', 0, 0, 0, '', '0000-00-00 00:00:00', '', '0000-00-00 00:00:00'),
( 4, '2017-04-10', '10:00:00', 1, '', 0, 0, 0, '', '0000-00-00 00:00:00', '', '0000-00-00 00:00:00'),
( 4, '2017-04-10', '10:15:00', 1, '', 0, 0, 0, '', '0000-00-00 00:00:00', '', '0000-00-00 00:00:00'),
( 4, '2017-04-10', '10:30:00', 1, '', 0, 0, 0, '', '0000-00-00 00:00:00', '', '0000-00-00 00:00:00'),
( 4, '2017-04-10', '10:45:00', 1, '', 0, 0, 0, '', '0000-00-00 00:00:00', '', '0000-00-00 00:00:00'),
( 4, '2017-04-10', '11:00:00', 1, '', 0, 0, 0, '', '0000-00-00 00:00:00', '', '0000-00-00 00:00:00'),
( 4, '2017-04-10', '11:15:00', 1, '', 0, 0, 0, '', '0000-00-00 00:00:00', '', '0000-00-00 00:00:00'),
( 4, '2017-04-10', '11:30:00', 1, '', 0, 0, 0, '', '0000-00-00 00:00:00', '', '0000-00-00 00:00:00'),
( 5, '2017-04-10', '09:30:00', 1, '', 0, 0, 0, '', '0000-00-00 00:00:00', '', '0000-00-00 00:00:00'),
( 5, '2017-04-10', '09:45:00', 1, '', 0, 0, 0, '', '0000-00-00 00:00:00', '', '0000-00-00 00:00:00'),
( 5, '2017-04-10', '10:00:00', 1, '', 0, 0, 0, '', '0000-00-00 00:00:00', '', '0000-00-00 00:00:00'),
( 5, '2017-04-10', '10:15:00', 1, '', 0, 0, 0, '', '0000-00-00 00:00:00', '', '0000-00-00 00:00:00'),
( 5, '2017-04-10', '10:30:00', 1, '', 0, 0, 0, '', '0000-00-00 00:00:00', '', '0000-00-00 00:00:00'),
( 5, '2017-04-10', '10:45:00', 1, '', 0, 0, 0, '', '0000-00-00 00:00:00', '', '0000-00-00 00:00:00'),
( 5, '2017-04-10', '11:00:00', 1, '', 0, 0, 0, '', '0000-00-00 00:00:00', '', '0000-00-00 00:00:00'),
( 5, '2017-04-10', '11:15:00', 1, '', 0, 0, 0, '', '0000-00-00 00:00:00', '', '0000-00-00 00:00:00'),
( 5, '2017-04-10', '11:30:00', 1, '', 0, 0, 0, '', '0000-00-00 00:00:00', '', '0000-00-00 00:00:00'),
( 6, '2017-04-10', '09:30:00', 1, '', 0, 0, 0, '', '0000-00-00 00:00:00', '', '0000-00-00 00:00:00'),
( 6, '2017-04-10', '09:45:00', 1, '', 0, 0, 0, '', '0000-00-00 00:00:00', '', '0000-00-00 00:00:00'),
( 6, '2017-04-10', '10:00:00', 1, '', 0, 0, 0, '', '0000-00-00 00:00:00', '', '0000-00-00 00:00:00'),
( 6, '2017-04-10', '10:15:00', 1, '', 0, 0, 0, '', '0000-00-00 00:00:00', '', '0000-00-00 00:00:00'),
( 6, '2017-04-10', '10:30:00', 1, '', 0, 0, 0, '', '0000-00-00 00:00:00', '', '0000-00-00 00:00:00'),
( 6, '2017-04-10', '10:45:00', 1, '', 0, 0, 0, '', '0000-00-00 00:00:00', '', '0000-00-00 00:00:00'),
( 6, '2017-04-10', '11:00:00', 1, '', 0, 0, 0, '', '0000-00-00 00:00:00', '', '0000-00-00 00:00:00'),
( 6, '2017-04-10', '11:15:00', 1, '', 0, 0, 0, '', '0000-00-00 00:00:00', '', '0000-00-00 00:00:00'),
( 6, '2017-04-10', '11:30:00', 1, '', 0, 0, 0, '', '0000-00-00 00:00:00', '', '0000-00-00 00:00:00'),
( 7, '2017-04-10', '09:30:00', 1, '', 0, 0, 0, '', '0000-00-00 00:00:00', '', '0000-00-00 00:00:00'),
( 7, '2017-04-10', '09:45:00', 1, '', 0, 0, 0, '', '0000-00-00 00:00:00', '', '0000-00-00 00:00:00'),
( 7, '2017-04-10', '10:00:00', 1, '', 0, 0, 0, '', '0000-00-00 00:00:00', '', '0000-00-00 00:00:00'),
( 7, '2017-04-10', '10:15:00', 1, '', 0, 0, 0, '', '0000-00-00 00:00:00', '', '0000-00-00 00:00:00'),
( 7, '2017-04-10', '10:30:00', 1, '', 0, 0, 0, '', '0000-00-00 00:00:00', '', '0000-00-00 00:00:00'),
( 7, '2017-04-10', '10:45:00', 1, '', 0, 0, 0, '', '0000-00-00 00:00:00', '', '0000-00-00 00:00:00'),
( 7, '2017-04-10', '11:00:00', 1, '', 0, 0, 0, '', '0000-00-00 00:00:00', '', '0000-00-00 00:00:00'),
( 7, '2017-04-10', '11:15:00', 1, '', 0, 0, 0, '', '0000-00-00 00:00:00', '', '0000-00-00 00:00:00'),
( 7, '2017-04-10', '11:30:00', 1, '', 0, 0, 0, '', '0000-00-00 00:00:00', '', '0000-00-00 00:00:00'),
( 8, '2017-04-10', '09:30:00', 1, '', 0, 0, 0, '', '0000-00-00 00:00:00', '', '0000-00-00 00:00:00'),
( 8, '2017-04-10', '09:45:00', 1, '', 0, 0, 0, '', '0000-00-00 00:00:00', '', '0000-00-00 00:00:00'),
( 8, '2017-04-10', '10:00:00', 1, '', 0, 0, 0, '', '0000-00-00 00:00:00', '', '0000-00-00 00:00:00'),
( 8, '2017-04-10', '10:15:00', 1, '', 0, 0, 0, '', '0000-00-00 00:00:00', '', '0000-00-00 00:00:00'),
( 8, '2017-04-10', '10:30:00', 1, '', 0, 0, 0, '', '0000-00-00 00:00:00', '', '0000-00-00 00:00:00'),
( 8, '2017-04-10', '10:45:00', 1, '', 0, 0, 0, '', '0000-00-00 00:00:00', '', '0000-00-00 00:00:00'),
( 8, '2017-04-10', '11:00:00', 1, '', 0, 0, 0, '', '0000-00-00 00:00:00', '', '0000-00-00 00:00:00'),
( 8, '2017-04-10', '11:15:00', 1, '', 0, 0, 0, '', '0000-00-00 00:00:00', '', '0000-00-00 00:00:00'),
( 8, '2017-04-10', '11:30:00', 1, '', 0, 0, 0, '', '0000-00-00 00:00:00', '', '0000-00-00 00:00:00'),
( 9, '2017-04-10', '09:30:00', 1, '', 0, 0, 0, '', '0000-00-00 00:00:00', '', '0000-00-00 00:00:00'),
( 9, '2017-04-10', '09:45:00', 1, '', 0, 0, 0, '', '0000-00-00 00:00:00', '', '0000-00-00 00:00:00'),
( 9, '2017-04-10', '10:00:00', 1, '', 0, 0, 0, '', '0000-00-00 00:00:00', '', '0000-00-00 00:00:00'),
( 9, '2017-04-10', '10:15:00', 1, '', 0, 0, 0, '', '0000-00-00 00:00:00', '', '0000-00-00 00:00:00'),
( 9, '2017-04-10', '10:30:00', 1, '', 0, 0, 0, '', '0000-00-00 00:00:00', '', '0000-00-00 00:00:00'),
( 9, '2017-04-10', '10:45:00', 1, '', 0, 0, 0, '', '0000-00-00 00:00:00', '', '0000-00-00 00:00:00'),
( 9, '2017-04-10', '11:00:00', 1, '', 0, 0, 0, '', '0000-00-00 00:00:00', '', '0000-00-00 00:00:00'),
( 9, '2017-04-10', '11:15:00', 1, '', 0, 0, 0, '', '0000-00-00 00:00:00', '', '0000-00-00 00:00:00'),
( 9, '2017-04-10', '11:30:00', 1, '', 0, 0, 0, '', '0000-00-00 00:00:00', '', '0000-00-00 00:00:00'),
( 1, '2017-04-11', '09:30:00', 1, '', 0, 0, 0, '', '0000-00-00 00:00:00', '', '0000-00-00 00:00:00'),
( 1, '2017-04-11', '09:45:00', 1, '', 0, 0, 0, '', '0000-00-00 00:00:00', '', '0000-00-00 00:00:00'),
( 1, '2017-04-11', '10:00:00', 1, '', 0, 0, 0, '', '0000-00-00 00:00:00', '', '0000-00-00 00:00:00'),
( 1, '2017-04-11', '10:15:00', 1, '', 0, 0, 0, '', '0000-00-00 00:00:00', '', '0000-00-00 00:00:00'),
( 1, '2017-04-11', '10:30:00', 1, '', 0, 0, 0, '', '0000-00-00 00:00:00', '', '0000-00-00 00:00:00'),
( 1, '2017-04-11', '10:45:00', 1, '', 0, 0, 0, '', '0000-00-00 00:00:00', '', '0000-00-00 00:00:00'),
( 1, '2017-04-11', '11:00:00', 1, '', 0, 0, 0, '', '0000-00-00 00:00:00', '', '0000-00-00 00:00:00'),
( 1, '2017-04-11', '11:15:00', 1, '', 0, 0, 0, '', '0000-00-00 00:00:00', '', '0000-00-00 00:00:00'),
( 1, '2017-04-11', '11:30:00', 1, '', 0, 0, 0, '', '0000-00-00 00:00:00', '', '0000-00-00 00:00:00'),
( 2, '2017-04-11', '09:30:00', 1, '', 0, 0, 0, '', '0000-00-00 00:00:00', '', '0000-00-00 00:00:00'),
( 2, '2017-04-11', '09:45:00', 1, '', 0, 0, 0, '', '0000-00-00 00:00:00', '', '0000-00-00 00:00:00'),
( 2, '2017-04-11', '10:00:00', 1, '', 0, 0, 0, '', '0000-00-00 00:00:00', '', '0000-00-00 00:00:00'),
( 2, '2017-04-11', '10:15:00', 1, '', 0, 0, 0, '', '0000-00-00 00:00:00', '', '0000-00-00 00:00:00'),
( 2, '2017-04-11', '10:30:00', 1, '', 0, 0, 0, '', '0000-00-00 00:00:00', '', '0000-00-00 00:00:00'),
( 2, '2017-04-11', '10:45:00', 1, '', 0, 0, 0, '', '0000-00-00 00:00:00', '', '0000-00-00 00:00:00'),
( 2, '2017-04-11', '11:00:00', 1, '', 0, 0, 0, '', '0000-00-00 00:00:00', '', '0000-00-00 00:00:00'),
( 2, '2017-04-11', '11:15:00', 1, '', 0, 0, 0, '', '0000-00-00 00:00:00', '', '0000-00-00 00:00:00'),
( 2, '2017-04-11', '11:30:00', 1, '', 0, 0, 0, '', '0000-00-00 00:00:00', '', '0000-00-00 00:00:00'),
( 3, '2017-04-11', '09:30:00', 1, '', 0, 0, 0, '', '0000-00-00 00:00:00', '', '0000-00-00 00:00:00'),
( 3, '2017-04-11', '09:45:00', 1, '', 0, 0, 0, '', '0000-00-00 00:00:00', '', '0000-00-00 00:00:00'),
( 3, '2017-04-11', '10:00:00', 1, '', 0, 0, 0, '', '0000-00-00 00:00:00', '', '0000-00-00 00:00:00'),
( 3, '2017-04-11', '10:15:00', 1, '', 0, 0, 0, '', '0000-00-00 00:00:00', '', '0000-00-00 00:00:00'),
( 3, '2017-04-11', '10:30:00', 1, '', 0, 0, 0, '', '0000-00-00 00:00:00', '', '0000-00-00 00:00:00'),
( 3, '2017-04-11', '10:45:00', 1, '', 0, 0, 0, '', '0000-00-00 00:00:00', '', '0000-00-00 00:00:00'),
( 3, '2017-04-11', '11:00:00', 1, '', 0, 0, 0, '', '0000-00-00 00:00:00', '', '0000-00-00 00:00:00'),
( 3, '2017-04-11', '11:15:00', 1, '', 0, 0, 0, '', '0000-00-00 00:00:00', '', '0000-00-00 00:00:00'),
( 3, '2017-04-11', '11:30:00', 1, '', 0, 0, 0, '', '0000-00-00 00:00:00', '', '0000-00-00 00:00:00'),
( 4, '2017-04-11', '09:30:00', 1, '', 0, 0, 0, '', '0000-00-00 00:00:00', '', '0000-00-00 00:00:00'),
( 4, '2017-04-11', '09:45:00', 1, '', 0, 0, 0, '', '0000-00-00 00:00:00', '', '0000-00-00 00:00:00'),
( 4, '2017-04-11', '10:00:00', 1, '', 0, 0, 0, '', '0000-00-00 00:00:00', '', '0000-00-00 00:00:00'),
( 4, '2017-04-11', '10:15:00', 1, '', 0, 0, 0, '', '0000-00-00 00:00:00', '', '0000-00-00 00:00:00'),
( 4, '2017-04-11', '10:30:00', 1, '', 0, 0, 0, '', '0000-00-00 00:00:00', '', '0000-00-00 00:00:00'),
( 4, '2017-04-11', '10:45:00', 1, '', 0, 0, 0, '', '0000-00-00 00:00:00', '', '0000-00-00 00:00:00'),
( 4, '2017-04-11', '11:00:00', 1, '', 0, 0, 0, '', '0000-00-00 00:00:00', '', '0000-00-00 00:00:00'),
( 4, '2017-04-11', '11:15:00', 1, '', 0, 0, 0, '', '0000-00-00 00:00:00', '', '0000-00-00 00:00:00'),
( 4, '2017-04-11', '11:30:00', 1, '', 0, 0, 0, '', '0000-00-00 00:00:00', '', '0000-00-00 00:00:00'),
( 5, '2017-04-11', '09:30:00', 1, '', 0, 0, 0, '', '0000-00-00 00:00:00', '', '0000-00-00 00:00:00'),
( 5, '2017-04-11', '09:45:00', 1, '', 0, 0, 0, '', '0000-00-00 00:00:00', '', '0000-00-00 00:00:00'),
( 5, '2017-04-11', '10:00:00', 1, '', 0, 0, 0, '', '0000-00-00 00:00:00', '', '0000-00-00 00:00:00'),
( 5, '2017-04-11', '10:15:00', 1, '', 0, 0, 0, '', '0000-00-00 00:00:00', '', '0000-00-00 00:00:00'),
( 5, '2017-04-11', '10:30:00', 1, '', 0, 0, 0, '', '0000-00-00 00:00:00', '', '0000-00-00 00:00:00'),
( 5, '2017-04-11', '10:45:00', 1, '', 0, 0, 0, '', '0000-00-00 00:00:00', '', '0000-00-00 00:00:00'),
( 5, '2017-04-11', '11:00:00', 1, '', 0, 0, 0, '', '0000-00-00 00:00:00', '', '0000-00-00 00:00:00'),
( 5, '2017-04-11', '11:15:00', 1, '', 0, 0, 0, '', '0000-00-00 00:00:00', '', '0000-00-00 00:00:00'),
( 5, '2017-04-11', '11:30:00', 1, '', 0, 0, 0, '', '0000-00-00 00:00:00', '', '0000-00-00 00:00:00'),
( 6, '2017-04-11', '09:30:00', 1, '', 0, 0, 0, '', '0000-00-00 00:00:00', '', '0000-00-00 00:00:00'),
( 6, '2017-04-11', '09:45:00', 1, '', 0, 0, 0, '', '0000-00-00 00:00:00', '', '0000-00-00 00:00:00'),
( 6, '2017-04-11', '10:00:00', 1, '', 0, 0, 0, '', '0000-00-00 00:00:00', '', '0000-00-00 00:00:00'),
( 6, '2017-04-11', '10:15:00', 1, '', 0, 0, 0, '', '0000-00-00 00:00:00', '', '0000-00-00 00:00:00'),
( 6, '2017-04-11', '10:30:00', 1, '', 0, 0, 0, '', '0000-00-00 00:00:00', '', '0000-00-00 00:00:00'),
( 6, '2017-04-11', '10:45:00', 1, '', 0, 0, 0, '', '0000-00-00 00:00:00', '', '0000-00-00 00:00:00'),
( 6, '2017-04-11', '11:00:00', 1, '', 0, 0, 0, '', '0000-00-00 00:00:00', '', '0000-00-00 00:00:00'),
( 6, '2017-04-11', '11:15:00', 1, '', 0, 0, 0, '', '0000-00-00 00:00:00', '', '0000-00-00 00:00:00'),
( 6, '2017-04-11', '11:30:00', 1, '', 0, 0, 0, '', '0000-00-00 00:00:00', '', '0000-00-00 00:00:00'),
( 7, '2017-04-11', '09:30:00', 1, '', 0, 0, 0, '', '0000-00-00 00:00:00', '', '0000-00-00 00:00:00'),
( 7, '2017-04-11', '09:45:00', 1, '', 0, 0, 0, '', '0000-00-00 00:00:00', '', '0000-00-00 00:00:00'),
( 7, '2017-04-11', '10:00:00', 1, '', 0, 0, 0, '', '0000-00-00 00:00:00', '', '0000-00-00 00:00:00'),
( 7, '2017-04-11', '10:15:00', 1, '', 0, 0, 0, '', '0000-00-00 00:00:00', '', '0000-00-00 00:00:00'),
( 7, '2017-04-11', '10:30:00', 1, '', 0, 0, 0, '', '0000-00-00 00:00:00', '', '0000-00-00 00:00:00'),
( 7, '2017-04-11', '10:45:00', 1, '', 0, 0, 0, '', '0000-00-00 00:00:00', '', '0000-00-00 00:00:00'),
( 7, '2017-04-11', '11:00:00', 1, '', 0, 0, 0, '', '0000-00-00 00:00:00', '', '0000-00-00 00:00:00'),
( 7, '2017-04-11', '11:15:00', 1, '', 0, 0, 0, '', '0000-00-00 00:00:00', '', '0000-00-00 00:00:00'),
( 7, '2017-04-11', '11:30:00', 1, '', 0, 0, 0, '', '0000-00-00 00:00:00', '', '0000-00-00 00:00:00'),
( 8, '2017-04-11', '09:30:00', 1, '', 0, 0, 0, '', '0000-00-00 00:00:00', '', '0000-00-00 00:00:00'),
( 8, '2017-04-11', '09:45:00', 1, '', 0, 0, 0, '', '0000-00-00 00:00:00', '', '0000-00-00 00:00:00'),
( 8, '2017-04-11', '10:00:00', 1, '', 0, 0, 0, '', '0000-00-00 00:00:00', '', '0000-00-00 00:00:00'),
( 8, '2017-04-11', '10:15:00', 1, '', 0, 0, 0, '', '0000-00-00 00:00:00', '', '0000-00-00 00:00:00'),
( 8, '2017-04-11', '10:30:00', 1, '', 0, 0, 0, '', '0000-00-00 00:00:00', '', '0000-00-00 00:00:00'),
( 8, '2017-04-11', '10:45:00', 1, '', 0, 0, 0, '', '0000-00-00 00:00:00', '', '0000-00-00 00:00:00'),
( 8, '2017-04-11', '11:00:00', 1, '', 0, 0, 0, '', '0000-00-00 00:00:00', '', '0000-00-00 00:00:00'),
( 8, '2017-04-11', '11:15:00', 1, '', 0, 0, 0, '', '0000-00-00 00:00:00', '', '0000-00-00 00:00:00'),
( 8, '2017-04-11', '11:30:00', 1, '', 0, 0, 0, '', '0000-00-00 00:00:00', '', '0000-00-00 00:00:00'),
( 9, '2017-04-11', '09:30:00', 1, '', 0, 0, 0, '', '0000-00-00 00:00:00', '', '0000-00-00 00:00:00'),
( 9, '2017-04-11', '09:45:00', 1, '', 0, 0, 0, '', '0000-00-00 00:00:00', '', '0000-00-00 00:00:00'),
( 9, '2017-04-11', '10:00:00', 1, '', 0, 0, 0, '', '0000-00-00 00:00:00', '', '0000-00-00 00:00:00'),
( 9, '2017-04-11', '10:15:00', 1, '', 0, 0, 0, '', '0000-00-00 00:00:00', '', '0000-00-00 00:00:00'),
( 9, '2017-04-11', '10:30:00', 1, '', 0, 0, 0, '', '0000-00-00 00:00:00', '', '0000-00-00 00:00:00'),
( 9, '2017-04-11', '10:45:00', 1, '', 0, 0, 0, '', '0000-00-00 00:00:00', '', '0000-00-00 00:00:00'),
( 9, '2017-04-11', '11:00:00', 1, '', 0, 0, 0, '', '0000-00-00 00:00:00', '', '0000-00-00 00:00:00'),
( 9, '2017-04-11', '11:15:00', 1, '', 0, 0, 0, '', '0000-00-00 00:00:00', '', '0000-00-00 00:00:00'),
( 9, '2017-04-11', '11:30:00', 1, '', 0, 0, 0, '', '0000-00-00 00:00:00', '', '0000-00-00 00:00:00'),
( 1, '2017-04-12', '09:30:00', 1, '', 0, 0, 0, '', '0000-00-00 00:00:00', '', '0000-00-00 00:00:00'),
( 1, '2017-04-12', '09:45:00', 1, '', 0, 0, 0, '', '0000-00-00 00:00:00', '', '0000-00-00 00:00:00'),
( 1, '2017-04-12', '10:00:00', 1, '', 0, 0, 0, '', '0000-00-00 00:00:00', '', '0000-00-00 00:00:00'),
( 1, '2017-04-12', '10:15:00', 1, '', 0, 0, 0, '', '0000-00-00 00:00:00', '', '0000-00-00 00:00:00'),
( 1, '2017-04-12', '10:30:00', 1, '', 0, 0, 0, '', '0000-00-00 00:00:00', '', '0000-00-00 00:00:00'),
( 1, '2017-04-12', '10:45:00', 1, '', 0, 0, 0, '', '0000-00-00 00:00:00', '', '0000-00-00 00:00:00'),
( 1, '2017-04-12', '11:00:00', 1, '', 0, 0, 0, '', '0000-00-00 00:00:00', '', '0000-00-00 00:00:00'),
( 1, '2017-04-12', '11:15:00', 1, '', 0, 0, 0, '', '0000-00-00 00:00:00', '', '0000-00-00 00:00:00'),
( 1, '2017-04-12', '11:30:00', 1, '', 0, 0, 0, '', '0000-00-00 00:00:00', '', '0000-00-00 00:00:00'),
( 2, '2017-04-12', '09:30:00', 1, '', 0, 0, 0, '', '0000-00-00 00:00:00', '', '0000-00-00 00:00:00'),
( 2, '2017-04-12', '09:45:00', 1, '', 0, 0, 0, '', '0000-00-00 00:00:00', '', '0000-00-00 00:00:00'),
( 2, '2017-04-12', '10:00:00', 1, '', 0, 0, 0, '', '0000-00-00 00:00:00', '', '0000-00-00 00:00:00'),
( 2, '2017-04-12', '10:15:00', 1, '', 0, 0, 0, '', '0000-00-00 00:00:00', '', '0000-00-00 00:00:00'),
( 2, '2017-04-12', '10:30:00', 1, '', 0, 0, 0, '', '0000-00-00 00:00:00', '', '0000-00-00 00:00:00'),
( 2, '2017-04-12', '10:45:00', 1, '', 0, 0, 0, '', '0000-00-00 00:00:00', '', '0000-00-00 00:00:00'),
( 2, '2017-04-12', '11:00:00', 1, '', 0, 0, 0, '', '0000-00-00 00:00:00', '', '0000-00-00 00:00:00'),
( 2, '2017-04-12', '11:15:00', 1, '', 0, 0, 0, '', '0000-00-00 00:00:00', '', '0000-00-00 00:00:00'),
( 2, '2017-04-12', '11:30:00', 1, '', 0, 0, 0, '', '0000-00-00 00:00:00', '', '0000-00-00 00:00:00'),
( 3, '2017-04-12', '09:30:00', 1, '', 0, 0, 0, '', '0000-00-00 00:00:00', '', '0000-00-00 00:00:00'),
( 3, '2017-04-12', '09:45:00', 1, '', 0, 0, 0, '', '0000-00-00 00:00:00', '', '0000-00-00 00:00:00'),
( 3, '2017-04-12', '10:00:00', 1, '', 0, 0, 0, '', '0000-00-00 00:00:00', '', '0000-00-00 00:00:00'),
( 3, '2017-04-12', '10:15:00', 1, '', 0, 0, 0, '', '0000-00-00 00:00:00', '', '0000-00-00 00:00:00'),
( 3, '2017-04-12', '10:30:00', 1, '', 0, 0, 0, '', '0000-00-00 00:00:00', '', '0000-00-00 00:00:00'),
( 3, '2017-04-12', '10:45:00', 1, '', 0, 0, 0, '', '0000-00-00 00:00:00', '', '0000-00-00 00:00:00'),
( 3, '2017-04-12', '11:00:00', 1, '', 0, 0, 0, '', '0000-00-00 00:00:00', '', '0000-00-00 00:00:00'),
( 3, '2017-04-12', '11:15:00', 1, '', 0, 0, 0, '', '0000-00-00 00:00:00', '', '0000-00-00 00:00:00'),
( 3, '2017-04-12', '11:30:00', 1, '', 0, 0, 0, '', '0000-00-00 00:00:00', '', '0000-00-00 00:00:00'),
( 4, '2017-04-12', '09:30:00', 1, '', 0, 0, 0, '', '0000-00-00 00:00:00', '', '0000-00-00 00:00:00'),
( 4, '2017-04-12', '09:45:00', 1, '', 0, 0, 0, '', '0000-00-00 00:00:00', '', '0000-00-00 00:00:00'),
( 4, '2017-04-12', '10:00:00', 1, '', 0, 0, 0, '', '0000-00-00 00:00:00', '', '0000-00-00 00:00:00'),
( 4, '2017-04-12', '10:15:00', 1, '', 0, 0, 0, '', '0000-00-00 00:00:00', '', '0000-00-00 00:00:00'),
( 4, '2017-04-12', '10:30:00', 1, '', 0, 0, 0, '', '0000-00-00 00:00:00', '', '0000-00-00 00:00:00'),
( 4, '2017-04-12', '10:45:00', 1, '', 0, 0, 0, '', '0000-00-00 00:00:00', '', '0000-00-00 00:00:00'),
( 4, '2017-04-12', '11:00:00', 1, '', 0, 0, 0, '', '0000-00-00 00:00:00', '', '0000-00-00 00:00:00'),
( 4, '2017-04-12', '11:15:00', 1, '', 0, 0, 0, '', '0000-00-00 00:00:00', '', '0000-00-00 00:00:00'),
( 4, '2017-04-12', '11:30:00', 1, '', 0, 0, 0, '', '0000-00-00 00:00:00', '', '0000-00-00 00:00:00'),
( 5, '2017-04-12', '09:30:00', 1, '', 0, 0, 0, '', '0000-00-00 00:00:00', '', '0000-00-00 00:00:00'),
( 5, '2017-04-12', '09:45:00', 1, '', 0, 0, 0, '', '0000-00-00 00:00:00', '', '0000-00-00 00:00:00'),
( 5, '2017-04-12', '10:00:00', 1, '', 0, 0, 0, '', '0000-00-00 00:00:00', '', '0000-00-00 00:00:00'),
( 5, '2017-04-12', '10:15:00', 1, '', 0, 0, 0, '', '0000-00-00 00:00:00', '', '0000-00-00 00:00:00'),
( 5, '2017-04-12', '10:30:00', 1, '', 0, 0, 0, '', '0000-00-00 00:00:00', '', '0000-00-00 00:00:00'),
( 5, '2017-04-12', '10:45:00', 1, '', 0, 0, 0, '', '0000-00-00 00:00:00', '', '0000-00-00 00:00:00'),
( 5, '2017-04-12', '11:00:00', 1, '', 0, 0, 0, '', '0000-00-00 00:00:00', '', '0000-00-00 00:00:00'),
( 5, '2017-04-12', '11:15:00', 1, '', 0, 0, 0, '', '0000-00-00 00:00:00', '', '0000-00-00 00:00:00'),
( 5, '2017-04-12', '11:30:00', 1, '', 0, 0, 0, '', '0000-00-00 00:00:00', '', '0000-00-00 00:00:00'),
( 6, '2017-04-12', '09:30:00', 1, '', 0, 0, 0, '', '0000-00-00 00:00:00', '', '0000-00-00 00:00:00'),
( 6, '2017-04-12', '09:45:00', 1, '', 0, 0, 0, '', '0000-00-00 00:00:00', '', '0000-00-00 00:00:00'),
( 6, '2017-04-12', '10:00:00', 1, '', 0, 0, 0, '', '0000-00-00 00:00:00', '', '0000-00-00 00:00:00'),
( 6, '2017-04-12', '10:15:00', 1, '', 0, 0, 0, '', '0000-00-00 00:00:00', '', '0000-00-00 00:00:00'),
( 6, '2017-04-12', '10:30:00', 1, '', 0, 0, 0, '', '0000-00-00 00:00:00', '', '0000-00-00 00:00:00'),
( 6, '2017-04-12', '10:45:00', 1, '', 0, 0, 0, '', '0000-00-00 00:00:00', '', '0000-00-00 00:00:00'),
( 6, '2017-04-12', '11:00:00', 1, '', 0, 0, 0, '', '0000-00-00 00:00:00', '', '0000-00-00 00:00:00'),
( 6, '2017-04-12', '11:15:00', 1, '', 0, 0, 0, '', '0000-00-00 00:00:00', '', '0000-00-00 00:00:00'),
( 6, '2017-04-12', '11:30:00', 1, '', 0, 0, 0, '', '0000-00-00 00:00:00', '', '0000-00-00 00:00:00'),
( 7, '2017-04-12', '09:30:00', 1, '', 0, 0, 0, '', '0000-00-00 00:00:00', '', '0000-00-00 00:00:00'),
( 7, '2017-04-12', '09:45:00', 1, '', 0, 0, 0, '', '0000-00-00 00:00:00', '', '0000-00-00 00:00:00'),
( 7, '2017-04-12', '10:00:00', 1, '', 0, 0, 0, '', '0000-00-00 00:00:00', '', '0000-00-00 00:00:00'),
( 7, '2017-04-12', '10:15:00', 1, '', 0, 0, 0, '', '0000-00-00 00:00:00', '', '0000-00-00 00:00:00'),
( 7, '2017-04-12', '10:30:00', 1, '', 0, 0, 0, '', '0000-00-00 00:00:00', '', '0000-00-00 00:00:00'),
( 7, '2017-04-12', '10:45:00', 1, '', 0, 0, 0, '', '0000-00-00 00:00:00', '', '0000-00-00 00:00:00'),
( 7, '2017-04-12', '11:00:00', 1, '', 0, 0, 0, '', '0000-00-00 00:00:00', '', '0000-00-00 00:00:00'),
( 7, '2017-04-12', '11:15:00', 1, '', 0, 0, 0, '', '0000-00-00 00:00:00', '', '0000-00-00 00:00:00'),
( 7, '2017-04-12', '11:30:00', 1, '', 0, 0, 0, '', '0000-00-00 00:00:00', '', '0000-00-00 00:00:00'),
( 8, '2017-04-12', '09:30:00', 1, '', 0, 0, 0, '', '0000-00-00 00:00:00', '', '0000-00-00 00:00:00'),
( 8, '2017-04-12', '09:45:00', 1, '', 0, 0, 0, '', '0000-00-00 00:00:00', '', '0000-00-00 00:00:00'),
( 8, '2017-04-12', '10:00:00', 1, '', 0, 0, 0, '', '0000-00-00 00:00:00', '', '0000-00-00 00:00:00'),
( 8, '2017-04-12', '10:15:00', 1, '', 0, 0, 0, '', '0000-00-00 00:00:00', '', '0000-00-00 00:00:00'),
( 8, '2017-04-12', '10:30:00', 1, '', 0, 0, 0, '', '0000-00-00 00:00:00', '', '0000-00-00 00:00:00'),
( 8, '2017-04-12', '10:45:00', 1, '', 0, 0, 0, '', '0000-00-00 00:00:00', '', '0000-00-00 00:00:00'),
( 8, '2017-04-12', '11:00:00', 1, '', 0, 0, 0, '', '0000-00-00 00:00:00', '', '0000-00-00 00:00:00'),
( 8, '2017-04-12', '11:15:00', 1, '', 0, 0, 0, '', '0000-00-00 00:00:00', '', '0000-00-00 00:00:00'),
( 8, '2017-04-12', '11:30:00', 1, '', 0, 0, 0, '', '0000-00-00 00:00:00', '', '0000-00-00 00:00:00'),
( 9, '2017-04-12', '09:30:00', 1, '', 0, 0, 0, '', '0000-00-00 00:00:00', '', '0000-00-00 00:00:00'),
( 9, '2017-04-12', '09:45:00', 1, '', 0, 0, 0, '', '0000-00-00 00:00:00', '', '0000-00-00 00:00:00'),
( 9, '2017-04-12', '10:00:00', 1, '', 0, 0, 0, '', '0000-00-00 00:00:00', '', '0000-00-00 00:00:00'),
( 9, '2017-04-12', '10:15:00', 1, '', 0, 0, 0, '', '0000-00-00 00:00:00', '', '0000-00-00 00:00:00'),
( 9, '2017-04-12', '10:30:00', 1, '', 0, 0, 0, '', '0000-00-00 00:00:00', '', '0000-00-00 00:00:00'),
( 9, '2017-04-12', '10:45:00', 1, '', 0, 0, 0, '', '0000-00-00 00:00:00', '', '0000-00-00 00:00:00'),
( 9, '2017-04-12', '11:00:00', 1, '', 0, 0, 0, '', '0000-00-00 00:00:00', '', '0000-00-00 00:00:00'),
( 9, '2017-04-12', '11:15:00', 1, '', 0, 0, 0, '', '0000-00-00 00:00:00', '', '0000-00-00 00:00:00'),
( 9, '2017-04-12', '11:30:00', 1, '', 0, 0, 0, '', '0000-00-00 00:00:00', '', '0000-00-00 00:00:00'),
( 1, '2017-04-13', '09:30:00', 1, '', 0, 0, 0, '', '0000-00-00 00:00:00', '', '0000-00-00 00:00:00'),
( 1, '2017-04-13', '09:45:00', 1, '', 0, 0, 0, '', '0000-00-00 00:00:00', '', '0000-00-00 00:00:00'),
( 1, '2017-04-13', '10:00:00', 1, '', 0, 0, 0, '', '0000-00-00 00:00:00', '', '0000-00-00 00:00:00'),
( 1, '2017-04-13', '10:15:00', 1, '', 0, 0, 0, '', '0000-00-00 00:00:00', '', '0000-00-00 00:00:00'),
( 1, '2017-04-13', '10:30:00', 1, '', 0, 0, 0, '', '0000-00-00 00:00:00', '', '0000-00-00 00:00:00'),
( 1, '2017-04-13', '10:45:00', 1, '', 0, 0, 0, '', '0000-00-00 00:00:00', '', '0000-00-00 00:00:00'),
( 1, '2017-04-13', '11:00:00', 1, '', 0, 0, 0, '', '0000-00-00 00:00:00', '', '0000-00-00 00:00:00'),
( 1, '2017-04-13', '11:15:00', 1, '', 0, 0, 0, '', '0000-00-00 00:00:00', '', '0000-00-00 00:00:00'),
( 1, '2017-04-13', '11:30:00', 1, '', 0, 0, 0, '', '0000-00-00 00:00:00', '', '0000-00-00 00:00:00'),
( 2, '2017-04-13', '09:30:00', 1, '', 0, 0, 0, '', '0000-00-00 00:00:00', '', '0000-00-00 00:00:00'),
( 2, '2017-04-13', '09:45:00', 1, '', 0, 0, 0, '', '0000-00-00 00:00:00', '', '0000-00-00 00:00:00'),
( 2, '2017-04-13', '10:00:00', 1, '', 0, 0, 0, '', '0000-00-00 00:00:00', '', '0000-00-00 00:00:00'),
( 2, '2017-04-13', '10:15:00', 1, '', 0, 0, 0, '', '0000-00-00 00:00:00', '', '0000-00-00 00:00:00'),
( 2, '2017-04-13', '10:30:00', 1, '', 0, 0, 0, '', '0000-00-00 00:00:00', '', '0000-00-00 00:00:00'),
( 2, '2017-04-13', '10:45:00', 1, '', 0, 0, 0, '', '0000-00-00 00:00:00', '', '0000-00-00 00:00:00'),
( 2, '2017-04-13', '11:00:00', 1, '', 0, 0, 0, '', '0000-00-00 00:00:00', '', '0000-00-00 00:00:00'),
( 2, '2017-04-13', '11:15:00', 1, '', 0, 0, 0, '', '0000-00-00 00:00:00', '', '0000-00-00 00:00:00'),
( 2, '2017-04-13', '11:30:00', 1, '', 0, 0, 0, '', '0000-00-00 00:00:00', '', '0000-00-00 00:00:00'),
( 3, '2017-04-13', '09:30:00', 1, '', 0, 0, 0, '', '0000-00-00 00:00:00', '', '0000-00-00 00:00:00'),
( 3, '2017-04-13', '09:45:00', 1, '', 0, 0, 0, '', '0000-00-00 00:00:00', '', '0000-00-00 00:00:00'),
( 3, '2017-04-13', '10:00:00', 1, '', 0, 0, 0, '', '0000-00-00 00:00:00', '', '0000-00-00 00:00:00'),
( 3, '2017-04-13', '10:15:00', 1, '', 0, 0, 0, '', '0000-00-00 00:00:00', '', '0000-00-00 00:00:00'),
( 3, '2017-04-13', '10:30:00', 1, '', 0, 0, 0, '', '0000-00-00 00:00:00', '', '0000-00-00 00:00:00'),
( 3, '2017-04-13', '10:45:00', 1, '', 0, 0, 0, '', '0000-00-00 00:00:00', '', '0000-00-00 00:00:00'),
( 3, '2017-04-13', '11:00:00', 1, '', 0, 0, 0, '', '0000-00-00 00:00:00', '', '0000-00-00 00:00:00'),
( 3, '2017-04-13', '11:15:00', 1, '', 0, 0, 0, '', '0000-00-00 00:00:00', '', '0000-00-00 00:00:00'),
( 3, '2017-04-13', '11:30:00', 1, '', 0, 0, 0, '', '0000-00-00 00:00:00', '', '0000-00-00 00:00:00'),
( 4, '2017-04-13', '09:30:00', 1, '', 0, 0, 0, '', '0000-00-00 00:00:00', '', '0000-00-00 00:00:00'),
( 4, '2017-04-13', '09:45:00', 1, '', 0, 0, 0, '', '0000-00-00 00:00:00', '', '0000-00-00 00:00:00'),
( 4, '2017-04-13', '10:00:00', 1, '', 0, 0, 0, '', '0000-00-00 00:00:00', '', '0000-00-00 00:00:00'),
( 4, '2017-04-13', '10:15:00', 1, '', 0, 0, 0, '', '0000-00-00 00:00:00', '', '0000-00-00 00:00:00'),
( 4, '2017-04-13', '10:30:00', 1, '', 0, 0, 0, '', '0000-00-00 00:00:00', '', '0000-00-00 00:00:00'),
( 4, '2017-04-13', '10:45:00', 1, '', 0, 0, 0, '', '0000-00-00 00:00:00', '', '0000-00-00 00:00:00'),
( 4, '2017-04-13', '11:00:00', 1, '', 0, 0, 0, '', '0000-00-00 00:00:00', '', '0000-00-00 00:00:00'),
( 4, '2017-04-13', '11:15:00', 1, '', 0, 0, 0, '', '0000-00-00 00:00:00', '', '0000-00-00 00:00:00'),
( 4, '2017-04-13', '11:30:00', 1, '', 0, 0, 0, '', '0000-00-00 00:00:00', '', '0000-00-00 00:00:00'),
( 5, '2017-04-13', '09:30:00', 1, '', 0, 0, 0, '', '0000-00-00 00:00:00', '', '0000-00-00 00:00:00'),
( 5, '2017-04-13', '09:45:00', 1, '', 0, 0, 0, '', '0000-00-00 00:00:00', '', '0000-00-00 00:00:00'),
( 5, '2017-04-13', '10:00:00', 1, '', 0, 0, 0, '', '0000-00-00 00:00:00', '', '0000-00-00 00:00:00'),
( 5, '2017-04-13', '10:15:00', 1, '', 0, 0, 0, '', '0000-00-00 00:00:00', '', '0000-00-00 00:00:00'),
( 5, '2017-04-13', '10:30:00', 1, '', 0, 0, 0, '', '0000-00-00 00:00:00', '', '0000-00-00 00:00:00'),
( 5, '2017-04-13', '10:45:00', 1, '', 0, 0, 0, '', '0000-00-00 00:00:00', '', '0000-00-00 00:00:00'),
( 5, '2017-04-13', '11:00:00', 1, '', 0, 0, 0, '', '0000-00-00 00:00:00', '', '0000-00-00 00:00:00'),
( 5, '2017-04-13', '11:15:00', 1, '', 0, 0, 0, '', '0000-00-00 00:00:00', '', '0000-00-00 00:00:00'),
( 5, '2017-04-13', '11:30:00', 1, '', 0, 0, 0, '', '0000-00-00 00:00:00', '', '0000-00-00 00:00:00'),
( 6, '2017-04-13', '09:30:00', 1, '', 0, 0, 0, '', '0000-00-00 00:00:00', '', '0000-00-00 00:00:00'),
( 6, '2017-04-13', '09:45:00', 1, '', 0, 0, 0, '', '0000-00-00 00:00:00', '', '0000-00-00 00:00:00'),
( 6, '2017-04-13', '10:00:00', 1, '', 0, 0, 0, '', '0000-00-00 00:00:00', '', '0000-00-00 00:00:00'),
( 6, '2017-04-13', '10:15:00', 1, '', 0, 0, 0, '', '0000-00-00 00:00:00', '', '0000-00-00 00:00:00'),
( 6, '2017-04-13', '10:30:00', 1, '', 0, 0, 0, '', '0000-00-00 00:00:00', '', '0000-00-00 00:00:00'),
( 6, '2017-04-13', '10:45:00', 1, '', 0, 0, 0, '', '0000-00-00 00:00:00', '', '0000-00-00 00:00:00'),
( 6, '2017-04-13', '11:00:00', 1, '', 0, 0, 0, '', '0000-00-00 00:00:00', '', '0000-00-00 00:00:00'),
( 6, '2017-04-13', '11:15:00', 1, '', 0, 0, 0, '', '0000-00-00 00:00:00', '', '0000-00-00 00:00:00'),
( 6, '2017-04-13', '11:30:00', 1, '', 0, 0, 0, '', '0000-00-00 00:00:00', '', '0000-00-00 00:00:00'),
( 7, '2017-04-13', '09:30:00', 1, '', 0, 0, 0, '', '0000-00-00 00:00:00', '', '0000-00-00 00:00:00'),
( 7, '2017-04-13', '09:45:00', 1, '', 0, 0, 0, '', '0000-00-00 00:00:00', '', '0000-00-00 00:00:00'),
( 7, '2017-04-13', '10:00:00', 1, '', 0, 0, 0, '', '0000-00-00 00:00:00', '', '0000-00-00 00:00:00'),
( 7, '2017-04-13', '10:15:00', 1, '', 0, 0, 0, '', '0000-00-00 00:00:00', '', '0000-00-00 00:00:00'),
( 7, '2017-04-13', '10:30:00', 1, '', 0, 0, 0, '', '0000-00-00 00:00:00', '', '0000-00-00 00:00:00'),
( 7, '2017-04-13', '10:45:00', 1, '', 0, 0, 0, '', '0000-00-00 00:00:00', '', '0000-00-00 00:00:00'),
( 7, '2017-04-13', '11:00:00', 1, '', 0, 0, 0, '', '0000-00-00 00:00:00', '', '0000-00-00 00:00:00'),
( 7, '2017-04-13', '11:15:00', 1, '', 0, 0, 0, '', '0000-00-00 00:00:00', '', '0000-00-00 00:00:00'),
( 7, '2017-04-13', '11:30:00', 1, '', 0, 0, 0, '', '0000-00-00 00:00:00', '', '0000-00-00 00:00:00'),
( 8, '2017-04-13', '09:30:00', 1, '', 0, 0, 0, '', '0000-00-00 00:00:00', '', '0000-00-00 00:00:00'),
( 8, '2017-04-13', '09:45:00', 1, '', 0, 0, 0, '', '0000-00-00 00:00:00', '', '0000-00-00 00:00:00'),
( 8, '2017-04-13', '10:00:00', 1, '', 0, 0, 0, '', '0000-00-00 00:00:00', '', '0000-00-00 00:00:00'),
( 8, '2017-04-13', '10:15:00', 1, '', 0, 0, 0, '', '0000-00-00 00:00:00', '', '0000-00-00 00:00:00'),
( 8, '2017-04-13', '10:30:00', 1, '', 0, 0, 0, '', '0000-00-00 00:00:00', '', '0000-00-00 00:00:00'),
( 8, '2017-04-13', '10:45:00', 1, '', 0, 0, 0, '', '0000-00-00 00:00:00', '', '0000-00-00 00:00:00'),
( 8, '2017-04-13', '11:00:00', 1, '', 0, 0, 0, '', '0000-00-00 00:00:00', '', '0000-00-00 00:00:00'),
( 8, '2017-04-13', '11:15:00', 1, '', 0, 0, 0, '', '0000-00-00 00:00:00', '', '0000-00-00 00:00:00'),
( 8, '2017-04-13', '11:30:00', 1, '', 0, 0, 0, '', '0000-00-00 00:00:00', '', '0000-00-00 00:00:00'),
( 9, '2017-04-13', '09:30:00', 1, '', 0, 0, 0, '', '0000-00-00 00:00:00', '', '0000-00-00 00:00:00'),
( 9, '2017-04-13', '09:45:00', 1, '', 0, 0, 0, '', '0000-00-00 00:00:00', '', '0000-00-00 00:00:00'),
( 9, '2017-04-13', '10:00:00', 1, '', 0, 0, 0, '', '0000-00-00 00:00:00', '', '0000-00-00 00:00:00'),
( 9, '2017-04-13', '10:15:00', 1, '', 0, 0, 0, '', '0000-00-00 00:00:00', '', '0000-00-00 00:00:00'),
( 9, '2017-04-13', '10:30:00', 1, '', 0, 0, 0, '', '0000-00-00 00:00:00', '', '0000-00-00 00:00:00'),
( 9, '2017-04-13', '10:45:00', 1, '', 0, 0, 0, '', '0000-00-00 00:00:00', '', '0000-00-00 00:00:00'),
( 9, '2017-04-13', '11:00:00', 1, '', 0, 0, 0, '', '0000-00-00 00:00:00', '', '0000-00-00 00:00:00'),
( 9, '2017-04-13', '11:15:00', 1, '', 0, 0, 0, '', '0000-00-00 00:00:00', '', '0000-00-00 00:00:00'),
( 9, '2017-04-13', '11:30:00', 1, '', 0, 0, 0, '', '0000-00-00 00:00:00', '', '0000-00-00 00:00:00'),
( 9, '2017-04-13', '11:45:00', 1, '', 0, 0, 0, '', '0000-00-00 00:00:00', '', '0000-00-00 00:00:00'),
( 9, '2017-04-13', '12:00:00', 1, '', 0, 0, 0, '', '0000-00-00 00:00:00', '', '0000-00-00 00:00:00'),
( 9, '2017-04-13', '12:15:00', 1, '', 0, 0, 0, '', '0000-00-00 00:00:00', '', '0000-00-00 00:00:00'),
( 9, '2017-04-13', '12:30:00', 1, '', 0, 0, 0, '', '0000-00-00 00:00:00', '', '0000-00-00 00:00:00'),
( 9, '2017-04-13', '12:45:00', 1, '', 0, 0, 0, '', '0000-00-00 00:00:00', '', '0000-00-00 00:00:00'),
( 9, '2017-04-13', '13:00:00', 1, '', 0, 0, 0, '', '0000-00-00 00:00:00', '', '0000-00-00 00:00:00'),
( 9, '2017-04-13', '13:15:00', 1, '', 0, 0, 0, '', '0000-00-00 00:00:00', '', '0000-00-00 00:00:00'),
( 9, '2017-04-13', '13:30:00', 1, '', 0, 0, 0, '', '0000-00-00 00:00:00', '', '0000-00-00 00:00:00'),
( 9, '2017-04-13', '13:45:00', 1, '', 0, 0, 0, '', '0000-00-00 00:00:00', '', '0000-00-00 00:00:00'),
( 9, '2017-04-13', '14:00:00', 1, '', 0, 0, 0, '', '0000-00-00 00:00:00', '', '0000-00-00 00:00:00'),
( 9, '2017-04-13', '14:15:00', 1, '', 0, 0, 0, '', '0000-00-00 00:00:00', '', '0000-00-00 00:00:00'),
( 9, '2017-04-13', '14:30:00', 1, '', 0, 0, 0, '', '0000-00-00 00:00:00', '', '0000-00-00 00:00:00'),
( 9, '2017-04-13', '14:45:00', 1, '', 0, 0, 0, '', '0000-00-00 00:00:00', '', '0000-00-00 00:00:00'),
( 9, '2017-04-13', '15:00:00', 1, '', 0, 0, 0, '', '0000-00-00 00:00:00', '', '0000-00-00 00:00:00'),
( 9, '2017-04-13', '15:15:00', 1, '', 0, 0, 0, '', '0000-00-00 00:00:00', '', '0000-00-00 00:00:00'),
( 9, '2017-04-13', '15:30:00', 1, '', 0, 0, 0, '', '0000-00-00 00:00:00', '', '0000-00-00 00:00:00'),
( 9, '2017-04-13', '15:45:00', 1, '', 0, 0, 0, '', '0000-00-00 00:00:00', '', '0000-00-00 00:00:00'),
( 9, '2017-04-13', '16:00:00', 1, '', 0, 0, 0, '', '0000-00-00 00:00:00', '', '0000-00-00 00:00:00'),
( 9, '2017-04-13', '16:15:00', 1, '', 0, 0, 0, '', '0000-00-00 00:00:00', '', '0000-00-00 00:00:00'),
( 1, '2017-04-14', '09:30:00', 1, '', 0, 0, 1, '', '0000-00-00 00:00:00', '', '0000-00-00 00:00:00'),
( 2, '2017-04-14', '09:45:00', 1, '', 0, 0, 0, '', '0000-00-00 00:00:00', '', '0000-00-00 00:00:00'),
( 3, '2017-04-14', '10:00:00', 1, '', 0, 0, 0, '', '0000-00-00 00:00:00', '', '0000-00-00 00:00:00'),
( 4, '2017-04-14', '10:15:00', 1, '', 0, 0, 0, '', '0000-00-00 00:00:00', '', '0000-00-00 00:00:00'),
( 5, '2017-04-14', '10:30:00', 1, '', 0, 0, 0, '', '0000-00-00 00:00:00', '', '0000-00-00 00:00:00'),
( 6, '2017-04-14', '10:45:00', 1, '', 0, 0, 0, '', '0000-00-00 00:00:00', '', '0000-00-00 00:00:00'),
( 7, '2017-04-14', '11:00:00', 1, '', 0, 0, 0, '', '0000-00-00 00:00:00', '', '0000-00-00 00:00:00'),
( 8, '2017-04-14', '11:15:00', 1, '', 0, 0, 0, '', '0000-00-00 00:00:00', '', '0000-00-00 00:00:00'),
( 9, '2017-04-14', '11:30:00', 1, '', 0, 0, 0, '', '0000-00-00 00:00:00', '', '0000-00-00 00:00:00'),
( 1, '2017-04-15', '09:30:00', 1, '', 0, 0, 1, '', '0000-00-00 00:00:00', '', '0000-00-00 00:00:00'),
( 2, '2017-04-15', '09:45:00', 1, '', 0, 0, 0, '', '0000-00-00 00:00:00', '', '0000-00-00 00:00:00'),
( 3, '2017-04-15', '10:00:00', 1, '', 0, 0, 0, '', '0000-00-00 00:00:00', '', '0000-00-00 00:00:00'),
( 4, '2017-04-15', '10:15:00', 1, '', 0, 0, 0, '', '0000-00-00 00:00:00', '', '0000-00-00 00:00:00'),
( 5, '2017-04-15', '10:30:00', 1, '', 0, 0, 0, '', '0000-00-00 00:00:00', '', '0000-00-00 00:00:00'),
( 6, '2017-04-15', '10:45:00', 1, '', 0, 0, 0, '', '0000-00-00 00:00:00', '', '0000-00-00 00:00:00'),
( 7, '2017-04-15', '11:00:00', 1, '', 0, 0, 0, '', '0000-00-00 00:00:00', '', '0000-00-00 00:00:00'),
( 8, '2017-04-15', '11:15:00', 1, '', 0, 0, 0, '', '0000-00-00 00:00:00', '', '0000-00-00 00:00:00'),
( 9, '2017-04-15', '11:30:00', 1, '', 0, 0, 0, '', '0000-00-00 00:00:00', '', '0000-00-00 00:00:00');

/*!40101 SET CHARACTER_SET_CLIENT=@OLD_CHARACTER_SET_CLIENT */;
/*!40101 SET CHARACTER_SET_RESULTS=@OLD_CHARACTER_SET_RESULTS */;
/*!40101 SET COLLATION_CONNECTION=@OLD_COLLATION_CONNECTION */;
