INSERT INTO `fd_doctor` (`DOCTOR_ID`, `DOCTOR_TYPE`, `DOCTOR_NAME`, `DOCTOR_GENDER`, `ACTIVE_STATUS`, `DOCTOR_PHOTO`, `DOCTOR_INFO`, `NOTE`, `DOCTOR_ID_IMPORT`, `CREATE_USER`, `CREATE_DATE`, `UPDATE_USER`, `UPDATE_DATE`) VALUES
(10001, 'GP', 'DummyDoctor', '', 1, 'DefaultDoctor.jpg', '', '', 0, '', '0000-00-00 00:00:00', '', '0000-00-00 00:00:00')
,(10002, 'Dentist', 'DummyDoctor', '', 1, 'DefaultDoctor.jpg', '', '', 0, '', '0000-00-00 00:00:00', '', '0000-00-00 00:00:00')
,(10003, 'Dietitian', 'DummyDoctor', '', 1, 'DefaultDoctor.jpg', '', '', 0, '', '0000-00-00 00:00:00', '', '0000-00-00 00:00:00')
,(10004, 'Physio', 'DummyDoctor', '', 1, 'DefaultDoctor.jpg', '', '', 0, '', '0000-00-00 00:00:00', '', '0000-00-00 00:00:00')
,(10005, 'Podiatrist', 'DummyDoctor', '', 1, 'DefaultDoctor.jpg', '', '', 0, '', '0000-00-00 00:00:00', '', '0000-00-00 00:00:00')
,(10006, 'Psychologist', 'DummyDoctor', '', 1, 'DefaultDoctor.jpg', '', '', 0, '', '0000-00-00 00:00:00', '', '0000-00-00 00:00:00')
,(10007, 'Chiropractor', 'DummyDoctor', '', 1, 'DefaultDoctor.jpg', '', '', 0, '', '0000-00-00 00:00:00', '', '0000-00-00 00:00:00')
,(10008, 'Audiologist', 'DummyDoctor', '', 1, 'DefaultDoctor.jpg', '', '', 0, '', '0000-00-00 00:00:00', '', '0000-00-00 00:00:00')
,(10009, 'Optometry', 'DummyDoctor', '', 1, 'DefaultDoctor.jpg', '', '', 0, '', '0000-00-00 00:00:00', '', '0000-00-00 00:00:00')
,(10010, 'Skin specialist', 'DummyDoctor', '', 1, 'DefaultDoctor.jpg', '', '', 0, '', '0000-00-00 00:00:00', '', '0000-00-00 00:00:00')
,(10011, 'Counsellor', 'DummyDoctor', '', 1, 'DefaultDoctor.jpg', '', '', 0, '', '0000-00-00 00:00:00', '', '0000-00-00 00:00:00')
;

INSERT INTO `fd_clinic_user` (`CLINIC_USER_ID`, `CLINIC_USER_PWD`, `CLINIC_USER_MAIL`, `CLINIC_PHOTO`, `CLINIC_NAME`, `CLINIC_ADDR`, `CLINIC_SUBURB`, `STATE_ID`, `CLINIC_POSTCODE`, `CLINIC_PHONE`, `IS_YELLOWPAGE`, `ACTIVE_STATUS`, `CLINIC_OVERVIEW`, `CREATE_USER`, `CREATE_DATE`, `UPDATE_USER`, `UPDATE_DATE`) VALUES
(10001, 'b87fd559e522c3bf34deb1b3d68ff15d', 'ypclinic1@gmail.com', 'DefaultClinic.jpg', 'Wong Robert', '302 Springvale Rd', 'Glen Waverley', '7', '3150', '(03) 9590 0147', 1, 1, NULL, 'admin', '2017-01-23 08:37:39', 'admin', '2017-01-23 08:37:39'),
(10002, 'b87fd559e522c3bf34deb1b3d68ff15d', 'ypclinic2@gmail.com', 'DefaultClinic.jpg', 'Waverley Heart Clinic', 'Ste 7/ 264 Springvale Rd', 'Glen Waverley', '7', '3150', '(03) 9561 9688', 1, 1, NULL, 'admin', '2017-01-23 08:37:39', 'admin', '2017-01-23 08:37:39'),
(10003, 'b87fd559e522c3bf34deb1b3d68ff15d', 'ypclinic3@gmail.com', 'DefaultClinic.jpg', 'Waverley General Practice', '370 Blackburn Rd', 'Glen Waverley', '7', '3150', '(03) 9802 8155', 1, 1, NULL, 'admin', '2017-01-23 08:37:39', 'admin', '2017-01-23 08:37:39'),
(10004, 'b87fd559e522c3bf34deb1b3d68ff15d', 'ypclinic4@gmail.com', 'DefaultClinic.jpg', 'Waverley Eye Clinic', '226 Springvale Rd', 'Glen Waverley', '7', '3150', '(03) 9886 5522', 1, 1, NULL, 'admin', '2017-01-23 08:37:39', 'admin', '2017-01-23 08:37:39'),
(10005, 'b87fd559e522c3bf34deb1b3d68ff15d', 'ypclinic5@gmail.com', 'DefaultClinic.jpg', 'Warburton Fiona Dr', '1 Fairhills Parade', 'Glen Waverley', '7', '3150', '(03) 9802 8844', 1, 1, NULL, 'admin', '2017-01-23 08:37:39', 'admin', '2017-01-23 08:37:39'),
(10006, 'b87fd559e522c3bf34deb1b3d68ff15d', 'ypclinic6@gmail.com', 'DefaultClinic.jpg', 'Walton Tony', 'Suite 6 262- 264 Springvale Rd', 'Glen Waverley', '7', '3150', '(03) 9426 6693', 1, 1, NULL, 'admin', '2017-01-23 08:37:39', 'admin', '2017-01-23 08:37:39'),
(10007, 'b87fd559e522c3bf34deb1b3d68ff15d', 'ypclinic7@gmail.com', 'DefaultClinic.jpg', 'Wallis Ben Dr', '244 Springvale Rd', 'Glen Waverley', '7', '3150', '(03) 9814 9999', 1, 1, NULL, 'admin', '2017-01-23 08:37:39', 'admin', '2017-01-23 08:37:39'),
(10008, 'b87fd559e522c3bf34deb1b3d68ff15d', 'ypclinic8@gmail.com', 'DefaultClinic.jpg', 'Vinci Angela Dr', '244 Springvale Rd', 'Glen Waverley', '7', '3150', '(03) 9814 9999', 1, 1, NULL, 'admin', '2017-01-23 08:37:39', 'admin', '2017-01-23 08:37:39'),
(10009, 'b87fd559e522c3bf34deb1b3d68ff15d', 'ypclinic9@gmail.com', 'DefaultClinic.jpg', 'Veins Clinic', '747 High Street Rd', 'Glen Waverley', '7', '3150', '(03) 9803 4800', 1, 1, NULL, 'admin', '2017-01-23 08:37:39', 'admin', '2017-01-23 08:37:39'),
(10010, 'b87fd559e522c3bf34deb1b3d68ff15d', 'ypclinic10@gmail.com', 'DefaultClinic.jpg', 'Vasta C S & Corrigan M L', '17 Hampshire Rd', 'Glen Waverley', '7', '3150', '(03) 9560 1266', 1, 1, NULL, 'admin', '2017-01-23 08:37:39', 'admin', '2017-01-23 08:37:39'),
(10011, 'b87fd559e522c3bf34deb1b3d68ff15d', 'ypclinic11@gmail.com', 'DefaultClinic.jpg', 'Thomas Clayton Dr', '499 Springvale Rd', 'Glen Waverley', '7', '3150', '(03) 9566 2733', 1, 1, NULL, 'admin', '2017-01-23 08:37:39', 'admin', '2017-01-23 08:37:39'),
(10012, 'b87fd559e522c3bf34deb1b3d68ff15d', 'ypclinic12@gmail.com', 'DefaultClinic.jpg', 'Thean Janice Dr', '226 Springvale Rd', 'Glen Waverley', '7', '3150', '(03) 9886 5522', 1, 1, NULL, 'admin', '2017-01-23 08:37:39', 'admin', '2017-01-23 08:37:39'),
(10013, 'b87fd559e522c3bf34deb1b3d68ff15d', 'ypclinic13@gmail.com', 'DefaultClinic.jpg', 'Specialist Vein Care', '258 Springvale Rd', 'Glen Waverley', '7', '3150', '(03) 9561 5155', 1, 1, NULL, 'admin', '2017-01-23 08:37:39', 'admin', '2017-01-23 08:37:39'),
(10014, 'b87fd559e522c3bf34deb1b3d68ff15d', 'ypclinic14@gmail.com', 'DefaultClinic.jpg', 'Skinner TG Dr', '1 Fairhills Parade', 'Glen Waverley', '7', '3150', '(03) 9802 8844', 1, 1, NULL, 'admin', '2017-01-23 08:37:39', 'admin', '2017-01-23 08:37:39'),
(10015, 'b87fd559e522c3bf34deb1b3d68ff15d', 'ypclinic15@gmail.com', 'DefaultClinic.jpg', 'Singh Harpreet', '370 Blackburn Rd', 'Glen Waverley', '7', '3150', '(03) 9802 8155', 1, 1, NULL, 'admin', '2017-01-23 08:37:39', 'admin', '2017-01-23 08:37:39'),
(10016, 'b87fd559e522c3bf34deb1b3d68ff15d', 'ypclinic16@gmail.com', 'DefaultClinic.jpg', 'Robertson I E V', '598 High Street Rd', 'Glen Waverley', '7', '3150', '(03) 9802 9101', 1, 1, NULL, 'admin', '2017-01-23 08:37:39', 'admin', '2017-01-23 08:37:39'),
(10017, 'b87fd559e522c3bf34deb1b3d68ff15d', 'ypclinic17@gmail.com', 'DefaultClinic.jpg', 'Robertson Dr. Ian', '598 High Street Rd', 'Glen Waverley', '7', '3150', '(03) 9802 9101', 1, 1, NULL, 'admin', '2017-01-23 08:37:39', 'admin', '2017-01-23 08:37:39'),
(10018, 'b87fd559e522c3bf34deb1b3d68ff15d', 'ypclinic18@gmail.com', 'DefaultClinic.jpg', 'Riseley Judith Dr', '244 Springvale Rd', 'Glen Waverley', '7', '3150', '(03) 9814 9999', 1, 1, NULL, 'admin', '2017-01-23 08:37:39', 'admin', '2017-01-23 08:37:39'),
(10019, 'b87fd559e522c3bf34deb1b3d68ff15d', 'ypclinic19@gmail.com', 'DefaultClinic.jpg', 'Riseley Judith', '747 High Street Rd', 'Glen Waverley', '7', '3150', '(03) 9803 4800', 1, 1, NULL, 'admin', '2017-01-23 08:37:39', 'admin', '2017-01-23 08:37:39'),
(10020, 'b87fd559e522c3bf34deb1b3d68ff15d', 'ypclinic20@gmail.com', 'DefaultClinic.jpg', 'Reid John D.', '859 Waverley Rd', 'Glen Waverley', '7', '3150', 'Send Enquiry', 1, 1, NULL, 'admin', '2017-01-23 08:37:39', 'admin', '2017-01-23 08:37:39'),
(10021, 'b87fd559e522c3bf34deb1b3d68ff15d', 'ypclinic21@gmail.com', 'DefaultClinic.jpg', 'Pippa Marsdland Dr.', '370 Blackburn Rd', 'Glen Waverley', '7', '3150', '(03) 9802 8155', 1, 1, NULL, 'admin', '2017-01-23 08:37:39', 'admin', '2017-01-23 08:37:39'),
(10022, 'b87fd559e522c3bf34deb1b3d68ff15d', 'ypclinic22@gmail.com', 'DefaultClinic.jpg', 'A Wheelers Hill Clinic', '847 Ferntree Gully Rd', 'Wheelers Hill', '7', '3150', '', 1, 1, NULL, 'admin', '2017-01-23 08:37:39', 'admin', '2017-01-23 08:37:39'),
(10023, 'b87fd559e522c3bf34deb1b3d68ff15d', 'ypclinic23@gmail.com', 'DefaultClinic.jpg', 'AAA Waverley Medical Centre', '244 Springvale Rd', 'Glen Waverley', '7', '3150', '', 1, 1, NULL, 'admin', '2017-01-23 08:37:39', 'admin', '2017-01-23 08:37:39'),
(10024, 'b87fd559e522c3bf34deb1b3d68ff15d', 'ypclinic24@gmail.com', 'DefaultClinic.jpg', 'Ah Sang Wendy', '847 Ferntree Gully Rd', 'Wheelers Hill', '7', '3150', '(03) 9561 3200', 1, 1, NULL, 'admin', '2017-01-23 08:37:39', 'admin', '2017-01-23 08:37:39'),
(10025, 'b87fd559e522c3bf34deb1b3d68ff15d', 'ypclinic25@gmail.com', 'DefaultClinic.jpg', 'Al-Souffi M Dr', 'Cnr Springvale Rd and Magid Ave', 'Wheelers Hill', '7', '3150', '(03) 9562 2288', 1, 1, NULL, 'admin', '2017-01-23 08:37:39', 'admin', '2017-01-23 08:37:39'),
(10026, 'b87fd559e522c3bf34deb1b3d68ff15d', 'ypclinic26@gmail.com', 'DefaultClinic.jpg', 'Appletree Hill Medical Centre', '888 High Street Rd', 'Glen Waverley', '7', '3150', '(03) 9887 8223', 1, 1, NULL, 'admin', '2017-01-23 08:37:39', 'admin', '2017-01-23 08:37:39'),
(10027, 'b87fd559e522c3bf34deb1b3d68ff15d', 'ypclinic27@gmail.com', 'DefaultClinic.jpg', 'Arnold Carolyn Dr', '499 Springvale Rd', 'Glen Waverley', '7', '3150', '(03) 9566 2733', 1, 1, NULL, 'admin', '2017-01-23 08:37:39', 'admin', '2017-01-23 08:37:39'),
(10028, 'b87fd559e522c3bf34deb1b3d68ff15d', 'ypclinic28@gmail.com', 'DefaultClinic.jpg', 'Banerjee Pramita Dr', '244 Springvale Rd', 'Glen Waverley', '7', '3150', '(03) 9814 9999', 1, 1, NULL, 'admin', '2017-01-23 08:37:39', 'admin', '2017-01-23 08:37:39'),
(10029, 'b87fd559e522c3bf34deb1b3d68ff15d', 'ypclinic29@gmail.com', 'DefaultClinic.jpg', 'Bob Haran Dr', '6 Ondine Dr', 'Wheelers Hill', '7', '3150', '(03) 9561 6102', 1, 1, NULL, 'admin', '2017-01-23 08:37:39', 'admin', '2017-01-23 08:37:39'),
(10030, 'b87fd559e522c3bf34deb1b3d68ff15d', 'ypclinic30@gmail.com', 'DefaultClinic.jpg', 'Cheah S H DR', '183 Jells Rd', 'Wheelers Hill', '7', '3150', '(03) 9561 3999', 1, 1, NULL, 'admin', '2017-01-23 08:37:39', 'admin', '2017-01-23 08:37:39'),
(10031, 'b87fd559e522c3bf34deb1b3d68ff15d', 'ypclinic31@gmail.com', 'DefaultClinic.jpg', 'Chitra Haran, Dr', '6 Ondine Dr', 'Wheelers Hill', '7', '3150', '(03) 9561 6102', 1, 1, NULL, 'admin', '2017-01-23 08:37:39', 'admin', '2017-01-23 08:37:39'),
(10032, 'b87fd559e522c3bf34deb1b3d68ff15d', 'ypclinic32@gmail.com', 'DefaultClinic.jpg', 'Court D', '847 Ferntree Gully Rd', 'Wheelers Hill', '7', '3150', '(03) 9561 3200', 1, 1, NULL, 'admin', '2017-01-23 08:37:39', 'admin', '2017-01-23 08:37:39'),
(10033, 'b87fd559e522c3bf34deb1b3d68ff15d', 'ypclinic33@gmail.com', 'DefaultClinic.jpg', 'Court D B', '847 Ferntree Gully Rd', 'Wheelers Hill', '7', '3150', '(03) 9561 3200', 1, 1, NULL, 'admin', '2017-01-23 08:37:39', 'admin', '2017-01-23 08:37:39'),
(10034, 'b87fd559e522c3bf34deb1b3d68ff15d', 'ypclinic34@gmail.com', 'DefaultClinic.jpg', 'Courtney Peter Dr', '499 Springvale Rd', 'Glen Waverley', '7', '3150', '(03) 9566 2759', 1, 1, NULL, 'admin', '2017-01-23 08:37:39', 'admin', '2017-01-23 08:37:39'),
(10035, 'b87fd559e522c3bf34deb1b3d68ff15d', 'ypclinic35@gmail.com', 'DefaultClinic.jpg', 'DeSouza Michael Dr', '888 High Street Rd', 'Glen Waverley', '7', '3150', '(03) 9803 5494', 1, 1, NULL, 'admin', '2017-01-23 08:37:39', 'admin', '2017-01-23 08:37:39'),
(10036, 'b87fd559e522c3bf34deb1b3d68ff15d', 'ypclinic36@gmail.com', 'DefaultClinic.jpg', 'Diagnostic Medical Ultrasound Services Pty Ltd', 'Suite Ground Floor 24 202 Jells Rd', 'Wheelers Hill', '7', '3150', '1300 693 246', 1, 1, NULL, 'admin', '2017-01-23 08:37:39', 'admin', '2017-01-23 08:37:39'),
(10037, 'b87fd559e522c3bf34deb1b3d68ff15d', 'ypclinic37@gmail.com', 'DefaultClinic.jpg', 'Ebrahim E', '705 Waverley Rd', 'Glen Waverley', '7', '3150', '(03) 9560 9473', 1, 1, NULL, 'admin', '2017-01-23 08:37:39', 'admin', '2017-01-23 08:37:39'),
(10038, 'b87fd559e522c3bf34deb1b3d68ff15d', 'ypclinic38@gmail.com', 'DefaultClinic.jpg', 'Edwards Christine Dr', '888 High Street Rd', 'Glen Waverley', '7', '3150', '(03) 9803 5494', 1, 1, NULL, 'admin', '2017-01-23 08:37:39', 'admin', '2017-01-23 08:37:39'),
(10039, 'b87fd559e522c3bf34deb1b3d68ff15d', 'ypclinic39@gmail.com', 'DefaultClinic.jpg', 'Elderton Janette Dr', '888 High Street Rd', 'Glen Waverley', '7', '3150', '(03) 9803 5494', 1, 1, NULL, 'admin', '2017-01-23 08:37:39', 'admin', '2017-01-23 08:37:39'),
(10040, 'b87fd559e522c3bf34deb1b3d68ff15d', 'ypclinic40@gmail.com', 'DefaultClinic.jpg', 'Fairhills Medical Clinic', '1 Fairhills Parade', 'Glen Waverley', '7', '3150', '', 1, 1, NULL, 'admin', '2017-01-23 08:37:39', 'admin', '2017-01-23 08:37:39'),
(10041, 'b87fd559e522c3bf34deb1b3d68ff15d', 'ypclinic41@gmail.com', 'DefaultClinic.jpg', 'Freeman Anne', '2 Magid Ave', 'Mulgrave', '7', '3170', '(03) 9562 2288', 1, 1, NULL, 'admin', '2017-01-23 08:37:39', 'admin', '2017-01-23 08:37:39'),
(10042, 'b87fd559e522c3bf34deb1b3d68ff15d', 'ypclinic42@gmail.com', 'DefaultClinic.jpg', 'Gregory Lee', '2 Magid Ave', 'Mulgrave', '7', '3170', '(03) 9562 2288', 1, 1, NULL, 'admin', '2017-01-23 08:37:39', 'admin', '2017-01-23 08:37:39'),
(10043, 'b87fd559e522c3bf34deb1b3d68ff15d', 'ypclinic43@gmail.com', 'DefaultClinic.jpg', 'Athari Dr.', '241 Heaths Rd', 'Werribee', '7', '3030', '(03) 9748 9777', 1, 1, NULL, 'admin', '2017-01-23 08:37:39', 'admin', '2017-01-23 08:37:39'),
(10044, 'b87fd559e522c3bf34deb1b3d68ff15d', 'ypclinic44@gmail.com', 'DefaultClinic.jpg', 'Barnetson W', '233 Heaths Rd', 'Werribee', '7', '3030', '(03) 9749 2766', 1, 1, NULL, 'admin', '2017-01-23 08:37:39', 'admin', '2017-01-23 08:37:39'),
(10045, 'b87fd559e522c3bf34deb1b3d68ff15d', 'ypclinic45@gmail.com', 'DefaultClinic.jpg', 'Bermudez R', '233 Heaths Rd', 'Werribee', '7', '3030', '(03) 9749 2766', 1, 1, NULL, 'admin', '2017-01-23 08:37:39', 'admin', '2017-01-23 08:37:39'),
(10046, 'b87fd559e522c3bf34deb1b3d68ff15d', 'ypclinic46@gmail.com', 'DefaultClinic.jpg', 'Bradley M F', '1 Pine Ave', 'Werribee', '7', '3030', '(03) 9741 9511', 1, 1, NULL, 'admin', '2017-01-23 08:37:39', 'admin', '2017-01-23 08:37:39'),
(10047, 'b87fd559e522c3bf34deb1b3d68ff15d', 'ypclinic47@gmail.com', 'DefaultClinic.jpg', 'Braude G', '229 Heaths Rd', 'Werribee', '7', '3030', '(03) 9749 2766', 1, 1, NULL, 'admin', '2017-01-23 08:37:39', 'admin', '2017-01-23 08:37:39'),
(10048, 'b87fd559e522c3bf34deb1b3d68ff15d', 'ypclinic48@gmail.com', 'DefaultClinic.jpg', 'Burke Dr', '233 Heaths Rd', 'Werribee', '7', '3030', '(03) 9749 2766', 1, 1, NULL, 'admin', '2017-01-23 08:37:39', 'admin', '2017-01-23 08:37:39'),
(10049, 'b87fd559e522c3bf34deb1b3d68ff15d', 'ypclinic49@gmail.com', 'DefaultClinic.jpg', 'Calder R T Dr', '300 Princess Hwy', 'Werribee', '7', '3030', '(03) 9216 8633', 1, 1, NULL, 'admin', '2017-01-23 08:37:39', 'admin', '2017-01-23 08:37:39'),
(10050, 'b87fd559e522c3bf34deb1b3d68ff15d', 'ypclinic50@gmail.com', 'DefaultClinic.jpg', 'Caric Vladimir Dr', 'Shop 33/ 300 Point Cook Rd', 'Point Cook', '7', '3030', '(03) 9395 6333', 1, 1, NULL, 'admin', '2017-01-23 08:37:39', 'admin', '2017-01-23 08:37:39'),
(10051, 'b87fd559e522c3bf34deb1b3d68ff15d', 'ypclinic51@gmail.com', 'DefaultClinic.jpg', 'Caroline Syme', '5 Huntington Ct', 'Werribee', '7', '3030', '0432 023 416', 1, 1, NULL, 'admin', '2017-01-23 08:37:39', 'admin', '2017-01-23 08:37:39'),
(10052, 'b87fd559e522c3bf34deb1b3d68ff15d', 'ypclinic52@gmail.com', 'DefaultClinic.jpg', 'Cox Dr', '233 Heaths Rd', 'Werribee', '7', '3030', '(03) 9749 2766', 1, 1, NULL, 'admin', '2017-01-23 08:37:39', 'admin', '2017-01-23 08:37:39'),
(10053, 'b87fd559e522c3bf34deb1b3d68ff15d', 'ypclinic53@gmail.com', 'DefaultClinic.jpg', 'Dalton Dr', '233 Heaths Rd', 'Werribee', '7', '3030', '(03) 9749 2766', 1, 1, NULL, 'admin', '2017-01-23 08:37:39', 'admin', '2017-01-23 08:37:39'),
(10054, 'b87fd559e522c3bf34deb1b3d68ff15d', 'ypclinic54@gmail.com', 'DefaultClinic.jpg', 'Dillane P', '13 Synnot St', 'Werribee', '7', '3030', '(03) 9741 2033', 1, 1, NULL, 'admin', '2017-01-23 08:37:39', 'admin', '2017-01-23 08:37:39'),
(10055, 'b87fd559e522c3bf34deb1b3d68ff15d', 'ypclinic55@gmail.com', 'DefaultClinic.jpg', 'Dr Jared Mee', '297 Princess Hwy', 'Werribee', '7', '3030', '(03) 9749 7846', 1, 1, NULL, 'admin', '2017-01-23 08:37:39', 'admin', '2017-01-23 08:37:39'),
(10056, 'b87fd559e522c3bf34deb1b3d68ff15d', 'ypclinic56@gmail.com', 'DefaultClinic.jpg', 'Dr. Chalam Kolli', '15 Princes Hwy', 'Werribee', '7', '3030', '', 1, 1, NULL, 'admin', '2017-01-23 08:37:39', 'admin', '2017-01-23 08:37:39'),
(10057, 'b87fd559e522c3bf34deb1b3d68ff15d', 'ypclinic57@gmail.com', 'DefaultClinic.jpg', 'Dr. Peter Pocock', '69 Sanctuary Lakes South Blv', 'Point Cook', '7', '3030', '(03) 9395 3899', 1, 1, NULL, 'admin', '2017-01-23 08:37:39', 'admin', '2017-01-23 08:37:39'),
(10058, 'b87fd559e522c3bf34deb1b3d68ff15d', 'ypclinic58@gmail.com', 'DefaultClinic.jpg', 'Dunne K', '297 Princes Hwy', 'Werribee', '7', '3030', '(03) 9741 9191', 1, 1, NULL, 'admin', '2017-01-23 08:37:39', 'admin', '2017-01-23 08:37:39'),
(10059, 'b87fd559e522c3bf34deb1b3d68ff15d', 'ypclinic59@gmail.com', 'DefaultClinic.jpg', 'Feekery Colin', '229 Heaths Rd', 'Werribee', '7', '3030', '(03) 9749 2766', 1, 1, NULL, 'admin', '2017-01-23 08:37:39', 'admin', '2017-01-23 08:37:39'),
(10060, 'b87fd559e522c3bf34deb1b3d68ff15d', 'ypclinic60@gmail.com', 'DefaultClinic.jpg', 'Fernando Dr', '233 Heaths Rd', 'Werribee', '7', '3030', '(03) 9749 2766', 1, 1, NULL, 'admin', '2017-01-23 08:37:39', 'admin', '2017-01-23 08:37:39'),
(10061, 'b87fd559e522c3bf34deb1b3d68ff15d', 'ypclinic61@gmail.com', 'DefaultClinic.jpg', 'Giam E', '229 Heaths Rd', 'Werribee', '7', '3030', '(03) 9749 2766', 1, 1, NULL, 'admin', '2017-01-23 08:37:39', 'admin', '2017-01-23 08:37:39'),
(10062, 'b87fd559e522c3bf34deb1b3d68ff15d', 'ypclinic62@gmail.com', 'DefaultClinic.jpg', 'Giam Edward', '233 Heaths Rd', 'Werribee', '7', '3030', '(03) 9749 2766', 1, 1, NULL, 'admin', '2017-01-23 08:37:39', 'admin', '2017-01-23 08:37:39'),
(10063, 'b87fd559e522c3bf34deb1b3d68ff15d', 'ypclinic63@gmail.com', 'DefaultClinic.jpg', 'Gilani M', '233 Heaths Rd', 'Werribee', '7', '3030', '(03) 9749 2766', 1, 1, NULL, 'admin', '2017-01-23 08:37:39', 'admin', '2017-01-23 08:37:39'),
(10064, 'b87fd559e522c3bf34deb1b3d68ff15d', 'ypclinic64@gmail.com', 'DefaultClinic.jpg', 'Grogan Helen Dr', '242 Hoppers Lane', 'Werribee', '7', '3030', '', 1, 1, NULL, 'admin', '2017-01-23 08:37:39', 'admin', '2017-01-23 08:37:39'),
(10065, 'b87fd559e522c3bf34deb1b3d68ff15d', 'ypclinic65@gmail.com', 'DefaultClinic.jpg', 'A M Monteith', '524 Whitehorse Rd', 'Surrey Hills', '7', '3127', '(03) 9830 7130', 1, 1, NULL, 'admin', '2017-01-23 08:37:39', 'admin', '2017-01-23 08:37:39'),
(10066, 'b87fd559e522c3bf34deb1b3d68ff15d', 'ypclinic66@gmail.com', 'DefaultClinic.jpg', 'A Whiter Smiley', '541 Elgar Rd', 'Box Hill', '7', '3128', '1300 661 159', 1, 1, NULL, 'admin', '2017-01-23 08:37:39', 'admin', '2017-01-23 08:37:39'),
(10067, 'b87fd559e522c3bf34deb1b3d68ff15d', 'ypclinic67@gmail.com', 'DefaultClinic.jpg', 'Alpha Dental Group', '20C Blackburn Rd', 'Blackburn', '7', '3130', '(03) 9894 4479', 1, 1, NULL, 'admin', '2017-01-23 08:37:39', 'admin', '2017-01-23 08:37:39'),
(10068, 'b87fd559e522c3bf34deb1b3d68ff15d', 'ypclinic68@gmail.com', 'DefaultClinic.jpg', 'An Eileen Dr', 'Level 1 934 Whitehorse Rd', 'Box Hill', '7', '3128', '(03) 9899 0288', 1, 1, NULL, 'admin', '2017-01-23 08:37:39', 'admin', '2017-01-23 08:37:39'),
(10069, 'b87fd559e522c3bf34deb1b3d68ff15d', 'ypclinic69@gmail.com', 'DefaultClinic.jpg', 'Australian Unity Dental Care', '973 Whitehorse Rd', 'Box Hill', '7', '3128', '(03) 9897 1038', 1, 1, NULL, 'admin', '2017-01-23 08:37:39', 'admin', '2017-01-23 08:37:39'),
(10070, 'b87fd559e522c3bf34deb1b3d68ff15d', 'ypclinic70@gmail.com', 'DefaultClinic.jpg', 'Bastian Kathryn Dr', '204 Elgar Rd', 'Box Hill South', '7', '3128', '(03) 9808 1735', 1, 1, NULL, 'admin', '2017-01-23 08:37:39', 'admin', '2017-01-23 08:37:39'),
(10071, 'b87fd559e522c3bf34deb1b3d68ff15d', 'ypclinic71@gmail.com', 'DefaultClinic.jpg', 'Blackburn Clinic Dental Centre', '195 Whitehorse Rd', 'Blackburn', '7', '3130', '(03) 9878 1597', 1, 1, NULL, 'admin', '2017-01-23 08:37:39', 'admin', '2017-01-23 08:37:39'),
(10072, 'b87fd559e522c3bf34deb1b3d68ff15d', 'ypclinic72@gmail.com', 'DefaultClinic.jpg', 'Blackburn Dental Group', '23 Blackburn Rd', 'Blackburn', '7', '3130', '(03) 9878 1411', 1, 1, NULL, 'admin', '2017-01-23 08:37:39', 'admin', '2017-01-23 08:37:39'),
(10073, 'b87fd559e522c3bf34deb1b3d68ff15d', 'ypclinic73@gmail.com', 'DefaultClinic.jpg', 'Box Hill Dental', '106 Thames St', 'Box Hill', '7', '3128', '(03) 9890 7364', 1, 1, NULL, 'admin', '2017-01-23 08:37:39', 'admin', '2017-01-23 08:37:39'),
(10074, 'b87fd559e522c3bf34deb1b3d68ff15d', 'ypclinic74@gmail.com', 'DefaultClinic.jpg', 'Box Hill Family Dentistry', 'Level 2/ 43 Carrington Rd', 'Box Hill', '7', '3128', '(03) 9899 3110', 1, 1, NULL, 'admin', '2017-01-23 08:37:39', 'admin', '2017-01-23 08:37:39'),
(10075, 'b87fd559e522c3bf34deb1b3d68ff15d', 'ypclinic75@gmail.com', 'DefaultClinic.jpg', 'Boyd Robyn', '106 Thames St', 'Box Hill', '7', '3128', '(03) 9890 7364', 1, 1, NULL, 'admin', '2017-01-23 08:37:39', 'admin', '2017-01-23 08:37:39'),
(10076, 'b87fd559e522c3bf34deb1b3d68ff15d', 'ypclinic76@gmail.com', 'DefaultClinic.jpg', 'Burwood Dental Centre', '356 Burwood Hwy', 'Burwood', '7', '3125', '(03) 9888 7534', 1, 1, NULL, 'admin', '2017-01-23 08:37:39', 'admin', '2017-01-23 08:37:39'),
(10077, 'b87fd559e522c3bf34deb1b3d68ff15d', 'ypclinic77@gmail.com', 'DefaultClinic.jpg', 'Chan Steven K W Dr', 'Suite 8, Centro Box Hill North , 17 Market St', 'Box Hill', '7', '3128', '(03) 9890 7100', 1, 1, NULL, 'admin', '2017-01-23 08:37:39', 'admin', '2017-01-23 08:37:39'),
(10078, 'b87fd559e522c3bf34deb1b3d68ff15d', 'ypclinic78@gmail.com', 'DefaultClinic.jpg', 'Chang Juliana Dr', 'Level 1 934 Whitehorse Rd', 'Box Hill', '7', '3128', '(03) 9899 0288', 1, 1, NULL, 'admin', '2017-01-23 08:37:39', 'admin', '2017-01-23 08:37:39'),
(10079, 'b87fd559e522c3bf34deb1b3d68ff15d', 'ypclinic79@gmail.com', 'DefaultClinic.jpg', 'Cheung D K S Dr', '1st Floor 591 Station St', 'Box Hill', '7', '3128', '(03) 9899 3415', 1, 1, NULL, 'admin', '2017-01-23 08:37:39', 'admin', '2017-01-23 08:37:39'),
(10080, 'b87fd559e522c3bf34deb1b3d68ff15d', 'ypclinic80@gmail.com', 'DefaultClinic.jpg', 'Chong Dental Surgery', 'Level 1/587- 589 Station St', 'Box Hill', '7', '3128', '(03) 9899 2980', 1, 1, NULL, 'admin', '2017-01-23 08:37:39', 'admin', '2017-01-23 08:37:39'),
(10081, 'b87fd559e522c3bf34deb1b3d68ff15d', 'ypclinic81@gmail.com', 'DefaultClinic.jpg', 'Chong Dental Surgery', '1st Floor 587- 589 Station St', 'Box Hill', '7', '3128', '(03) 9899 2980', 1, 1, NULL, 'admin', '2017-01-23 08:37:39', 'admin', '2017-01-23 08:37:39'),
(10082, 'b87fd559e522c3bf34deb1b3d68ff15d', 'ypclinic82@gmail.com', 'DefaultClinic.jpg', 'Crystal Dental Imaging', '1029 Whitehorse Rd', 'Box Hill', '7', '3128', '(03) 9897 1569', 1, 1, NULL, 'admin', '2017-01-23 08:37:39', 'admin', '2017-01-23 08:37:39'),
(10083, 'b87fd559e522c3bf34deb1b3d68ff15d', 'ypclinic83@gmail.com', 'DefaultClinic.jpg', 'Dental Care Today', '244 Canterbury Rd', 'Forest Hill', '7', '3131', '0448 832 867', 1, 1, NULL, 'admin', '2017-01-23 08:37:39', 'admin', '2017-01-23 08:37:39'),
(10084, 'b87fd559e522c3bf34deb1b3d68ff15d', 'ypclinic84@gmail.com', 'DefaultClinic.jpg', 'Dentalcare For All', 'Suite 3/ 1A Carrington Rd', 'Box Hill', '7', '3128', '(03) 9897 1174', 1, 1, NULL, 'admin', '2017-01-23 08:37:39', 'admin', '2017-01-23 08:37:39'),
(10085, 'b87fd559e522c3bf34deb1b3d68ff15d', 'ypclinic85@gmail.com', 'DefaultClinic.jpg', 'A. Pacella Dr', '268 Springvale Rd', 'Glen Waverley', '7', '3150', '(03) 9560 9573', 1, 1, NULL, 'admin', '2017-01-23 08:37:39', 'admin', '2017-01-23 08:37:39'),
(10086, 'b87fd559e522c3bf34deb1b3d68ff15d', 'ypclinic86@gmail.com', 'DefaultClinic.jpg', 'AA Pacella Dr & Associates', '268 Springvale Rd', 'Glen Waverley', '7', '3150', '(03) 9560 9573', 1, 1, NULL, 'admin', '2017-01-23 08:37:39', 'admin', '2017-01-23 08:37:39'),
(10087, 'b87fd559e522c3bf34deb1b3d68ff15d', 'ypclinic87@gmail.com', 'DefaultClinic.jpg', 'Agha Karim Dr', '568 Blackburn Rd', 'Glen Waverley', '7', '3150', '(03) 9561 1118', 1, 1, NULL, 'admin', '2017-01-23 08:37:39', 'admin', '2017-01-23 08:37:39'),
(10088, 'b87fd559e522c3bf34deb1b3d68ff15d', 'ypclinic88@gmail.com', 'DefaultClinic.jpg', 'Bloom Jason Dr', '312 Blackburn Rd', 'Mt Waverley', '7', '3149', '(03) 9803 0964', 1, 1, NULL, 'admin', '2017-01-23 08:37:39', 'admin', '2017-01-23 08:37:39'),
(10089, 'b87fd559e522c3bf34deb1b3d68ff15d', 'ypclinic89@gmail.com', 'DefaultClinic.jpg', 'Borgula Luke Dr', 'Suite 2 262- 264 Springvale Rd', 'Glen Waverley', '7', '3150', '(03) 9574 7757', 1, 1, NULL, 'admin', '2017-01-23 08:37:39', 'admin', '2017-01-23 08:37:39'),
(10090, 'b87fd559e522c3bf34deb1b3d68ff15d', 'ypclinic90@gmail.com', 'DefaultClinic.jpg', 'Chan Michelle', '230 Springvale Rd', 'Glen Waverley', '7', '3150', '(03) 9887 8787', 1, 1, NULL, 'admin', '2017-01-23 08:37:39', 'admin', '2017-01-23 08:37:39'),
(10091, 'b87fd559e522c3bf34deb1b3d68ff15d', 'ypclinic91@gmail.com', 'DefaultClinic.jpg', 'Chong Kiang Dr.', '686 Ferntree Gully Rd', 'Wheelers Hill', '7', '3150', '(03) 9561 5355', 1, 1, NULL, 'admin', '2017-01-23 08:37:39', 'admin', '2017-01-23 08:37:39'),
(10092, 'b87fd559e522c3bf34deb1b3d68ff15d', 'ypclinic92@gmail.com', 'DefaultClinic.jpg', 'Chua Lawrence Dr', '470 Blackburn Rd', 'Glen Waverley', '7', '3150', '(03) 9802 0198', 1, 1, NULL, 'admin', '2017-01-23 08:37:39', 'admin', '2017-01-23 08:37:39'),
(10093, 'b87fd559e522c3bf34deb1b3d68ff15d', 'ypclinic93@gmail.com', 'DefaultClinic.jpg', 'De Hoyos Miro Dr', '568 Blackburn Rd', 'Glen Waverley', '7', '3150', '(03) 9561 1118', 1, 1, NULL, 'admin', '2017-01-23 08:37:39', 'admin', '2017-01-23 08:37:39'),
(10094, 'b87fd559e522c3bf34deb1b3d68ff15d', 'ypclinic94@gmail.com', 'DefaultClinic.jpg', 'Dentist @ 330', '330 Highbury Rd', 'Mt Waverley', '7', '3149', '(03) 9886 5318', 1, 1, NULL, 'admin', '2017-01-23 08:37:39', 'admin', '2017-01-23 08:37:39'),
(10095, 'b87fd559e522c3bf34deb1b3d68ff15d', 'ypclinic95@gmail.com', 'DefaultClinic.jpg', 'Dowling Lawrence G & Melissa', '240 Springvale Rd', 'Glen Waverley', '7', '3150', '(03) 9802 2899', 1, 1, NULL, 'admin', '2017-01-23 08:37:39', 'admin', '2017-01-23 08:37:39'),
(10096, 'b87fd559e522c3bf34deb1b3d68ff15d', 'ypclinic96@gmail.com', 'DefaultClinic.jpg', 'Dr A Pacella Pty Ltd', '268 Springvale Rd', 'Glen Waverley', '7', '3150', '(03) 9560 9573', 1, 1, NULL, 'admin', '2017-01-23 08:37:39', 'admin', '2017-01-23 08:37:39'),
(10097, 'b87fd559e522c3bf34deb1b3d68ff15d', 'ypclinic97@gmail.com', 'DefaultClinic.jpg', 'Dr Andreas Bechler & Associates', '1C Hanover Rd', 'Vermont South', '7', '3133', '(03) 9803 3998', 1, 1, NULL, 'admin', '2017-01-23 08:37:39', 'admin', '2017-01-23 08:37:39'),
(10098, 'b87fd559e522c3bf34deb1b3d68ff15d', 'ypclinic98@gmail.com', 'DefaultClinic.jpg', 'Dr Barry Kave', '861A Waverley Rd', 'Wheelers Hill', '7', '3150', '(03) 9560 2702', 1, 1, NULL, 'admin', '2017-01-23 08:37:39', 'admin', '2017-01-23 08:37:39'),
(10099, 'b87fd559e522c3bf34deb1b3d68ff15d', 'ypclinic99@gmail.com', 'DefaultClinic.jpg', 'Dr Kevin Prouse and Dr M. Timol', '9 Collegium Ave', 'Wheelers Hill', '7', '3150', '(03) 9560 5581', 1, 1, NULL, 'admin', '2017-01-23 08:37:39', 'admin', '2017-01-23 08:37:39'),
(10100, 'b87fd559e522c3bf34deb1b3d68ff15d', 'ypclinic100@gmail.com', 'DefaultClinic.jpg', 'EK Dental', '230 Springvale Rd', 'Glen Waverley', '7', '3150', '(03) 9887 8787', 1, 1, NULL, 'admin', '2017-01-23 08:37:39', 'admin', '2017-01-23 08:37:39'),
(10101, 'b87fd559e522c3bf34deb1b3d68ff15d', 'ypclinic101@gmail.com', 'DefaultClinic.jpg', 'EK Dental Surgery', '230 Springvale Rd', 'Glen Waverley', '7', '3150', '(03) 9887 8787', 1, 1, NULL, 'admin', '2017-01-23 08:37:39', 'admin', '2017-01-23 08:37:39'),
(10102, 'b87fd559e522c3bf34deb1b3d68ff15d', 'ypclinic102@gmail.com', 'DefaultClinic.jpg', 'Ek Lee C Dr', '230 Springvale Rd', 'Glen Waverley', '7', '3150', '(03) 9887 8787', 1, 1, NULL, 'admin', '2017-01-23 08:37:39', 'admin', '2017-01-23 08:37:39'),
(10103, 'b87fd559e522c3bf34deb1b3d68ff15d', 'ypclinic103@gmail.com', 'DefaultClinic.jpg', 'Estioko Leora Dr', 'Suite 5 Level 1 264 Springvale Rd', 'Glen Waverley', '7', '3150', '(03) 9560 2177', 1, 1, NULL, 'admin', '2017-01-23 08:37:39', 'admin', '2017-01-23 08:37:39'),
(10104, 'b87fd559e522c3bf34deb1b3d68ff15d', 'ypclinic104@gmail.com', 'DefaultClinic.jpg', 'Farmer Glenda', '240 Springvale Rd', 'Glen Waverley', '7', '3150', '(03) 9802 2899', 1, 1, NULL, 'admin', '2017-01-23 08:37:39', 'admin', '2017-01-23 08:37:39'),
(10105, 'b87fd559e522c3bf34deb1b3d68ff15d', 'ypclinic105@gmail.com', 'DefaultClinic.jpg', 'Advanced Imaging Parramatta', '116 Macquarie St', 'Parramatta', '2', '2150', '', 1, 1, NULL, 'admin', '2017-01-23 08:37:39', 'admin', '2017-01-23 08:37:39'),
(10106, 'b87fd559e522c3bf34deb1b3d68ff15d', 'ypclinic106@gmail.com', 'DefaultClinic.jpg', 'Agar Ashish Dr', '152 Marsden St', 'Parramatta', '2', '2150', '(02) 9635 7077', 1, 1, NULL, 'admin', '2017-01-23 08:37:39', 'admin', '2017-01-23 08:37:39'),
(10107, 'b87fd559e522c3bf34deb1b3d68ff15d', 'ypclinic107@gmail.com', 'DefaultClinic.jpg', 'Andrew Malous', '191 Church St', 'Parramatta', '2', '2150', '(02) 9687 6395', 1, 1, NULL, 'admin', '2017-01-23 08:37:39', 'admin', '2017-01-23 08:37:39'),
(10108, 'b87fd559e522c3bf34deb1b3d68ff15d', 'ypclinic108@gmail.com', 'DefaultClinic.jpg', 'Argyle Street Medical Centre', 'Shop 13, Westfield Shopping Town, Cnr Marsden and Argyle Sreets', 'Parramatta', '2', '2150', '(02) 9893 8733', 1, 1, NULL, 'admin', '2017-01-23 08:37:39', 'admin', '2017-01-23 08:37:39'),
(10109, 'b87fd559e522c3bf34deb1b3d68ff15d', 'ypclinic109@gmail.com', 'DefaultClinic.jpg', 'Aroney Jim & Caraiscos Phillip', '144- 146 Church St', 'Parramatta', '2', '2150', '(02) 9893 8733', 1, 1, NULL, 'admin', '2017-01-23 08:37:39', 'admin', '2017-01-23 08:37:39'),
(10110, 'b87fd559e522c3bf34deb1b3d68ff15d', 'ypclinic110@gmail.com', 'DefaultClinic.jpg', 'Banerjee Bharati Dr', '152 Marsden St', 'Parramatta', '2', '2150', '(02) 9635 7077', 1, 1, NULL, 'admin', '2017-01-23 08:37:39', 'admin', '2017-01-23 08:37:39'),
(10111, 'b87fd559e522c3bf34deb1b3d68ff15d', 'ypclinic111@gmail.com', 'DefaultClinic.jpg', 'Chan Derek Dr', '152 Marsden St', 'Parramatta', '2', '2150', '(02) 9635 7077', 1, 1, NULL, 'admin', '2017-01-23 08:37:39', 'admin', '2017-01-23 08:37:39'),
(10112, 'b87fd559e522c3bf34deb1b3d68ff15d', 'ypclinic112@gmail.com', 'DefaultClinic.jpg', 'Christopher', '302 Church St', 'Parramatta', '2', '2150', '(02) 8677 7043', 1, 1, NULL, 'admin', '2017-01-23 08:37:39', 'admin', '2017-01-23 08:37:39'),
(10113, 'b87fd559e522c3bf34deb1b3d68ff15d', 'ypclinic113@gmail.com', 'DefaultClinic.jpg', 'Dr Dai Tran', 'Level 2 Suite 6 154 Marsden St', 'Parramatta', '2', '2150', '(02) 9687 7664', 1, 1, NULL, 'admin', '2017-01-23 08:37:39', 'admin', '2017-01-23 08:37:39'),
(10114, 'b87fd559e522c3bf34deb1b3d68ff15d', 'ypclinic114@gmail.com', 'DefaultClinic.jpg', 'Dr Dai Tran', 'Suite 6 Level 2 154 Marsden St', 'Parramatta', '2', '2150', '(02) 9687 7664', 1, 1, NULL, 'admin', '2017-01-23 08:37:39', 'admin', '2017-01-23 08:37:39'),
(10115, 'b87fd559e522c3bf34deb1b3d68ff15d', 'ypclinic115@gmail.com', 'DefaultClinic.jpg', 'Dr Stewart Precians', 'Ste 6/ 154 Marsden St', 'Parramatta', '2', '2150', '(02) 9687 7664', 1, 1, NULL, 'admin', '2017-01-23 08:37:39', 'admin', '2017-01-23 08:37:39'),
(10116, 'b87fd559e522c3bf34deb1b3d68ff15d', 'ypclinic116@gmail.com', 'DefaultClinic.jpg', 'Fed Dept Health', '20 Smith St', 'Parramatta', '2', '2150', '(02) 9865 9333', 1, 1, NULL, 'admin', '2017-01-23 08:37:39', 'admin', '2017-01-23 08:37:39'),
(10117, 'b87fd559e522c3bf34deb1b3d68ff15d', 'ypclinic117@gmail.com', 'DefaultClinic.jpg', 'Fitzsimons Ross Dr', '152 Marsden St', 'Parramatta', '2', '2150', '(02) 9635 7077', 1, 1, NULL, 'admin', '2017-01-23 08:37:39', 'admin', '2017-01-23 08:37:39')
;

INSERT INTO `fd_rel_clinic_doctor` (`CLINIC_DOCTOR_ID`, `CLINIC_USER_ID`, `DOCTOR_ID`, `CREATE_USER`, `CREATE_DATE`, `UPDATE_USER`, `UPDATE_DATE`) VALUES
(10001, 10001, 10001, 'admin', '2016-08-16 00:00:00', 'admin', '2016-08-16 00:00:00'),
(10002, 10002, 10001, 'admin', '2016-08-16 00:00:00', 'admin', '2016-08-16 00:00:00'),
(10003, 10003, 10001, 'admin', '2016-08-16 00:00:00', 'admin', '2016-08-16 00:00:00'),
(10004, 10004, 10001, 'admin', '2016-08-16 00:00:00', 'admin', '2016-08-16 00:00:00'),
(10005, 10005, 10001, 'admin', '2016-08-16 00:00:00', 'admin', '2016-08-16 00:00:00'),
(10006, 10006, 10001, 'admin', '2016-08-16 00:00:00', 'admin', '2016-08-16 00:00:00'),
(10007, 10007, 10001, 'admin', '2016-08-16 00:00:00', 'admin', '2016-08-16 00:00:00'),
(10008, 10008, 10001, 'admin', '2016-08-16 00:00:00', 'admin', '2016-08-16 00:00:00'),
(10009, 10009, 10001, 'admin', '2016-08-16 00:00:00', 'admin', '2016-08-16 00:00:00'),
(10010, 10010, 10001, 'admin', '2016-08-16 00:00:00', 'admin', '2016-08-16 00:00:00'),
(10011, 10011, 10001, 'admin', '2016-08-16 00:00:00', 'admin', '2016-08-16 00:00:00'),
(10012, 10012, 10001, 'admin', '2016-08-16 00:00:00', 'admin', '2016-08-16 00:00:00'),
(10013, 10013, 10001, 'admin', '2016-08-16 00:00:00', 'admin', '2016-08-16 00:00:00'),
(10014, 10014, 10001, 'admin', '2016-08-16 00:00:00', 'admin', '2016-08-16 00:00:00'),
(10015, 10015, 10001, 'admin', '2016-08-16 00:00:00', 'admin', '2016-08-16 00:00:00'),
(10016, 10016, 10001, 'admin', '2016-08-16 00:00:00', 'admin', '2016-08-16 00:00:00'),
(10017, 10017, 10001, 'admin', '2016-08-16 00:00:00', 'admin', '2016-08-16 00:00:00'),
(10018, 10018, 10001, 'admin', '2016-08-16 00:00:00', 'admin', '2016-08-16 00:00:00'),
(10019, 10019, 10001, 'admin', '2016-08-16 00:00:00', 'admin', '2016-08-16 00:00:00'),
(10020, 10020, 10001, 'admin', '2016-08-16 00:00:00', 'admin', '2016-08-16 00:00:00'),
(10021, 10021, 10001, 'admin', '2016-08-16 00:00:00', 'admin', '2016-08-16 00:00:00'),
(10022, 10022, 10001, 'admin', '2016-08-16 00:00:00', 'admin', '2016-08-16 00:00:00'),
(10023, 10023, 10001, 'admin', '2016-08-16 00:00:00', 'admin', '2016-08-16 00:00:00'),
(10024, 10024, 10001, 'admin', '2016-08-16 00:00:00', 'admin', '2016-08-16 00:00:00'),
(10025, 10025, 10001, 'admin', '2016-08-16 00:00:00', 'admin', '2016-08-16 00:00:00'),
(10026, 10026, 10001, 'admin', '2016-08-16 00:00:00', 'admin', '2016-08-16 00:00:00'),
(10027, 10027, 10001, 'admin', '2016-08-16 00:00:00', 'admin', '2016-08-16 00:00:00'),
(10028, 10028, 10001, 'admin', '2016-08-16 00:00:00', 'admin', '2016-08-16 00:00:00'),
(10029, 10029, 10001, 'admin', '2016-08-16 00:00:00', 'admin', '2016-08-16 00:00:00'),
(10030, 10030, 10001, 'admin', '2016-08-16 00:00:00', 'admin', '2016-08-16 00:00:00'),
(10031, 10031, 10001, 'admin', '2016-08-16 00:00:00', 'admin', '2016-08-16 00:00:00'),
(10032, 10032, 10001, 'admin', '2016-08-16 00:00:00', 'admin', '2016-08-16 00:00:00'),
(10033, 10033, 10001, 'admin', '2016-08-16 00:00:00', 'admin', '2016-08-16 00:00:00'),
(10034, 10034, 10001, 'admin', '2016-08-16 00:00:00', 'admin', '2016-08-16 00:00:00'),
(10035, 10035, 10001, 'admin', '2016-08-16 00:00:00', 'admin', '2016-08-16 00:00:00'),
(10036, 10036, 10001, 'admin', '2016-08-16 00:00:00', 'admin', '2016-08-16 00:00:00'),
(10037, 10037, 10001, 'admin', '2016-08-16 00:00:00', 'admin', '2016-08-16 00:00:00'),
(10038, 10038, 10001, 'admin', '2016-08-16 00:00:00', 'admin', '2016-08-16 00:00:00'),
(10039, 10039, 10001, 'admin', '2016-08-16 00:00:00', 'admin', '2016-08-16 00:00:00'),
(10040, 10040, 10001, 'admin', '2016-08-16 00:00:00', 'admin', '2016-08-16 00:00:00'),
(10041, 10041, 10001, 'admin', '2016-08-16 00:00:00', 'admin', '2016-08-16 00:00:00'),
(10042, 10042, 10001, 'admin', '2016-08-16 00:00:00', 'admin', '2016-08-16 00:00:00'),
(10043, 10043, 10001, 'admin', '2016-08-16 00:00:00', 'admin', '2016-08-16 00:00:00'),
(10044, 10044, 10001, 'admin', '2016-08-16 00:00:00', 'admin', '2016-08-16 00:00:00'),
(10045, 10045, 10001, 'admin', '2016-08-16 00:00:00', 'admin', '2016-08-16 00:00:00'),
(10046, 10046, 10001, 'admin', '2016-08-16 00:00:00', 'admin', '2016-08-16 00:00:00'),
(10047, 10047, 10001, 'admin', '2016-08-16 00:00:00', 'admin', '2016-08-16 00:00:00'),
(10048, 10048, 10001, 'admin', '2016-08-16 00:00:00', 'admin', '2016-08-16 00:00:00'),
(10049, 10049, 10001, 'admin', '2016-08-16 00:00:00', 'admin', '2016-08-16 00:00:00'),
(10050, 10050, 10001, 'admin', '2016-08-16 00:00:00', 'admin', '2016-08-16 00:00:00'),
(10051, 10051, 10001, 'admin', '2016-08-16 00:00:00', 'admin', '2016-08-16 00:00:00'),
(10052, 10052, 10001, 'admin', '2016-08-16 00:00:00', 'admin', '2016-08-16 00:00:00'),
(10053, 10053, 10001, 'admin', '2016-08-16 00:00:00', 'admin', '2016-08-16 00:00:00'),
(10054, 10054, 10001, 'admin', '2016-08-16 00:00:00', 'admin', '2016-08-16 00:00:00'),
(10055, 10055, 10001, 'admin', '2016-08-16 00:00:00', 'admin', '2016-08-16 00:00:00'),
(10056, 10056, 10001, 'admin', '2016-08-16 00:00:00', 'admin', '2016-08-16 00:00:00'),
(10057, 10057, 10001, 'admin', '2016-08-16 00:00:00', 'admin', '2016-08-16 00:00:00'),
(10058, 10058, 10001, 'admin', '2016-08-16 00:00:00', 'admin', '2016-08-16 00:00:00'),
(10059, 10059, 10001, 'admin', '2016-08-16 00:00:00', 'admin', '2016-08-16 00:00:00'),
(10060, 10060, 10001, 'admin', '2016-08-16 00:00:00', 'admin', '2016-08-16 00:00:00'),
(10061, 10061, 10001, 'admin', '2016-08-16 00:00:00', 'admin', '2016-08-16 00:00:00'),
(10062, 10062, 10001, 'admin', '2016-08-16 00:00:00', 'admin', '2016-08-16 00:00:00'),
(10063, 10063, 10001, 'admin', '2016-08-16 00:00:00', 'admin', '2016-08-16 00:00:00'),
(10064, 10064, 10001, 'admin', '2016-08-16 00:00:00', 'admin', '2016-08-16 00:00:00'),
(10065, 10065, 10002, 'admin', '2016-08-16 00:00:00', 'admin', '2016-08-16 00:00:00'),
(10066, 10066, 10002, 'admin', '2016-08-16 00:00:00', 'admin', '2016-08-16 00:00:00'),
(10067, 10067, 10002, 'admin', '2016-08-16 00:00:00', 'admin', '2016-08-16 00:00:00'),
(10068, 10068, 10002, 'admin', '2016-08-16 00:00:00', 'admin', '2016-08-16 00:00:00'),
(10069, 10069, 10002, 'admin', '2016-08-16 00:00:00', 'admin', '2016-08-16 00:00:00'),
(10070, 10070, 10002, 'admin', '2016-08-16 00:00:00', 'admin', '2016-08-16 00:00:00'),
(10071, 10071, 10002, 'admin', '2016-08-16 00:00:00', 'admin', '2016-08-16 00:00:00'),
(10072, 10072, 10002, 'admin', '2016-08-16 00:00:00', 'admin', '2016-08-16 00:00:00'),
(10073, 10073, 10002, 'admin', '2016-08-16 00:00:00', 'admin', '2016-08-16 00:00:00'),
(10074, 10074, 10002, 'admin', '2016-08-16 00:00:00', 'admin', '2016-08-16 00:00:00'),
(10075, 10075, 10002, 'admin', '2016-08-16 00:00:00', 'admin', '2016-08-16 00:00:00'),
(10076, 10076, 10002, 'admin', '2016-08-16 00:00:00', 'admin', '2016-08-16 00:00:00'),
(10077, 10077, 10002, 'admin', '2016-08-16 00:00:00', 'admin', '2016-08-16 00:00:00'),
(10078, 10078, 10002, 'admin', '2016-08-16 00:00:00', 'admin', '2016-08-16 00:00:00'),
(10079, 10079, 10002, 'admin', '2016-08-16 00:00:00', 'admin', '2016-08-16 00:00:00'),
(10080, 10080, 10002, 'admin', '2016-08-16 00:00:00', 'admin', '2016-08-16 00:00:00'),
(10081, 10081, 10002, 'admin', '2016-08-16 00:00:00', 'admin', '2016-08-16 00:00:00'),
(10082, 10082, 10002, 'admin', '2016-08-16 00:00:00', 'admin', '2016-08-16 00:00:00'),
(10083, 10083, 10002, 'admin', '2016-08-16 00:00:00', 'admin', '2016-08-16 00:00:00'),
(10084, 10084, 10002, 'admin', '2016-08-16 00:00:00', 'admin', '2016-08-16 00:00:00'),
(10085, 10085, 10002, 'admin', '2016-08-16 00:00:00', 'admin', '2016-08-16 00:00:00'),
(10086, 10086, 10002, 'admin', '2016-08-16 00:00:00', 'admin', '2016-08-16 00:00:00'),
(10087, 10087, 10002, 'admin', '2016-08-16 00:00:00', 'admin', '2016-08-16 00:00:00'),
(10088, 10088, 10002, 'admin', '2016-08-16 00:00:00', 'admin', '2016-08-16 00:00:00'),
(10089, 10089, 10002, 'admin', '2016-08-16 00:00:00', 'admin', '2016-08-16 00:00:00'),
(10090, 10090, 10002, 'admin', '2016-08-16 00:00:00', 'admin', '2016-08-16 00:00:00'),
(10091, 10091, 10002, 'admin', '2016-08-16 00:00:00', 'admin', '2016-08-16 00:00:00'),
(10092, 10092, 10002, 'admin', '2016-08-16 00:00:00', 'admin', '2016-08-16 00:00:00'),
(10093, 10093, 10002, 'admin', '2016-08-16 00:00:00', 'admin', '2016-08-16 00:00:00'),
(10094, 10094, 10002, 'admin', '2016-08-16 00:00:00', 'admin', '2016-08-16 00:00:00'),
(10095, 10095, 10002, 'admin', '2016-08-16 00:00:00', 'admin', '2016-08-16 00:00:00'),
(10096, 10096, 10002, 'admin', '2016-08-16 00:00:00', 'admin', '2016-08-16 00:00:00'),
(10097, 10097, 10002, 'admin', '2016-08-16 00:00:00', 'admin', '2016-08-16 00:00:00'),
(10098, 10098, 10002, 'admin', '2016-08-16 00:00:00', 'admin', '2016-08-16 00:00:00'),
(10099, 10099, 10002, 'admin', '2016-08-16 00:00:00', 'admin', '2016-08-16 00:00:00'),
(10100, 10100, 10002, 'admin', '2016-08-16 00:00:00', 'admin', '2016-08-16 00:00:00'),
(10101, 10101, 10002, 'admin', '2016-08-16 00:00:00', 'admin', '2016-08-16 00:00:00'),
(10102, 10102, 10002, 'admin', '2016-08-16 00:00:00', 'admin', '2016-08-16 00:00:00'),
(10103, 10103, 10002, 'admin', '2016-08-16 00:00:00', 'admin', '2016-08-16 00:00:00'),
(10104, 10104, 10002, 'admin', '2016-08-16 00:00:00', 'admin', '2016-08-16 00:00:00'),
(10105, 10105, 10001, 'admin', '2016-08-16 00:00:00', 'admin', '2016-08-16 00:00:00'),
(10106, 10106, 10001, 'admin', '2016-08-16 00:00:00', 'admin', '2016-08-16 00:00:00'),
(10107, 10107, 10001, 'admin', '2016-08-16 00:00:00', 'admin', '2016-08-16 00:00:00'),
(10108, 10108, 10001, 'admin', '2016-08-16 00:00:00', 'admin', '2016-08-16 00:00:00'),
(10109, 10109, 10001, 'admin', '2016-08-16 00:00:00', 'admin', '2016-08-16 00:00:00'),
(10110, 10110, 10001, 'admin', '2016-08-16 00:00:00', 'admin', '2016-08-16 00:00:00'),
(10111, 10111, 10001, 'admin', '2016-08-16 00:00:00', 'admin', '2016-08-16 00:00:00'),
(10112, 10112, 10001, 'admin', '2016-08-16 00:00:00', 'admin', '2016-08-16 00:00:00'),
(10113, 10113, 10001, 'admin', '2016-08-16 00:00:00', 'admin', '2016-08-16 00:00:00'),
(10114, 10114, 10001, 'admin', '2016-08-16 00:00:00', 'admin', '2016-08-16 00:00:00'),
(10115, 10115, 10001, 'admin', '2016-08-16 00:00:00', 'admin', '2016-08-16 00:00:00'),
(10116, 10116, 10001, 'admin', '2016-08-16 00:00:00', 'admin', '2016-08-16 00:00:00'),
(10117, 10117, 10001, 'admin', '2016-08-16 00:00:00', 'admin', '2016-08-16 00:00:00')
;